"Enrichment FDR","nGenes","Pathway Genes","Fold Enrichment","Pathway","URL","Genes"
4.81207837463921e-21,30,530,11.3609731876862,"Path:hsa05200 Pathways in cancer","http://www.genome.jp/kegg-bin/show_pathway?hsa05200 "," CREBBP  CTNNB1  EGFR  EP300  FOXO1  ABL1  GNAQ  GNB1  GSTM1  GSTP1  IL6  JUN  NFKB1  PIK3R1  PLCG2  PRKACG  PRKCA  PRKCB  MAPK8  PTGS2  BAX  RAC3  STAT4  STK4  TP53  TRAF2  CAMK2A  CASP3  CASP8  GSTO1"
1.4524579317859e-20,44,1538,5.7420436657313,"Path:hsa01100 Metabolic pathways","http://www.genome.jp/kegg-bin/show_pathway?hsa01100 "," PTGES3  AHCYL1  ALDH1L1  SDS  CYP1A1  CYP1A2  CYP2A6  CYP2C9  CYP2J2  CYP3A4  DNMT1  AGXT  DHFR2  EPHX2  ALDH1A1  SIRT1  KDSR  GAA  GAD1  GATM  HPGDS  AMY2A  GSTM1  GSTP1  GYG1  GYS1  HK1  HK3  HSD3B1  KMT2A  PLCG2  SPHK2  AKR1B10  PSPH  PTGS2  PYGM  SRR  SHMT2  EHMT1  NUDT12  AKR1C3  CBR1  GSTO1  SPTLC2"
4.09269452912513e-18,20,214,18.7579931136252,"Path:hsa05417 Lipid and atherosclerosis","http://www.genome.jp/kegg-bin/show_pathway?hsa05417 "," CYP1A1  CYP2A6  CYP2C9  CYP2J2  IL6  JUN  NFKB1  PDPK1  PIK3R1  PRKCA  MAPK8  BAX  RAP1A  RAP1B  MAP3K7  TP53  TRAF2  CAMK2A  CASP3  CASP8"
1.15320868547265e-17,19,194,19.6572164948454,"Path:hsa05167 Kaposi sarcoma-associated herpesvirus infection","http://www.genome.jp/kegg-bin/show_pathway?hsa05167 "," CREB1  CREBBP  CTNNB1  EP300  GNB1  IL6  JUN  NFKB1  PIK3R1  PLCG2  MAPK8  PTGS2  BAX  TP53  TRAF2  UBB  UBC  CASP3  CASP8"
2.16320939034795e-16,16,131,24.514262756127,"Path:hsa04068 FoxO signaling pathway","http://www.genome.jp/kegg-bin/show_pathway?hsa04068 "," CREBBP  EGFR  EP300  FOXO1  FOXO3  SIRT1  IL6  FOXO4  ATM  PRKAG2  PDPK1  PIK3R1  PRKAG3  PRKAA2  MAPK8  STK4"
2.58414755917907e-15,18,224,16.1285244360902,"Path:hsa05163 Human cytomegalovirus infection","http://www.genome.jp/kegg-bin/show_pathway?hsa05163 "," CREB1  CTNNB1  EGFR  GNAQ  GNB1  IL6  NFKB1  PIK3R1  PRKACG  PRKCA  PRKCB  PTGS2  BAX  RAC3  TP53  TRAF2  CASP3  CASP8"
4.30829022874218e-15,16,162,19.8232618583496,"Path:hsa05161 Hepatitis B","http://www.genome.jp/kegg-bin/show_pathway?hsa05161 "," CREB1  CREBBP  EP300  IL6  JUN  NFKB1  PIK3R1  PRKCA  PRKCB  MAPK8  BAX  STAT4  MAP3K7  TP53  CASP3  CASP8"
4.30829022874218e-15,16,161,19.9463877084014,"Path:hsa05206 MicroRNAs in cancer","http://www.genome.jp/kegg-bin/show_pathway?hsa05206 "," CREBBP  DNMT1  EGFR  EP300  SIRT1  ABL1  ATM  NFKB1  PIK3R1  PLCG2  PRKCA  PRKCB  PTGS2  BRCA1  TP53  CASP3"
9.08216725556598e-15,18,246,14.686136071887,"Path:hsa05131 Shigellosis","http://www.genome.jp/kegg-bin/show_pathway?hsa05131 "," EGFR  FOXO1  FOXO3  HK1  HK3  JUN  FOXO4  ATM  NFKB1  PIK3R1  PLCG2  MAPK8  BAX  MAP3K7  TP53  TRAF2  UBB  UBC"
1.53097416458819e-14,13,89,29.3172678888232,"Path:hsa04211 Longevity regulating pathway","http://www.genome.jp/kegg-bin/show_pathway?hsa04211 "," CREB1  FOXO1  FOXO3  SIRT1  NFKB1  PRKAG2  PIK3R1  PRKAG3  PRKAA2  PRKACG  BAX  TP53  EHMT1"
2.10732615815005e-14,14,119,23.6130030959752,"Path:hsa04071 Sphingolipid signaling pathway","http://www.genome.jp/kegg-bin/show_pathway?hsa04071 "," FYN  GNAQ  NFKB1  PDPK1  PIK3R1  PRKCA  PRKCB  MAPK8  SPHK2  BAX  RAC3  TP53  TRAF2  SPTLC2"
2.10732615815005e-14,14,119,23.6130030959752,"Path:hsa04722 Neurotrophin signaling pathway","http://www.genome.jp/kegg-bin/show_pathway?hsa04722 "," FOXO3  ABL1  JUN  NFKB1  PDPK1  PIK3R1  PLCG2  MAPK8  BAX  RAP1A  RAP1B  TP53  TP73  CAMK2A"
1.24282285068449e-13,13,106,24.6154419066534,"Path:hsa04922 Glucagon signaling pathway","http://www.genome.jp/kegg-bin/show_pathway?hsa04922 "," CREB1  CREBBP  EP300  FOXO1  SIRT1  GNAQ  GYS1  PRKAG2  PRKAG3  PRKAA2  PRKACG  PYGM  CAMK2A"
1.43846215249025e-13,13,108,24.1596003898635,"Path:hsa04931 Insulin resistance","http://www.genome.jp/kegg-bin/show_pathway?hsa04931 "," CREB1  FOXO1  GYS1  IL6  NFKB1  PRKAG2  PDPK1  PIK3R1  PRKAG3  PRKAA2  PRKCB  MAPK8  PYGM"
1.43846215249025e-13,16,210,15.2922305764411,"Path:hsa05170 Human immunodeficiency virus 1 infection","http://www.genome.jp/kegg-bin/show_pathway?hsa05170 "," GNAQ  GNB1  JUN  ATM  NFKB1  PIK3R1  PLCG2  PRKCA  PRKCB  MAPK8  BAX  RAC3  MAP3K7  TRAF2  CASP3  CASP8"
3.46332985376054e-13,16,223,14.4007552513571,"Path:hsa05208 Chemical carcinogenesis-reactive oxygen species","http://www.genome.jp/kegg-bin/show_pathway?hsa05208 "," CYP1A1  CYP1A2  EGFR  EPHX2  FOXO3  ABL1  GSTM1  JUN  NFKB1  PDPK1  PIK3R1  PRKD1  MAPK8  AKR1C3  CBR1  GSTO1"
7.39076953293119e-13,16,235,13.6653975363942,"Path:hsa04014 Ras signaling pathway","http://www.genome.jp/kegg-bin/show_pathway?hsa04014 "," EGFR  ABL1  GNB1  GRIN2A  FOXO4  NFKB1  PIK3R1  PLCG2  PRKACG  PRKCA  PRKCB  MAPK8  RAC3  RAP1A  RAP1B  STK4"
8.79532420277393e-13,15,197,15.282527384451,"Path:hsa05207 Chemical carcinogenesis-receptor activation","http://www.genome.jp/kegg-bin/show_pathway?hsa05207 "," PTGES3  CREB1  CYP1A1  CYP1A2  CYP3A4  EGFR  EPHX2  GSTM1  JUN  NFKB1  PIK3R1  PRKACG  PRKCA  PRKCB  GSTO1"
1.20558963975497e-12,15,202,14.9042470036477,"Path:hsa05203 Viral carcinogenesis","http://www.genome.jp/kegg-bin/show_pathway?hsa05203 "," CREB1  CREBBP  EP300  JUN  NFKB1  PIK3R1  PRKACG  BAX  TP53  TRAF2  YWHAG  CASP3  H4C6  H4C14  CASP8"
3.33633015027611e-12,12,109,22.0965717044906,"Path:hsa04066 HIF-1 signaling pathway","http://www.genome.jp/kegg-bin/show_pathway?hsa04066 "," CREBBP  EGFR  EP300  HK1  HK3  IL6  NFKB1  PIK3R1  PLCG2  PRKCA  PRKCB  CAMK2A"
3.33633015027611e-12,13,141,18.5052258305338,"Path:hsa04936 Alcoholic liver disease","http://www.genome.jp/kegg-bin/show_pathway?hsa04936 "," CTNNB1  FOXO1  FOXO3  SIRT1  IL6  NFKB1  PRKAG2  PRKAG3  PRKAA2  MAPK8  MAP3K7  CASP3  CASP8"
3.88836663763093e-12,15,221,13.6228864015242,"Path:hsa04024 cAMP signaling pathway","http://www.genome.jp/kegg-bin/show_pathway?hsa04024 "," CREB1  CREBBP  EP300  GRIN2A  JUN  NFKB1  PIK3R1  POMC  PRKACG  MAPK8  RAC3  RAP1A  RAP1B  TSHR  CAMK2A"
1.02937418683244e-11,13,155,16.8337860780985,"Path:hsa04934 Cushing syndrome","http://www.genome.jp/kegg-bin/show_pathway?hsa04934 "," WDR5  CREB1  CTNNB1  EGFR  GNAQ  HSD3B1  MEN1  KMT2A  POMC  PRKACG  RAP1A  RAP1B  CAMK2A"
1.32960303066564e-11,10,67,29.9567949725059,"Path:hsa04720 Long-term potentiation","http://www.genome.jp/kegg-bin/show_pathway?hsa04720 "," CREBBP  EP300  GNAQ  GRIN2A  PRKACG  PRKCA  PRKCB  RAP1A  RAP1B  CAMK2A"
1.49030316875027e-11,10,68,29.516253869969,"Path:hsa05204 Chemical carcinogenesis-DNA adducts","http://www.genome.jp/kegg-bin/show_pathway?hsa05204 "," CYP1A1  CYP1A2  CYP2A6  CYP2C9  CYP3A4  HPGDS  GSTM1  GSTP1  PTGS2  CBR1"
1.52310945224634e-11,16,294,10.9230218403151,"Path:hsa04010 MAPK signaling pathway","http://www.genome.jp/kegg-bin/show_pathway?hsa04010 "," EGFR  JUN  JUND  NFKB1  PRKACG  PRKCA  PRKCB  MAPK8  RAC3  RAP1A  RAP1B  STK4  MAP3K7  TP53  TRAF2  CASP3"
1.91221329311009e-11,11,97,22.7609875203473,"Path:hsa05215 Prostate cancer","http://www.genome.jp/kegg-bin/show_pathway?hsa05215 "," CREB1  CREBBP  CTNNB1  EGFR  EP300  FOXO1  GSTP1  NFKB1  PDPK1  PIK3R1  TP53"
2.41363516372458e-11,10,72,27.8764619883041,"Path:hsa05223 Non-small cell lung cancer","http://www.genome.jp/kegg-bin/show_pathway?hsa05223 "," EGFR  FOXO3  PDPK1  PIK3R1  PLCG2  PRKCA  PRKCB  BAX  STK4  TP53"
2.50366677190308e-11,11,100,22.0781578947368,"Path:hsa04933 AGE-RAGE signaling pathway in diabetic complications","http://www.genome.jp/kegg-bin/show_pathway?hsa04933 "," FOXO1  IL6  JUN  NFKB1  PIK3R1  PLCG2  PRKCA  PRKCB  MAPK8  BAX  CASP3"
2.59950796186544e-11,10,73,27.4945926459986,"Path:hsa01524 Platinum drug resistance","http://www.genome.jp/kegg-bin/show_pathway?hsa01524 "," GSTM1  GSTP1  ATM  PDPK1  PIK3R1  BAX  BRCA1  TP53  CASP3  CASP8"
3.27181254721235e-11,12,136,17.7097523219814,"Path:hsa04210 Apoptosis","http://www.genome.jp/kegg-bin/show_pathway?hsa04210 "," PARP1  JUN  ATM  NFKB1  PDPK1  PIK3R1  MAPK8  BAX  TP53  TRAF2  CASP3  CASP8"
3.45951813735168e-11,12,137,17.5804840568575,"Path:hsa04910 Insulin signaling pathway","http://www.genome.jp/kegg-bin/show_pathway?hsa04910 "," FOXO1  GYS1  HK1  HK3  PRKAG2  PDPK1  PIK3R1  PRKAG3  PRKAA2  PRKACG  MAPK8  PYGM"
3.65902262554075e-11,12,138,17.4530892448513,"Path:hsa05418 Fluid shear stress and atherosclerosis","http://www.genome.jp/kegg-bin/show_pathway?hsa05418 "," CTNNB1  GSTM1  GSTP1  JUN  NFKB1  PIK3R1  PRKAA2  MAPK8  RAC3  MAP3K7  TP53  GSTO1"
4.39364965385487e-11,14,222,12.6574205784732,"Path:hsa05166 Human T-cell leukemia virus 1 infection","http://www.genome.jp/kegg-bin/show_pathway?hsa05166 "," CREB1  CREBBP  EP300  IL6  ITGB2  JUN  ATM  NFKB1  PIK3R1  PRKACG  MAPK8  BAX  BUB1B  TP53"
7.31389165074992e-11,11,112,19.7126409774436,"Path:hsa04668 TNF signaling pathway","http://www.genome.jp/kegg-bin/show_pathway?hsa04668 "," CREB1  IL6  JUN  NFKB1  PIK3R1  MAPK8  PTGS2  MAP3K7  TRAF2  CASP3  CASP8"
1.33210857807699e-10,12,155,15.5388794567063,"Path:hsa04932 Non-alcoholic fatty liver disease","http://www.genome.jp/kegg-bin/show_pathway?hsa04932 "," IL6  JUN  NFKB1  PRKAG2  PIK3R1  PRKAG3  PRKAA2  MAPK8  BAX  TRAF2  CASP3  CASP8"
1.57896835099039e-10,11,121,18.2464114832536,"Path:hsa04152 AMPK signaling pathway","http://www.genome.jp/kegg-bin/show_pathway?hsa04152 "," CREB1  FOXO1  FOXO3  SIRT1  GYS1  PRKAG2  PDPK1  PIK3R1  PRKAG3  PRKAA2  MAP3K7"
1.57896835099039e-10,11,121,18.2464114832536,"Path:hsa04919 Thyroid hormone signaling pathway","http://www.genome.jp/kegg-bin/show_pathway?hsa04919 "," CREBBP  CTNNB1  EP300  FOXO1  PDPK1  PIK3R1  PLCG2  PRKACG  PRKCA  PRKCB  TP53"
2.39340744980992e-10,10,93,21.5817770232032,"Path:hsa04657 IL-17 signaling pathway","http://www.genome.jp/kegg-bin/show_pathway?hsa04657 "," IL6  JUN  JUND  NFKB1  MAPK8  PTGS2  MAP3K7  TRAF2  CASP3  CASP8"
3.55128008997797e-10,12,170,14.1678018575851,"Path:hsa04310 Wnt signaling pathway","http://www.genome.jp/kegg-bin/show_pathway?hsa04310 "," CREBBP  CTNNB1  EP300  JUN  PRKACG  PRKCA  PRKCB  MAPK8  RAC3  MAP3K7  TP53  CAMK2A"
3.82713673684164e-10,9,69,26.1796338672769,"Path:hsa05031 Amphetamine addiction","http://www.genome.jp/kegg-bin/show_pathway?hsa05031 "," CREB1  SIRT1  GRIN2A  JUN  PDYN  PRKACG  PRKCA  PRKCB  CAMK2A"
5.11256421246233e-10,10,101,19.872329338197,"Path:hsa04916 Melanogenesis","http://www.genome.jp/kegg-bin/show_pathway?hsa04916 "," CREB1  CREBBP  CTNNB1  EP300  GNAQ  POMC  PRKACG  PRKCA  PRKCB  CAMK2A"
6.03297266192323e-10,12,179,13.4554542781535,"Path:hsa05152 Tuberculosis","http://www.genome.jp/kegg-bin/show_pathway?hsa05152 "," CREB1  CREBBP  EP300  IL6  ITGB2  NFKB1  MAPK8  SPHK2  BAX  CAMK2A  CASP3  CASP8"
6.11179265819398e-10,11,139,15.8835668307459,"Path:hsa05162 Measles","http://www.genome.jp/kegg-bin/show_pathway?hsa05162 "," IL6  JUN  NFKB1  PIK3R1  MAPK8  BAX  MAP3K7  TP53  TP73  CASP3  CASP8"
6.11179265819398e-10,15,331,9.09564318651614,"Path:hsa05165 Human papillomavirus infection","http://www.genome.jp/kegg-bin/show_pathway?hsa05165 "," CREB1  CREBBP  CTNNB1  EGFR  EP300  FOXO1  ATM  NFKB1  PIK3R1  PRKACG  PTGS2  BAX  TP53  CASP3  CASP8"
7.3742696519381e-10,9,75,24.0852631578947,"Path:hsa00980 Metabolism of xenobiotics by cytochrome P450","http://www.genome.jp/kegg-bin/show_pathway?hsa00980 "," CYP1A1  CYP1A2  CYP2A6  CYP2C9  CYP3A4  HPGDS  GSTM1  GSTP1  CBR1"
1.23653772284728e-09,17,476,7.16823308270677,"Path:hsa05022 Pathways of neurodegeneration-multiple diseases","http://www.genome.jp/kegg-bin/show_pathway?hsa05022 "," CTNNB1  GNAQ  GRIN2A  IL6  NFKB1  PDYN  PRKCA  PRKCB  MAPK8  PTGS2  BAX  TRAF2  UBB  UBC  CAMK2A  CASP3  CASP8"
1.71498924145823e-09,11,154,14.3364661654135,"Path:hsa04921 Oxytocin signaling pathway","http://www.genome.jp/kegg-bin/show_pathway?hsa04921 "," EGFR  GNAQ  JUN  PRKAG2  PRKAG3  PRKAA2  PRKACG  PRKCA  PRKCB  PTGS2  CAMK2A"
1.91307690823744e-09,12,200,12.0426315789474,"Path:hsa04510 Focal adhesion","http://www.genome.jp/kegg-bin/show_pathway?hsa04510 "," CTNNB1  EGFR  FYN  JUN  PDPK1  PIK3R1  PRKCA  PRKCB  MAPK8  RAC3  RAP1A  RAP1B"
1.91585446576032e-09,9,84,21.5046992481203,"Path:hsa04012 ErbB signaling pathway","http://www.genome.jp/kegg-bin/show_pathway?hsa04012 "," EGFR  ABL1  JUN  PIK3R1  PLCG2  PRKCA  PRKCB  MAPK8  CAMK2A"
2.06109060378791e-09,12,202,11.9233976029182,"Path:hsa05169 Epstein-Barr virus infection","http://www.genome.jp/kegg-bin/show_pathway?hsa05169 "," IL6  JUN  NFKB1  PIK3R1  PLCG2  MAPK8  BAX  MAP3K7  TP53  TRAF2  CASP3  CASP8"
2.24737718568052e-09,7,36,39.0270467836257,"Path:hsa00500 Starch and sucrose metabolism","http://www.genome.jp/kegg-bin/show_pathway?hsa00500 "," GAA  AMY2A  GYG1  GYS1  HK1  HK3  PYGM"
2.24737718568052e-09,10,120,16.7258771929825,"Path:hsa04935 Growth hormone synthesis secretion and action","http://www.genome.jp/kegg-bin/show_pathway?hsa04935 "," CREB1  CREBBP  EP300  GNAQ  PIK3R1  PLCG2  PRKACG  PRKCA  PRKCB  MAPK8"
2.24737718568052e-09,9,86,21.0045899632803,"Path:hsa05210 Colorectal cancer","http://www.genome.jp/kegg-bin/show_pathway?hsa05210 "," CTNNB1  EGFR  JUN  PIK3R1  MAPK8  BAX  RAC3  TP53  CASP3"
2.9851170848963e-09,12,210,11.4691729323308,"Path:hsa04015 Rap1 signaling pathway","http://www.genome.jp/kegg-bin/show_pathway?hsa04015 "," CTNNB1  EGFR  GNAQ  GRIN2A  ITGB2  PIK3R1  PRKCA  PRKCB  PRKD1  RAC3  RAP1A  RAP1B"
3.23647929699291e-09,8,61,26.3226919758412,"Path:hsa00590 Arachidonic acid metabolism","http://www.genome.jp/kegg-bin/show_pathway?hsa00590 "," PTGES3  CYP2C9  CYP2J2  EPHX2  HPGDS  PTGS2  AKR1C3  CBR1"
3.37649175349673e-09,10,126,15.9294068504595,"Path:hsa04380 Osteoclast differentiation","http://www.genome.jp/kegg-bin/show_pathway?hsa04380 "," CREB1  FYN  JUN  JUND  NFKB1  PIK3R1  PLCG2  MAPK8  MAP3K7  TRAF2"
3.37649175349673e-09,11,167,13.2204538291837,"Path:hsa05225 Hepatocellular carcinoma","http://www.genome.jp/kegg-bin/show_pathway?hsa05225 "," CTNNB1  EGFR  GSTM1  GSTP1  PIK3R1  PLCG2  PRKCA  PRKCB  BAX  TP53  GSTO1"
3.51249205158091e-09,8,62,25.8981324278438,"Path:hsa04213 Longevity regulating pathway-multiple species","http://www.genome.jp/kegg-bin/show_pathway?hsa04213 "," FOXO1  FOXO3  SIRT1  PRKAG2  PIK3R1  PRKAG3  PRKAA2  PRKACG"
6.33489725656475e-09,9,98,18.4325993555317,"Path:hsa04750 Inflammatory mediator regulation of TRP channels","http://www.genome.jp/kegg-bin/show_pathway?hsa04750 "," CYP2J2  GNAQ  PIK3R1  PLCG2  PRKACG  PRKCA  PRKCB  MAPK8  CAMK2A"
6.33489725656475e-09,9,98,18.4325993555317,"Path:hsa04925 Aldosterone synthesis and secretion","http://www.genome.jp/kegg-bin/show_pathway?hsa04925 "," CREB1  GNAQ  HSD3B1  POMC  PRKACG  PRKCA  PRKCB  PRKD1  CAMK2A"
8.92256681948489e-09,9,102,17.7097523219814,"Path:hsa05146 Amoebiasis","http://www.genome.jp/kegg-bin/show_pathway?hsa05146 "," GNAQ  IL6  ITGB2  NFKB1  PIK3R1  PRKACG  PRKCA  PRKCB  CASP3"
1.10889977179309e-08,14,354,7.93770443056794,"Path:hsa04151 PI3K-Akt signaling pathway","http://www.genome.jp/kegg-bin/show_pathway?hsa04151 "," CREB1  EGFR  FOXO3  GNB1  GYS1  IL6  NFKB1  PDPK1  PIK3R1  PRKAA2  PRKCA  BRCA1  TP53  YWHAG"
1.26683735369446e-08,11,191,11.5592449710664,"Path:hsa04062 Chemokine signaling pathway","http://www.genome.jp/kegg-bin/show_pathway?hsa04062 "," FOXO3  GNAQ  GNB1  NFKB1  PIK3R1  PLCG2  PRKACG  PRKCB  RAC3  RAP1A  RAP1B"
1.50782952764306e-08,8,75,21.4091228070175,"Path:hsa05214 Glioma","http://www.genome.jp/kegg-bin/show_pathway?hsa05214 "," EGFR  PIK3R1  PLCG2  PRKCA  PRKCB  BAX  TP53  CAMK2A"
1.69930672831713e-08,11,197,11.2071867485974,"Path:hsa05130 Pathogenic Escherichia coli infection","http://www.genome.jp/kegg-bin/show_pathway?hsa05130 "," ABL1  FYN  IL6  JUN  NFKB1  MAPK8  BAX  MAP3K7  TRAF2  CASP3  CASP8"
1.90042794029448e-08,9,112,16.1285244360902,"Path:hsa04726 Serotonergic synapse","http://www.genome.jp/kegg-bin/show_pathway?hsa04726 "," CYP2C9  CYP2J2  GNAQ  GNB1  PRKACG  PRKCA  PRKCB  PTGS2  CASP3"
2.02611936966229e-08,9,113,15.9857941313461,"Path:hsa04725 Cholinergic synapse","http://www.genome.jp/kegg-bin/show_pathway?hsa04725 "," CREB1  FYN  GNAQ  GNB1  PIK3R1  PRKACG  PRKCA  PRKCB  CAMK2A"
2.11258771679466e-08,11,202,10.9297811360083,"Path:hsa05205 Proteoglycans in cancer","http://www.genome.jp/kegg-bin/show_pathway?hsa05205 "," CTNNB1  EGFR  PDPK1  PIK3R1  PLCG2  PRKACG  PRKCA  PRKCB  TP53  CAMK2A  CASP3"
2.12968384103322e-08,8,79,20.3251165889407,"Path:hsa01521 EGFR tyrosine kinase inhibitor resistance","http://www.genome.jp/kegg-bin/show_pathway?hsa01521 "," EGFR  FOXO3  IL6  PIK3R1  PLCG2  PRKCA  PRKCB  BAX"
2.3356973488821e-08,10,157,12.7841099564197,"Path:hsa05160 Hepatitis C","http://www.genome.jp/kegg-bin/show_pathway?hsa05160 "," CTNNB1  EGFR  NFKB1  PIK3R1  BAX  TP53  TRAF2  YWHAG  CASP3  CASP8"
5.23251431048313e-08,10,171,11.7374576792859,"Path:hsa05164 Influenza A","http://www.genome.jp/kegg-bin/show_pathway?hsa05164 "," CREBBP  EP300  IL6  NFKB1  PIK3R1  PRKCA  PRKCB  BAX  CASP3  CASP8"
5.47182660339111e-08,7,58,24.2236842105263,"Path:hsa05213 Endometrial cancer","http://www.genome.jp/kegg-bin/show_pathway?hsa05213 "," CTNNB1  EGFR  FOXO3  PDPK1  PIK3R1  BAX  TP53"
5.98136505471675e-08,9,129,14.0030599755202,"Path:hsa04926 Relaxin signaling pathway","http://www.genome.jp/kegg-bin/show_pathway?hsa04926 "," CREB1  EGFR  GNB1  JUN  NFKB1  PIK3R1  PRKACG  PRKCA  MAPK8"
6.01816204387178e-08,7,59,23.8131132917038,"Path:hsa04370 VEGF signaling pathway","http://www.genome.jp/kegg-bin/show_pathway?hsa04370 "," PIK3R1  PLCG2  PRKCA  PRKCB  SPHK2  PTGS2  RAC3"
7.12139639983512e-08,9,132,13.6848086124402,"Path:hsa04728 Dopaminergic synapse","http://www.genome.jp/kegg-bin/show_pathway?hsa04728 "," CREB1  GNAQ  GNB1  GRIN2A  PRKACG  PRKCA  PRKCB  MAPK8  CAMK2A"
7.13382627666489e-08,8,93,17.2654216185625,"Path:hsa04912 GnRH signaling pathway","http://www.genome.jp/kegg-bin/show_pathway?hsa04912 "," EGFR  GNAQ  JUN  PRKACG  PRKCA  PRKCB  MAPK8  CAMK2A"
7.85008448687065e-08,11,232,9.51644736842105,"Path:hsa05171 Coronavirus disease-COVID-19","http://www.genome.jp/kegg-bin/show_pathway?hsa05171 "," EGFR  FAU  IL6  JUN  NFKB1  PIK3R1  PLCG2  PRKCA  PRKCB  MAPK8  MAP3K7"
9.4754475953851e-08,9,137,13.1853630426431,"Path:hsa05135 Yersinia infection","http://www.genome.jp/kegg-bin/show_pathway?hsa05135 "," GNAQ  IL6  JUN  NFKB1  PIK3R1  MAPK8  RAC3  MAP3K7  TRAF2"
9.58440819209367e-08,8,97,16.5534454693435,"Path:hsa04713 Circadian entrainment","http://www.genome.jp/kegg-bin/show_pathway?hsa04713 "," CREB1  GNAQ  GNB1  GRIN2A  PRKACG  PRKCA  PRKCB  CAMK2A"
1.02651052455273e-07,8,98,16.3845327604726,"Path:hsa05231 Choline metabolism in cancer","http://www.genome.jp/kegg-bin/show_pathway?hsa05231 "," EGFR  JUN  PDPK1  PIK3R1  PRKCA  PRKCB  MAPK8  RAC3"
1.19061025652944e-07,10,189,10.619604566973,"Path:hsa04613 Neutrophil extracellular trap formation","http://www.genome.jp/kegg-bin/show_pathway?hsa04613 "," HDAC6  ITGB2  NFKB1  PIK3R1  PLCG2  PRKCA  PRKCB  MAP3K7  H4C6  H4C14"
1.19260043215484e-07,6,39,30.8785425101215,"Path:hsa00260 Glycine serine and threonine metabolism","http://www.genome.jp/kegg-bin/show_pathway?hsa00260 "," SDS  AGXT  GATM  PSPH  SRR  SHMT2"
1.47169499387735e-07,7,68,20.6613777089783,"Path:hsa04664 Fc epsilon RI signaling pathway","http://www.genome.jp/kegg-bin/show_pathway?hsa04664 "," FYN  PDPK1  PIK3R1  PLCG2  PRKCA  MAPK8  RAC3"
1.54383348850811e-07,8,104,15.4392712550607,"Path:hsa04064 NF-kappa B signaling pathway","http://www.genome.jp/kegg-bin/show_pathway?hsa04064 "," PARP1  ATM  NFKB1  PLCG2  PRKCB  PTGS2  MAP3K7  TRAF2"
1.54383348850811e-07,8,104,15.4392712550607,"Path:hsa04625 C-type lectin receptor signaling pathway","http://www.genome.jp/kegg-bin/show_pathway?hsa04625 "," IL6  JUN  NFKB1  PIK3R1  PLCG2  MAPK8  PTGS2  CASP8"
1.5570180327845e-07,7,69,20.3619374523265,"Path:hsa00982 Drug metabolism-cytochrome P450","http://www.genome.jp/kegg-bin/show_pathway?hsa00982 "," CYP1A2  CYP2A6  CYP2C9  CYP3A4  HPGDS  GSTM1  GSTP1"
1.5570180327845e-07,7,69,20.3619374523265,"Path:hsa04920 Adipocytokine signaling pathway","http://www.genome.jp/kegg-bin/show_pathway?hsa04920 "," NFKB1  PRKAG2  PRKAG3  POMC  PRKAA2  MAPK8  TRAF2"
1.73231090658856e-07,8,106,15.1479642502483,"Path:hsa04928 Parathyroid hormone synthesis secretion and action","http://www.genome.jp/kegg-bin/show_pathway?hsa04928 "," CREB1  EGFR  GNAQ  JUND  PRKACG  PRKCA  PRKCB  RUNX2"
1.86128749821232e-07,7,71,19.788361749444,"Path:hsa04520 Adherens junction","http://www.genome.jp/kegg-bin/show_pathway?hsa04520 "," CREBBP  CTNNB1  EGFR  EP300  FYN  RAC3  MAP3K7"
2.95893959437923e-07,8,114,14.0849492151431,"Path:hsa04670 Leukocyte transendothelial migration","http://www.genome.jp/kegg-bin/show_pathway?hsa04670 "," CTNNB1  ITGB2  PIK3R1  PLCG2  PRKCA  PRKCB  RAP1A  RAP1B"
2.95893959437923e-07,7,76,18.4864958448753,"Path:hsa05212 Pancreatic cancer","http://www.genome.jp/kegg-bin/show_pathway?hsa05212 "," EGFR  NFKB1  PIK3R1  MAPK8  BAX  RAC3  TP53"
4.38096454950666e-07,6,49,24.5767991407089,"Path:hsa05030 Cocaine addiction","http://www.genome.jp/kegg-bin/show_pathway?hsa05030 "," CREB1  GRIN2A  JUN  NFKB1  PDYN  PRKACG"
5.53713405904297e-07,6,51,23.6130030959752,"Path:hsa04913 Ovarian steroidogenesis","http://www.genome.jp/kegg-bin/show_pathway?hsa04913 "," CYP1A1  CYP2J2  HSD3B1  PRKACG  PTGS2  AKR1C3"
7.91714137930078e-07,8,130,12.3514170040486,"Path:hsa04650 Natural killer cell mediated cytotoxicity","http://www.genome.jp/kegg-bin/show_pathway?hsa04650 "," FYN  ITGB2  PIK3R1  PLCG2  PRKCA  PRKCB  RAC3  CASP3"
1.05480767692702e-06,7,92,15.2714530892449,"Path:hsa05222 Small cell lung cancer","http://www.genome.jp/kegg-bin/show_pathway?hsa05222 "," NFKB1  PIK3R1  PTGS2  BAX  TP53  TRAF2  CASP3"
1.29838942241934e-06,7,95,14.7891966759003,"Path:hsa01522 Endocrine resistance","http://www.genome.jp/kegg-bin/show_pathway?hsa01522 "," EGFR  JUN  PIK3R1  PRKACG  MAPK8  BAX  TP53"
1.29838942241934e-06,10,249,8.06066370746142,"Path:hsa05132 Salmonella infection","http://www.genome.jp/kegg-bin/show_pathway?hsa05132 "," CTNNB1  IL6  JUN  NFKB1  MAPK8  BAX  MAP3K7  TRAF2  CASP3  CASP8"
1.4043407335199e-06,9,193,9.35955822197982,"Path:hsa05202 Transcriptional misregulation in cancer","http://www.genome.jp/kegg-bin/show_pathway?hsa05202 "," FOXO1  IL6  MEN1  KMT2A  ATM  NFKB1  BAX  TP53  RUNX2"
1.4043407335199e-06,6,60,20.0710526315789,"Path:hsa05416 Viral myocarditis","http://www.genome.jp/kegg-bin/show_pathway?hsa05416 "," ABL1  FYN  ITGB2  RAC3  CASP3  CASP8"
1.46375444481698e-06,8,142,11.3076352853966,"Path:hsa05017 Spinocerebellar ataxia","http://www.genome.jp/kegg-bin/show_pathway?hsa05017 "," GNAQ  GRIN2A  PDYN  PIK3R1  PRKCA  PRKCB  MAPK8  TRAF2"
1.87863159693474e-06,7,101,13.9106305367379,"Path:hsa05142 Chagas disease","http://www.genome.jp/kegg-bin/show_pathway?hsa05142 "," GNAQ  IL6  JUN  NFKB1  PIK3R1  MAPK8  CASP8"
2.10522414336955e-06,7,103,13.6405212059274,"Path:hsa04620 Toll-like receptor signaling pathway","http://www.genome.jp/kegg-bin/show_pathway?hsa04620 "," IL6  JUN  NFKB1  PIK3R1  MAPK8  MAP3K7  CASP8"
2.10522414336955e-06,7,103,13.6405212059274,"Path:hsa04660 T cell receptor signaling pathway","http://www.genome.jp/kegg-bin/show_pathway?hsa04660 "," FYN  JUN  NFKB1  PDPK1  PIK3R1  MAPK8  MAP3K7"
2.78595460679222e-06,6,68,17.7097523219814,"Path:hsa00830 Retinol metabolism","http://www.genome.jp/kegg-bin/show_pathway?hsa00830 "," CYP1A1  CYP1A2  CYP2A6  CYP2C9  CYP3A4  ALDH1A1"
2.78595460679222e-06,6,68,17.7097523219814,"Path:hsa05211 Renal cell carcinoma","http://www.genome.jp/kegg-bin/show_pathway?hsa05211 "," CREBBP  EP300  JUN  PIK3R1  RAP1A  RAP1B"
2.81842386132319e-06,8,156,10.2928475033738,"Path:hsa04218 Cellular senescence","http://www.genome.jp/kegg-bin/show_pathway?hsa04218 "," FOXO1  FOXO3  SIRT1  IL6  ATM  NFKB1  PIK3R1  TP53"
3.21935314671726e-06,8,159,10.0986428334988,"Path:hsa04217 Necroptosis","http://www.genome.jp/kegg-bin/show_pathway?hsa04217 "," PARP1  MAPK8  BAX  PYGM  STAT4  TRAF2  CAMK2A  CASP8"
3.21935314671726e-06,6,70,17.2037593984962,"Path:hsa05120 Epithelial cell signaling in Helicobacter pylori infection","http://www.genome.jp/kegg-bin/show_pathway?hsa05120 "," EGFR  JUN  NFKB1  PLCG2  MAPK8  CASP3"
3.77072583894773e-06,6,72,16.7258771929825,"Path:hsa04137 Mitophagy-animal","http://www.genome.jp/kegg-bin/show_pathway?hsa04137 "," FOXO3  JUN  MAPK8  TP53  UBB  UBC"
4.0549671793531e-06,6,73,16.4967555875991,"Path:hsa04115 p53 signaling pathway","http://www.genome.jp/kegg-bin/show_pathway?hsa04115 "," ATM  BAX  TP53  TP73  CASP3  CASP8"
4.22092095768246e-06,5,41,24.4768934531451,"Path:hsa03440 Homologous recombination","http://www.genome.jp/kegg-bin/show_pathway?hsa03440 "," BABAM1  ATM  BARD1  BRCA1  BRCC3"
4.67365206435952e-06,6,75,16.0568421052632,"Path:hsa04918 Thyroid hormone synthesis","http://www.genome.jp/kegg-bin/show_pathway?hsa04918 "," CREB1  GNAQ  PRKACG  PRKCA  PRKCB  TSHR"
4.96589382827252e-06,6,76,15.845567867036,"Path:hsa05133 Pertussis","http://www.genome.jp/kegg-bin/show_pathway?hsa05133 "," IL6  ITGB2  JUN  NFKB1  MAPK8  CASP3"
4.96589382827252e-06,6,76,15.845567867036,"Path:hsa05140 Leishmaniasis","http://www.genome.jp/kegg-bin/show_pathway?hsa05140 "," ITGB2  JUN  NFKB1  PRKCB  PTGS2  MAP3K7"
6.58074490012427e-06,7,124,11.3304329371817,"Path:hsa04611 Platelet activation","http://www.genome.jp/kegg-bin/show_pathway?hsa04611 "," FYN  GNAQ  PIK3R1  PLCG2  PRKACG  RAP1A  RAP1B"
6.98287892249374e-06,10,306,6.55916752665979,"Path:hsa05016 Huntington disease","http://www.genome.jp/kegg-bin/show_pathway?hsa05016 "," CREB1  CREBBP  EP300  GNAQ  MAPK8  BAX  TP53  TRAF2  CASP3  CASP8"
7.040765228665e-06,6,81,14.8674463937622,"Path:hsa04662 B cell receptor signaling pathway","http://www.genome.jp/kegg-bin/show_pathway?hsa04662 "," JUN  NFKB1  PIK3R1  PLCG2  PRKCB  RAC3"
7.11317523024505e-06,9,240,7.5266447368421,"Path:hsa04020 Calcium signaling pathway","http://www.genome.jp/kegg-bin/show_pathway?hsa04020 "," EGFR  GNAQ  GRIN2A  PLCG2  PRKACG  PRKCA  PRKCB  SPHK2  CAMK2A"
7.11317523024505e-06,7,126,11.1505847953216,"Path:hsa04110 Cell cycle","http://www.genome.jp/kegg-bin/show_pathway?hsa04110 "," CREBBP  EP300  ABL1  ATM  BUB1B  TP53  YWHAG"
7.51441704227389e-06,8,181,8.8711834835708,"Path:hsa04360 Axon guidance","http://www.genome.jp/kegg-bin/show_pathway?hsa04360 "," ABL1  FYN  PDPK1  PIK3R1  PLCG2  PRKCA  RAC3  CAMK2A"
7.51441704227389e-06,11,384,5.74952028508772,"Path:hsa05010 Alzheimer disease","http://www.genome.jp/kegg-bin/show_pathway?hsa05010 "," CTNNB1  GNAQ  GRIN2A  IL6  NFKB1  PIK3R1  MAPK8  PTGS2  TRAF2  CASP3  CASP8"
7.68209790039226e-06,5,47,21.3521836506159,"Path:hsa04973 Carbohydrate digestion and absorption","http://www.genome.jp/kegg-bin/show_pathway?hsa04973 "," AMY2A  HK1  HK3  PIK3R1  PRKCB"
8.01965205173977e-06,8,183,8.77423065861375,"Path:hsa04621 NOD-like receptor signaling pathway","http://www.genome.jp/kegg-bin/show_pathway?hsa04621 "," IL6  JUN  NFKB1  MAPK8  MAP3K7  TRAF2  BRCC3  CASP8"
9.43610232692015e-06,6,86,14.0030599755202,"Path:hsa04911 Insulin secretion","http://www.genome.jp/kegg-bin/show_pathway?hsa04911 "," CREB1  GNAQ  PRKACG  PRKCA  PRKCB  CAMK2A"
1.2218135688987e-05,7,138,10.1809687261632,"Path:hsa04371 Apelin signaling pathway","http://www.genome.jp/kegg-bin/show_pathway?hsa04371 "," GNAQ  GNB1  PRKAG2  PRKAG3  PRKAA2  PRKACG  SPHK2"
1.2218135688987e-05,7,138,10.1809687261632,"Path:hsa04915 Estrogen signaling pathway","http://www.genome.jp/kegg-bin/show_pathway?hsa04915 "," CREB1  EGFR  GNAQ  JUN  PIK3R1  POMC  PRKACG"
1.62440430749345e-05,4,26,30.8785425101215,"Path:hsa00790 Folate biosynthesis","http://www.genome.jp/kegg-bin/show_pathway?hsa00790 "," DHFR2  AKR1B10  AKR1C3  CBR1"
1.65319439622944e-05,8,203,7.90977443609022,"Path:hsa05415 Diabetic cardiomyopathy","http://www.genome.jp/kegg-bin/show_pathway?hsa05415 "," PARP1  GYS1  NFKB1  PIK3R1  PRKCA  PRKCB  MAPK8  CAMK2A"
1.80776258022299e-05,7,147,9.55764411027569,"Path:hsa05224 Breast cancer","http://www.genome.jp/kegg-bin/show_pathway?hsa05224 "," CTNNB1  EGFR  JUN  PIK3R1  BAX  BRCA1  TP53"
1.84649074054933e-05,9,273,6.61683053788317,"Path:hsa05020 Prion disease","http://www.genome.jp/kegg-bin/show_pathway?hsa05020 "," CREB1  FYN  GRIN2A  IL6  PIK3R1  PRKACG  MAPK8  BAX  CASP3"
1.86114320996824e-05,7,148,9.49306543385491,"Path:hsa04723 Retrograde endocannabinoid signaling","http://www.genome.jp/kegg-bin/show_pathway?hsa04723 "," GNAQ  GNB1  PRKACG  PRKCA  PRKCB  MAPK8  PTGS2"
1.86390597722615e-05,5,57,17.6061865189289,"Path:hsa05134 Legionellosis","http://www.genome.jp/kegg-bin/show_pathway?hsa05134 "," IL6  ITGB2  NFKB1  CASP3  CASP8"
2.36333174352603e-05,6,102,11.8065015479876,"Path:hsa04972 Pancreatic secretion","http://www.genome.jp/kegg-bin/show_pathway?hsa04972 "," GNAQ  AMY2A  PRKCA  PRKCB  RAP1A  RAP1B"
2.74163977218239e-05,5,62,16.1863327674024,"Path:hsa00140 Steroid hormone biosynthesis","http://www.genome.jp/kegg-bin/show_pathway?hsa00140 "," CYP1A1  CYP1A2  CYP3A4  HSD3B1  AKR1C3"
2.74163977218239e-05,4,30,26.7614035087719,"Path:hsa00591 Linoleic acid metabolism","http://www.genome.jp/kegg-bin/show_pathway?hsa00591 "," CYP1A2  CYP2C9  CYP2J2  CYP3A4"
2.74163977218239e-05,4,30,26.7614035087719,"Path:hsa01523 Antifolate resistance","http://www.genome.jp/kegg-bin/show_pathway?hsa01523 "," DHFR2  IL6  NFKB1  SHMT2"
3.11077048833591e-05,4,31,25.8981324278438,"Path:hsa00052 Galactose metabolism","http://www.genome.jp/kegg-bin/show_pathway?hsa00052 "," GAA  HK1  HK3  AKR1B10"
3.40846739808438e-05,5,65,15.4392712550607,"Path:hsa04927 Cortisol synthesis and secretion","http://www.genome.jp/kegg-bin/show_pathway?hsa04927 "," CREB1  GNAQ  HSD3B1  POMC  PRKACG"
3.49094411589501e-05,4,32,25.0888157894737,"Path:hsa04215 Apoptosis-multiple species","http://www.genome.jp/kegg-bin/show_pathway?hsa04215 "," MAPK8  BAX  CASP3  CASP8"
3.83267612322126e-05,6,112,10.7523496240601,"Path:hsa05145 Toxoplasmosis","http://www.genome.jp/kegg-bin/show_pathway?hsa05145 "," NFKB1  PDPK1  MAPK8  MAP3K7  CASP3  CASP8"
4.09338870827894e-05,7,169,8.31345375272501,"Path:hsa04530 Tight junction","http://www.genome.jp/kegg-bin/show_pathway?hsa04530 "," JUN  PRKAG2  PRKAG3  PRKAA2  PRKACG  MAPK8  RAP1A"
4.17886011967004e-05,6,114,10.5637119113573,"Path:hsa04724 Glutamatergic synapse","http://www.genome.jp/kegg-bin/show_pathway?hsa04724 "," GNAQ  GNB1  GRIN2A  PRKACG  PRKCA  PRKCB"
4.33057730739286e-05,6,115,10.4718535469108,"Path:hsa01200 Carbon metabolism","http://www.genome.jp/kegg-bin/show_pathway?hsa01200 "," SDS  AGXT  HK1  HK3  PSPH  SHMT2"
4.33057730739286e-05,4,34,23.6130030959752,"Path:hsa04710 Circadian rhythm","http://www.genome.jp/kegg-bin/show_pathway?hsa04710 "," CREB1  PRKAG2  PRKAG3  PRKAA2"
4.62998378803015e-05,5,70,14.3364661654135,"Path:hsa04622 RIG-I-like receptor signaling pathway","http://www.genome.jp/kegg-bin/show_pathway?hsa04622 "," NFKB1  MAPK8  MAP3K7  TRAF2  CASP8"
4.62998378803015e-05,5,70,14.3364661654135,"Path:hsa05230 Central carbon metabolism in cancer","http://www.genome.jp/kegg-bin/show_pathway?hsa05230 "," EGFR  HK1  HK3  PIK3R1  TP53"
5.90973240042509e-05,4,37,21.6984352773826,"Path:hsa04960 Aldosterone-regulated sodium reabsorption","http://www.genome.jp/kegg-bin/show_pathway?hsa04960 "," PDPK1  PIK3R1  PRKCA  PRKCB"
5.90973240042509e-05,4,37,21.6984352773826,"Path:hsa05143 African trypanosomiasis","http://www.genome.jp/kegg-bin/show_pathway?hsa05143 "," GNAQ  IL6  PRKCA  PRKCB"
6.71886589845058e-05,5,76,13.2046398891967,"Path:hsa04971 Gastric acid secretion","http://www.genome.jp/kegg-bin/show_pathway?hsa04971 "," GNAQ  PRKACG  PRKCA  PRKCB  CAMK2A"
6.71886589845058e-05,5,76,13.2046398891967,"Path:hsa05220 Chronic myeloid leukemia","http://www.genome.jp/kegg-bin/show_pathway?hsa05220 "," ABL1  NFKB1  PIK3R1  BAX  TP53"
7.06071802715795e-05,7,186,7.55362195812111,"Path:hsa05034 Alcoholism","http://www.genome.jp/kegg-bin/show_pathway?hsa05034 "," CREB1  GNB1  GRIN2A  PDYN  PRKACG  H4C6  H4C14"
7.99380012791345e-05,5,79,12.7031978680879,"Path:hsa00983 Drug metabolism-other enzymes","http://www.genome.jp/kegg-bin/show_pathway?hsa00983 "," CYP2A6  CYP3A4  GSTM1  GSTP1  GSTO1"
9.60478393681899e-05,8,266,6.03640680648991,"Path:hsa05012 Parkinson disease","http://www.genome.jp/kegg-bin/show_pathway?hsa05012 "," PRKACG  MAPK8  BAX  TP53  UBB  UBC  CAMK2A  CASP3"
0.000127047364022821,6,141,8.54087346024636,"Path:hsa04140 Autophagy-animal","http://www.genome.jp/kegg-bin/show_pathway?hsa04140 "," PDPK1  PIK3R1  PRKAA2  PRKACG  MAPK8  MAP3K7"
0.00013151604364257,5,88,11.4040071770335,"Path:hsa04540 Gap junction","http://www.genome.jp/kegg-bin/show_pathway?hsa04540 "," EGFR  GNAQ  PRKACG  PRKCA  PRKCB"
0.000133875668345472,4,46,17.4530892448513,"Path:hsa04930 Type II diabetes mellitus","http://www.genome.jp/kegg-bin/show_pathway?hsa04930 "," HK1  HK3  PIK3R1  MAPK8"
0.000137037914815096,5,89,11.275872264932,"Path:hsa04727 GABAergic synapse","http://www.genome.jp/kegg-bin/show_pathway?hsa04727 "," GAD1  GNB1  PRKACG  PRKCA  PRKCB"
0.000151368401258124,5,91,11.0280508964719,"Path:hsa04970 Salivary secretion","http://www.genome.jp/kegg-bin/show_pathway?hsa04970 "," GNAQ  AMY2A  PRKACG  PRKCA  PRKCB"
0.00016085565837533,6,148,8.13691322901849,"Path:hsa04072 Phospholipase D signaling pathway","http://www.genome.jp/kegg-bin/show_pathway?hsa04072 "," EGFR  FYN  PIK3R1  PLCG2  PRKCA  SPHK2"
0.000202309178066746,5,97,10.3459034183397,"Path:hsa04666 Fc gamma R-mediated phagocytosis","http://www.genome.jp/kegg-bin/show_pathway?hsa04666 "," PIK3R1  PLCG2  PRKCA  PRKCB  SPHK2"
0.000206373212280173,3,20,30.1065789473684,"Path:hsa00670 One carbon pool by folate","http://www.genome.jp/kegg-bin/show_pathway?hsa00670 "," ALDH1L1  DHFR2  SHMT2"
0.000225264443685007,4,53,15.1479642502483,"Path:hsa04961 Endocrine and other factor-regulated calcium reabsorption","http://www.genome.jp/kegg-bin/show_pathway?hsa04961 "," GNAQ  PRKACG  PRKCA  PRKCB"
0.000257434055645948,6,162,7.43372319688109,"Path:hsa04630 JAK-STAT signaling pathway","http://www.genome.jp/kegg-bin/show_pathway?hsa04630 "," CREBBP  EGFR  EP300  IL6  PIK3R1  STAT4"
0.000295627321034857,4,57,14.0849492151431,"Path:hsa00480 Glutathione metabolism","http://www.genome.jp/kegg-bin/show_pathway?hsa00480 "," HPGDS  GSTM1  GSTP1  GSTO1"
0.000314407064108358,4,58,13.8421052631579,"Path:hsa04923 Regulation of lipolysis in adipocytes","http://www.genome.jp/kegg-bin/show_pathway?hsa04923 "," PIK3R1  PRKACG  PTGS2  TSHR"
0.000375651726635943,2,5,80.2842105263158,"Path:hsa00232 Caffeine metabolism","http://www.genome.jp/kegg-bin/show_pathway?hsa00232 "," CYP1A2  CYP2A6"
0.000375651726635943,2,5,80.2842105263158,"Path:hsa00524 Neomycin kanamycin and gentamicin biosynthesis","http://www.genome.jp/kegg-bin/show_pathway?hsa00524 "," HK1  HK3"
0.000451994015798233,4,64,12.5444078947368,"Path:hsa04929 GnRH secretion","http://www.genome.jp/kegg-bin/show_pathway?hsa04929 "," GNAQ  PIK3R1  PRKCA  PRKCB"
0.000476972341833196,4,65,12.3514170040486,"Path:hsa05321 Inflammatory bowel disease","http://www.genome.jp/kegg-bin/show_pathway?hsa05321 "," IL6  JUN  NFKB1  STAT4"
0.000630014726458079,4,70,11.4691729323308,"Path:hsa04917 Prolactin signaling pathway","http://www.genome.jp/kegg-bin/show_pathway?hsa04917 "," FOXO3  NFKB1  PIK3R1  MAPK8"
0.000697439990792798,4,72,11.1505847953216,"Path:hsa05218 Melanoma","http://www.genome.jp/kegg-bin/show_pathway?hsa05218 "," EGFR  PIK3R1  BAX  TP53"
0.000882287316404687,3,33,18.2464114832536,"Path:hsa00051 Fructose and mannose metabolism","http://www.genome.jp/kegg-bin/show_pathway?hsa00051 "," HK1  HK3  AKR1B10"
0.00123129768734982,3,37,16.273826458037,"Path:hsa05216 Thyroid cancer","http://www.genome.jp/kegg-bin/show_pathway?hsa05216 "," CTNNB1  BAX  TP53"
0.00124411348812998,9,495,3.64928229665072,"Path:hsa05168 Herpes simplex virus 1 infection","http://www.genome.jp/kegg-bin/show_pathway?hsa05168 "," IL6  NFKB1  PIK3R1  BAX  MAP3K7  TP53  TRAF2  CASP3  CASP8"
0.00129822921769503,5,148,6.78076102418208,"Path:hsa05226 Gastric cancer","http://www.genome.jp/kegg-bin/show_pathway?hsa05226 "," CTNNB1  EGFR  PIK3R1  BAX  TP53"
0.00133047778262655,5,149,6.73525256093253,"Path:hsa04261 Adrenergic signaling in cardiomyocytes","http://www.genome.jp/kegg-bin/show_pathway?hsa04261 "," CREB1  GNAQ  PRKACG  PRKCA  CAMK2A"
0.00149898094374586,4,89,9.02069781194559,"Path:hsa05235 PD-L1 expression and PD-1 checkpoint pathway in cancer","http://www.genome.jp/kegg-bin/show_pathway?hsa05235 "," EGFR  JUN  NFKB1  PIK3R1"
0.0015540037553828,4,90,8.92046783625731,"Path:hsa05410 Hypertrophic cardiomyopathy","http://www.genome.jp/kegg-bin/show_pathway?hsa05410 "," IL6  PRKAG2  PRKAG3  PRKAA2"
0.00156080415508996,5,155,6.47453310696095,"Path:hsa04150 mTOR signaling pathway","http://www.genome.jp/kegg-bin/show_pathway?hsa04150 "," PDPK1  PIK3R1  PRKAA2  PRKCA  PRKCB"
0.00160137784138123,4,91,8.82244071717756,"Path:hsa05032 Morphine addiction","http://www.genome.jp/kegg-bin/show_pathway?hsa05032 "," GNB1  PRKACG  PRKCA  PRKCB"
0.00165863774588919,4,92,8.72654462242563,"Path:hsa04658 Th1 and Th2 cell differentiation","http://www.genome.jp/kegg-bin/show_pathway?hsa04658 "," JUN  NFKB1  MAPK8  STAT4"
0.00200694268684249,4,97,8.27672273467173,"Path:hsa04070 Phosphatidylinositol signaling system","http://www.genome.jp/kegg-bin/show_pathway?hsa04070 "," PIK3R1  PLCG2  PRKCA  PRKCB"
0.00278720953146844,3,50,12.0426315789474,"Path:hsa00270 Cysteine and methionine metabolism","http://www.genome.jp/kegg-bin/show_pathway?hsa00270 "," AHCYL1  SDS  DNMT1"
0.00278720953146844,3,50,12.0426315789474,"Path:hsa05110 Vibrio cholerae infection","http://www.genome.jp/kegg-bin/show_pathway?hsa05110 "," PLCG2  PRKACG  PRKCA"
0.00292893018362901,4,108,7.43372319688109,"Path:hsa04659 Th17 cell differentiation","http://www.genome.jp/kegg-bin/show_pathway?hsa04659 "," IL6  JUN  NFKB1  MAPK8"
0.00464372760755456,3,60,10.0355263157895,"Path:hsa04730 Long-term depression","http://www.genome.jp/kegg-bin/show_pathway?hsa04730 "," GNAQ  PRKCA  PRKCB"
0.00506832946138499,3,62,9.71179966044143,"Path:hsa03250 Viral life cycle-HIV-1","http://www.genome.jp/kegg-bin/show_pathway?hsa03250 "," PSIP1  CREBBP  EP300"
0.00527457076568884,3,63,9.55764411027569,"Path:hsa05217 Basal cell carcinoma","http://www.genome.jp/kegg-bin/show_pathway?hsa05217 "," CTNNB1  BAX  TP53"
0.00622485706398261,4,134,5.99135899450118,"Path:hsa04270 Vascular smooth muscle contraction","http://www.genome.jp/kegg-bin/show_pathway?hsa04270 "," GNAQ  PRKACG  PRKCA  PRKCB"
0.00673930900230411,3,69,8.72654462242563,"Path:hsa04924 Renin secretion","http://www.genome.jp/kegg-bin/show_pathway?hsa04924 "," CREB1  GNAQ  PRKACG"
0.00814708874882793,3,74,8.13691322901849,"Path:hsa01230 Biosynthesis of amino acids","http://www.genome.jp/kegg-bin/show_pathway?hsa01230 "," SDS  PSPH  SHMT2"
0.00826882282710211,5,232,4.32565789473684,"Path:hsa04714 Thermogenesis","http://www.genome.jp/kegg-bin/show_pathway?hsa04714 "," CREB1  PRKAG2  PRKAG3  PRKAA2  PRKACG"
0.0106022747183799,4,157,5.11364398256788,"Path:hsa04390 Hippo signaling pathway","http://www.genome.jp/kegg-bin/show_pathway?hsa04390 "," CTNNB1  ITGB2  TP73  YWHAG"
0.0106490415089674,3,82,7.34306803594352,"Path:hsa04146 Peroxisome","http://www.genome.jp/kegg-bin/show_pathway?hsa04146 "," AGXT  EPHX2  NUDT12"
0.0129133441830958,2,30,13.380701754386,"Path:hsa00630 Glyoxylate and dicarboxylate metabolism","http://www.genome.jp/kegg-bin/show_pathway?hsa00630 "," AGXT  SHMT2"
0.0129658091661396,6,364,3.30841526894158,"Path:hsa05014 Amyotrophic lateral sclerosis","http://www.genome.jp/kegg-bin/show_pathway?hsa05014 "," HDAC6  GRIN2A  BAX  TP53  TRAF2  CASP3"
0.0133669616284976,4,169,4.75054500155715,"Path:hsa04141 Protein processing in endoplasmic reticulum","http://www.genome.jp/kegg-bin/show_pathway?hsa04141 "," AMFR  MAPK8  BAX  TRAF2"
0.0142768362690626,3,92,6.54490846681922,"Path:hsa05323 Rheumatoid arthritis","http://www.genome.jp/kegg-bin/show_pathway?hsa05323 "," IL6  ITGB2  JUN"
0.0179761792400216,2,36,11.1505847953216,"Path:hsa00760 Nicotinate and nicotinamide metabolism","http://www.genome.jp/kegg-bin/show_pathway?hsa00760 "," SIRT1  NUDT12"
0.0186480014334679,3,102,5.90325077399381,"Path:hsa04914 Progesterone-mediated oocyte maturation","http://www.genome.jp/kegg-bin/show_pathway?hsa04914 "," PIK3R1  PRKACG  MAPK8"
0.0186622427559411,2,37,10.8492176386913,"Path:hsa00250 Alanine aspartate and glutamate metabolism","http://www.genome.jp/kegg-bin/show_pathway?hsa00250 "," AGXT  GAD1"
0.0186622427559411,2,37,10.8492176386913,"Path:hsa01250 Biosynthesis of nucleotide sugars","http://www.genome.jp/kegg-bin/show_pathway?hsa01250 "," HK1  HK3"
0.0225720015894533,2,41,9.79075738125802,"Path:hsa05219 Bladder cancer","http://www.genome.jp/kegg-bin/show_pathway?hsa05219 "," EGFR  TP53"
0.0235091672031382,2,42,9.55764411027569,"Path:hsa00380 Tryptophan metabolism","http://www.genome.jp/kegg-bin/show_pathway?hsa00380 "," CYP1A1  CYP1A2"
0.0255397513849233,2,44,9.12320574162679,"Path:hsa04962 Vasopressin-regulated water reabsorption","http://www.genome.jp/kegg-bin/show_pathway?hsa04962 "," CREB1  PRKACG"
0.0292589327562829,4,217,3.69973320397769,"Path:hsa04810 Regulation of actin cytoskeleton","http://www.genome.jp/kegg-bin/show_pathway?hsa04810 "," EGFR  ITGB2  PIK3R1  RAC3"
0.030794664694555,2,49,8.1922663802363,"Path:hsa00520 Amino sugar and nucleotide sugar metabolism","http://www.genome.jp/kegg-bin/show_pathway?hsa00520 "," HK1  HK3"
0.030794664694555,2,49,8.1922663802363,"Path:hsa05144 Malaria","http://www.genome.jp/kegg-bin/show_pathway?hsa05144 "," IL6  ITGB2"
0.0343346399071611,3,131,4.5964242667738,"Path:hsa04114 Oocyte meiosis","http://www.genome.jp/kegg-bin/show_pathway?hsa04114 "," PRKACG  YWHAG  CAMK2A"
0.035286499419932,2,53,7.57398212512413,"Path:hsa00600 Sphingolipid metabolism","http://www.genome.jp/kegg-bin/show_pathway?hsa00600 "," KDSR  SPHK2"
0.0360732013574378,1,6,33.4517543859649,"Path:hsa00470 D-Amino acid metabolism","http://www.genome.jp/kegg-bin/show_pathway?hsa00470 "," SRR"
0.0365518320968268,3,135,4.46023391812865,"Path:hsa05322 Systemic lupus erythematosus","http://www.genome.jp/kegg-bin/show_pathway?hsa05322 "," GRIN2A  H4C6  H4C14"
0.041349892654811,3,142,4.24036323202372,"Path:hsa04120 Ubiquitin mediated proteolysis","http://www.genome.jp/kegg-bin/show_pathway?hsa04120 "," BRCA1  UBB  UBC"
0.0421804469047006,2,59,6.80374665477252,"Path:hsa04330 Notch signaling pathway","http://www.genome.jp/kegg-bin/show_pathway?hsa04330 "," CREBBP  EP300"
0.0470968533341327,2,63,6.37176274018379,"Path:hsa00310 Lysine degradation","http://www.genome.jp/kegg-bin/show_pathway?hsa00310 "," KMT2A  EHMT1"
0.0470968533341327,2,63,6.37176274018379,"Path:hsa04623 Cytosolic DNA-sensing pathway","http://www.genome.jp/kegg-bin/show_pathway?hsa04623 "," IL6  NFKB1"
0.0521618239003272,2,67,5.99135899450118,"Path:hsa00010 Glycolysis/Gluconeogenesis","http://www.genome.jp/kegg-bin/show_pathway?hsa00010 "," HK1  HK3"
0.0521618239003272,2,67,5.99135899450118,"Path:hsa05221 Acute myeloid leukemia","http://www.genome.jp/kegg-bin/show_pathway?hsa05221 "," NFKB1  PIK3R1"
0.0635320819353532,2,75,5.35228070175439,"Path:hsa03320 PPAR signaling pathway","http://www.genome.jp/kegg-bin/show_pathway?hsa03320 "," PDPK1  UBC"
0.066263849143666,2,77,5.21326042378674,"Path:hsa05100 Bacterial invasion of epithelial cells","http://www.genome.jp/kegg-bin/show_pathway?hsa05100 "," CTNNB1  PIK3R1"
0.084993009435677,2,89,4.5103489059728,"Path:hsa04976 Bile secretion","http://www.genome.jp/kegg-bin/show_pathway?hsa04976 "," CYP3A4  PRKACG"
0.0892335181754038,1,16,12.5444078947368,"Path:hsa00430 Taurine and hypotaurine metabolism","http://www.genome.jp/kegg-bin/show_pathway?hsa00430 "," GAD1"
0.0908665877775074,2,93,4.31635540464063,"Path:hsa04350 TGF-beta signaling pathway","http://www.genome.jp/kegg-bin/show_pathway?hsa04350 "," CREBBP  EP300"
0.123462528247758,4,362,2.2177958708927,"Path:hsa04080 Neuroactive ligand-receptor interaction","http://www.genome.jp/kegg-bin/show_pathway?hsa04080 "," GRIN2A  PDYN  POMC  TSHR"
0.14465891077598,1,27,7.43372319688109,"Path:hsa00650 Butanoate metabolism","http://www.genome.jp/kegg-bin/show_pathway?hsa00650 "," GAD1"
0.153942976363787,1,29,6.92105263157895,"Path:hsa04744 Phototransduction","http://www.genome.jp/kegg-bin/show_pathway?hsa04744 "," GNB1"
0.163048155439072,1,31,6.47453310696095,"Path:hsa00410 beta-Alanine metabolism","http://www.genome.jp/kegg-bin/show_pathway?hsa00410 "," GAD1"
0.171977740252433,1,33,6.08213716108453,"Path:hsa03410 Base excision repair","http://www.genome.jp/kegg-bin/show_pathway?hsa03410 "," PARP1"
0.179695926915946,2,143,2.80714022819286,"Path:hsa04550 Signaling pathways regulating pluripotency of stem cells","http://www.genome.jp/kegg-bin/show_pathway?hsa04550 "," CTNNB1  PIK3R1"
0.179952554232492,1,35,5.73458646616541,"Path:hsa00040 Pentose and glucuronate interconversions","http://www.genome.jp/kegg-bin/show_pathway?hsa00040 "," AKR1B10"
0.19784176045119,2,153,2.62366701066391,"Path:hsa01240 Biosynthesis of cofactors","http://www.genome.jp/kegg-bin/show_pathway?hsa01240 "," DHFR2  SHMT2"
