Nodes,Path_Related_Score
A1CF,202
A2M,18803
A3GALT2,442
AAAS,7733
AACS,20
AADAT,12648
AAK1,2974
AAMP,65514
AANAT,2706
AARS1,4349
AARS2,3965
AASDH,14711
AASDHPPT,237193
AASS,6096
AATF,31448
ABAT,26436
ABCA1,4232
ABCA2,8290
ABCA6,13575
ABCA7,2028
ABCB6,8290
ABCB8,9111
ABCC8,31748
ABCD1,1442
ABCD2,1442
ABCD3,19853
ABCD4,43968
ABCE1,69471
ABCF1,14436
ABCG5,8290
ABCG8,8290
ABHD5,327
ABI1,56114
ABI2,39710
ABI3,4993
ABL1,3410640
ABL2,531609
ABRAXAS1,12778
ABRAXAS2,21032
ACAA1,107563
ACAA2,31583
ACACA,65311
ACACB,31486
ACAD11,1447
ACAD9,1760
ACADM,94
ACADS,24283
ACADSB,3965
ACADVL,15576
ACAT1,25094
ACBD3,1588
ACD,16605
ACE,7502
ACE2,15301
ACER1,43038
ACER2,23648
ACER3,14847
ACHE,209342
ACIN1,43102
ACKR3,11406
ACKR4,1273
ACLY,123027
ACMSD,1221
ACO1,53805
ACO2,376048
ACOT1,17786
ACOT13,1726
ACOT4,13916
ACOT7,2223
ACOT8,958
ACOX1,23701
ACOX2,1612
ACOX3,14765
ACP1,596
ACSBG1,5099
ACSBG2,2290
ACSF3,16142
ACSL1,3812
ACSL3,3802
ACSL4,3810
ACSL5,3802
ACSL6,3809
ACSM1,1725
ACSM2B,1437
ACSM3,1437
ACSS1,75530
ACSS2,29602
ACSS3,14350
ACTA1,1383062
ACTA2,53846
ACTB,1807686
ACTC1,34607
ACTG1,170902
ACTL6A,41843
ACTL6B,19918
ACTL7A,13258
ACTN1,44459
ACTN2,15972
ACTN3,1291
ACTN4,38844
ACTR1A,57825
ACTR1B,4927
ACTR2,35576
ACTR3,23396
ACTR5,23721
ACTR6,8158
ACTR8,15048
ACVR1,11609
ACVR1B,786
ACVR1C,7028
ACVR2A,8865
ACVR2B,6290
ACVRL1,2731
ADA,56600
ADA2,41957
ADAM10,12968
ADAM15,4302
ADAM17,31222
ADAM22,20931
ADAP1,4578
ADAR,758
ADCY1,92893
ADCY10,17207
ADCY2,20926
ADCY3,97259
ADCY4,22458
ADCY5,34395
ADCY6,27611
ADCY7,21187
ADCY8,47924
ADCY9,43180
ADCYAP1,122965
ADCYAP1R1,15216
ADD1,18577
ADD2,1339
ADD3,1238
ADGRA2,31756
ADGRB1,8240
ADGRB2,5173
ADGRB3,5173
ADGRD1,38382
ADGRE5,33
ADGRF1,386857
ADGRG1,15303
ADGRG2,15216
ADGRG3,13218
ADGRG6,79
ADGRL1,36721
ADGRL3,22690
ADGRV1,790
ADH1A,59654
ADH1B,28781
ADH1C,1
ADH4,28882
ADH5,28835
ADH6,36
ADH7,28818
ADHFE1,44396
ADI1,6626
ADIPOQ,6813
ADIPOR1,1578
ADIPOR2,1556
ADIRF,3883
ADK,809792
ADM,15218
ADM2,15216
ADNP,1849
ADNP2,1849
ADORA1,22063
ADORA2A,34731
ADPGK,5271
ADPRM,12363
ADRA1A,12733
ADRA1B,12313
ADRA1D,12336
ADRA2A,423699
ADRA2B,12313
ADRA2C,12313
ADRB1,37194
ADRB2,489814
ADRB3,23388
ADRM1,27247
ADSL,460991
ADSS1,128843
ADSS2,49255
AEBP2,20885
AEN,2315
AFDN,50148
AFF1,7242
AFF4,7369
AFG3L2,6740
AFMID,5253
AFTPH,3198
AGAP2,2604
AGER,20938
AGK,5816
AGL,15343
AGO1,54370
AGO2,126665
AGO3,34863
AGO4,30847
AGPAT1,22241
AGPAT2,13344
AGPAT3,14561
AGPAT4,13311
AGPAT5,13311
AGPS,2984
AGRN,1799
AGRP,11477
AGT,67124
AGTR1,332079
AGTR2,21308
AGXT,905877
AGXT2,273130
AHCTF1,73992
AHCY,14122
AHCYL1,10814
AHCYL2,9328
AHI1,2835
AHNAK,1875
AHR,27972
AIFM1,6496
AIFM2,16890
AIM2,11974
AIMP1,3052
AIMP2,15786
AIP,13601
AIRE,11933
AJUBA,24474
AK1,68893
AK2,40657
AK3,118601
AK4,40667
AK5,30
AK6,99132
AK7,40658
AK8,41175
AK9,218745
AKAP1,26843
AKAP11,26743
AKAP13,10242
AKAP14,29473
AKAP4,26833
AKAP5,43391
AKAP7,59613
AKAP9,46965
AKIRIN1,1365
AKIRIN2,32880
AKR1A1,8707
AKR1B1,625314
AKR1B10,26358
AKR1C1,8962
AKR1C2,5438
AKR1C3,137281
AKR1C4,3495
AKR1D1,5903
AKT1,811449
AKT1S1,100418
AKT2,135482
AKT3,98624
AKTIP,958
ALAD,9168
ALAS2,35287
ALB,25095
ALCAM,3243
ALDH18A1,23393
ALDH1A1,1121776
ALDH1A2,37054
ALDH1A3,36794
ALDH1B1,123979
ALDH1L1,67072
ALDH1L2,41812
ALDH2,37763
ALDH3A1,25453
ALDH3A2,37708
ALDH3B1,20176
ALDH4A1,21377
ALDH5A1,95104
ALDH6A1,16390
ALDH7A1,50032
ALDH8A1,14440
ALDH9A1,38045
ALDOA,91260
ALDOB,39885
ALDOC,39830
ALG1,758
ALG10B,19033
ALG11,545
ALG12,1960
ALG13,210
ALG14,210
ALG2,1494
ALG3,8895
ALG5,11037
ALG6,749
ALG8,1307
ALG9,735
ALK,33842
ALKAL2,2356
ALKBH3,2383
ALMS1,18022
ALOX12,26736
ALOX12B,26736
ALOX15,57738
ALOX15B,27806
ALOX5,48796
ALPI,2955
ALPK1,920
ALPL,3580
ALPP,3241
ALS2,968
ALYREF,28491
AMACR,4597
AMBRA1,24666
AMDHD2,2343
AMER1,24476
AMFR,76580
AMH,783
AMHR2,755
AMN,161
AMOT,40285
AMOTL1,12142
AMOTL2,12110
AMPD1,18005
AMPD2,60058
AMPD3,232
AMPH,925
AMT,127316
AMY1B,27785
AMY2A,21773
ANAPC1,82847
ANAPC10,36395
ANAPC11,38265
ANAPC13,34426
ANAPC15,34537
ANAPC16,34464
ANAPC2,37536
ANAPC4,48897
ANAPC5,35374
ANAPC7,39170
ANGPT1,564
ANGPT2,7430
ANGPT4,564
ANGPTL3,838
ANGPTL4,789
ANGPTL8,69
ANK2,9986
ANK3,5925
ANKLE2,14914
ANKRA2,3608
ANKRD13D,13844
ANKRD27,521
ANKRD9,19436
ANKS1A,12424
ANKS3,1342
ANKS4B,77
ANKZF1,7009
ANLN,5866
ANP32A,6167
ANP32E,10142
ANPEP,88133
ANXA1,5310
ANXA11,1176
ANXA2,30759
ANXA6,3812
ANXA7,97
AOC1,12420
AOC2,9147
AOC3,8304
AOX1,266345
AP1G1,5770
AP1G2,2484
AP1S3,3551
AP2A1,31174
AP2A2,14243
AP2B1,18662
AP2M1,18036
AP3B1,314
AP3D1,4227
AP3M1,314
AP4B1,1682
AP4E1,1923
AP4M1,1705
AP4S1,1682
AP5B1,1682
AP5M1,1682
AP5S1,1682
AP5Z1,1682
APAF1,23886
APBA1,702
APBB1,20904
APBB1IP,23342
APBB2,18927
APBB3,8994
APC,136179
APC2,26459
APEH,98
APELA,11978
APEX1,805945
APH1A,14719
API5,1374
APIP,95
APLF,87090
APLN,11978
APLNR,491434
APLP1,2244
APLP2,1550
APMAP,3124
APOA1,44968
APOA2,18431
APOA5,18431
APOB,53271
APOBEC3F,202
APOBEC3G,2527
APOC1,18431
APOC2,23891
APOE,133238
APOH,18540
APOL1,18431
APOM,18431
APOO,3037
APOOL,3002
APP,576965
APPBP2,7718
APPL1,19530
APPL2,1603
APRT,225125
APTX,6034
AQP2,26743
AQR,10829
AR,102504
ARAF,90157
ARAP1,7240
ARC,925
ARCN1,13320
AREG,11518
AREL1,3400
ARF1,45480
ARF3,2204
ARF4,140
ARF5,1403
ARF6,10928
ARFGAP3,10140
ARFGEF1,16
ARFIP1,249
ARFIP2,3141
ARG1,6388
ARG2,4517
ARGLU1,11375
ARHGAP10,20468
ARHGAP12,12891
ARHGAP26,1897
ARHGAP32,6568
ARHGAP35,11915
ARHGAP44,241
ARHGDIA,46498
ARHGDIB,34469
ARHGEF11,11879
ARHGEF18,24962
ARHGEF2,17978
ARHGEF25,15669
ARHGEF6,15113
ARHGEF7,23728
ARHGEF9,7175
ARID1A,22822
ARID1B,17627
ARID4A,12542
ARIH1,31717
ARIH2,7485
ARL1,281
ARL13B,7016
ARL16,5161
ARL2,6652
ARL2BP,1571
ARL3,25052
ARL6,64
ARL6IP1,27041
ARMC5,467
ARMC8,597
ARNT,20263
ARNT2,6836
ARNTL,6850
ARPC1B,22229
ARPC2,20692
ARPC3,24260
ARPC4,24092
ARPC5,22066
ARPC5L,11621
ARPIN,3015
ARRB1,345818
ARRB2,71246
ARRDC1,5639
ARRDC3,3667
ARSB,1
ARTN,1560
ARVCF,3941
ASAH1,26535
ASAH2,24133
ASAP1,20281
ASAP3,2100
ASB1,925
ASB2,6033
ASB4,8596
ASB9,3725
ASCC1,7714
ASCC2,2579
ASCC3,7390
ASCL1,16605
ASF1A,23512
ASF1B,16860
ASGR2,37
ASH1L,2421
ASH2L,251724
ASIP,1876
ASL,111270
ASMT,8227
ASNS,13819
ASPA,14582
ASPH,24242
ASRGL1,13819
ASS1,24453
ASXL1,58071
ASXL2,17755
ASZ1,411
ATAD2,16444
ATAD5,23943
ATF2,170519
ATF3,20668
ATF4,134629
ATF5,912
ATF6,14895
ATF6B,12615
ATF7,8107
ATF7IP,10848
ATG10,504
ATG101,15516
ATG12,6044
ATG13,4621
ATG14,6841
ATG16L1,6836
ATG16L2,1626
ATG2A,4564
ATG3,9489
ATG4A,3840
ATG4B,3878
ATG5,5570
ATG7,15086
ATG9A,4204
ATIC,194740
ATM,867126
ATN1,7583
ATP12A,83255
ATP1A1,27730
ATP1A2,22759
ATP1A3,22832
ATP1A4,20069
ATP1B1,22930
ATP1B2,303
ATP1B3,22824
ATP1B4,30942
ATP2A1,7839
ATP2A2,15020
ATP2A3,7196
ATP2B1,27710
ATP2B2,27690
ATP2B3,28928
ATP2B4,56228
ATP4A,87141
ATP5F1A,62656
ATP5F1B,8486
ATP5F1C,25925
ATP5F1D,23942
ATP5F1E,7978
ATP5IF1,2228
ATP5ME,2228
ATP5MF,2228
ATP5MG,2228
ATP5PB,2689
ATP5PD,2601
ATP5PF,2679
ATP5PO,10146
ATP6AP1,18259
ATP6AP2,8872
ATP6V0A1,4032
ATP6V0A2,3343
ATP6V0A4,3341
ATP6V0B,4206
ATP6V0C,4220
ATP6V0D1,27022
ATP6V0D2,2429
ATP6V0E2,2425
ATP6V1A,4088
ATP6V1B1,16266
ATP6V1B2,12772
ATP6V1C1,2912
ATP6V1C2,2308
ATP6V1D,6710
ATP6V1E1,7418
ATP6V1F,14436
ATP6V1G1,1796
ATP6V1G2,1796
ATP6V1G3,1067
ATP6V1H,2748
ATP7A,1277
ATP7B,163
ATR,198032
ATRIP,37
ATRX,55370
ATXN1,6067
ATXN1L,4573
ATXN2,9306
ATXN2L,8675
ATXN3,40070
ATXN3L,15839
ATXN7,10796
ATXN7L3,18373
AUH,1020
AUP1,5761
AURKA,738422
AURKAIP1,4881
AURKB,20894
AURKC,4004
AUTS2,4726
AVEN,2136
AVP,2042
AVPR1A,16003
AVPR1B,12404
AVPR2,11538
AWAT2,3264
AXIN1,48564
AXIN2,25124
AXL,19982
AZI2,5394
AZIN1,3731
AZIN2,2242
AZU1,2950
B2M,312649
B3GALNT2,787
B3GALT1,330
B3GALT4,404
B3GALT5,627
B3GALT6,1135
B3GAT1,360
B3GAT3,121
B3GNT2,330
B3GNT3,330
B3GNT4,330
B3GNT5,661
B4GALNT1,497
B4GALT1,11109
B4GALT4,341
B4GALT5,1
B4GALT6,5959
B4GALT7,11295
B4GAT1,12
B9D1,2835
B9D2,46639
BAAT,5008
BABAM1,51604
BABAM2,145477
BACE1,15715
BACE2,10247
BACH1,7262
BAD,71517
BAG1,8046
BAG3,22213
BAG4,1891
BAG5,5017
BAG6,6933
BAHD1,8093
BAIAP2,58959
BAIAP2L1,4602
BAIAP2L2,3157
BAK1,45661
BAMBI,8053
BANF1,11523
BAP1,100115
BARD1,67985
BATF,1810
BATF2,142
BATF3,142
BAX,214090
BAZ1A,6069
BAZ1B,10509
BAZ2A,6402
BBC3,15810
BBIP1,702
BBOX1,3758
BBS1,766
BBS2,702
BBS4,10702
BBS5,5762
BBS7,702
BBS9,5844
BCAP29,468
BCAP31,5256
BCAR1,26133
BCAR3,2120
BCAS2,20302
BCAS3,409
BCAT1,58368
BCAT2,35039
BCCIP,9614
BCHE,64014
BCKDHA,35849
BCKDHB,22697
BCL10,48494
BCL11A,13056
BCL11B,11661
BCL2,157989
BCL2A1,5251
BCL2L1,141559
BCL2L10,5700
BCL2L11,43226
BCL2L14,19427
BCL3,6027
BCL6,20536
BCL7A,11384
BCL7B,11373
BCL7C,11540
BCL9L,10702
BCLAF1,1149
BCO1,23442
BCOR,34121
BCR,43609
BCS1L,2319
BDH1,10927
BDH2,10927
BDKRB1,22214
BDKRB2,26972
BDNF,42484
BDP1,21342
BECN1,79561
BECN2,19009
BEST2,3217
BET1,931
BEX3,203671
BGLAP,23945
BHLHE40,234
BHLHE41,234
BHMT,19962
BICD1,508
BICD2,4466
BICDL1,11591
BICRA,20655
BICRAL,15743
BID,38750
BIN1,17771
BIN2,1453
BIRC2,182272
BIRC3,39219
BIRC5,26380
BIRC6,2002
BIRC7,21561
BLK,11317
BLM,1011455
BLMH,5406
BLNK,15164
BLOC1S1,1428
BLOC1S2,23742
BLOC1S3,1173
BLOC1S4,1167
BLOC1S5,1229
BLOC1S6,1169
BLVRA,1023
BLVRB,1915
BMF,10209
BMI1,30774
BMP1,2028
BMP10,681
BMP2,15123
BMP4,1829
BMP6,1497
BMP7,789
BMP8A,853
BMP8B,69
BMPER,7229
BMPR1A,8474
BMPR1B,8431
BMPR2,8946
BMT2,295
BMX,12275
BNIP1,2239
BNIP2,422
BNIP3,34138
BNIP3L,24723
BOD1,20425
BOD1L1,8124
BOLA1,439
BOLA2,369
BOLA3,35
BOP1,11805
BORA,18022
BORCS5,1120
BORCS8,108
BPGM,842
BPTF,13857
BRAF,80617
BRAP,7890
BRCA1,924764
BRCA2,138822
BRCC3,113411
BRD1,14532
BRD2,29738
BRD3,22654
BRD4,2019474
BRD7,29920
BRD8,24447
BRD9,35459
BRF1,133
BRINP1,3667
BRIP1,20133
BRIX1,180
BRK1,6238
BRMS1,5848
BROX,457
BRPF1,552565
BRPF3,12418
BRWD1,16205
BSG,5844
BSN,704
BST1,17772
BTBD1,3568
BTBD2,3568
BTD,337
BTG1,14914
BTG2,18145
BTK,31117
BTRC,301087
BUB1,68191
BUB1B,90286
BUB3,11486
BUD13,15895
BUD23,21804
BUD31,26426
BVES,2947
BYSL,103162
C17orf75,524
C1D,26422
C1GALT1,5
C1GALT1C1,5
C1QBP,18985
C1orf131,18375
C2,443
C2CD2,1693
C2CD5,15910
C3,8995
C3AR1,414
C4A,772
C5,92171
C5AR1,73865
C5AR2,2150
C6,9338
C7,9338
C8A,9338
C8B,9338
C9,10268
C9orf72,13337
C9orf78,3000
CA1,3237
CA2,304
CA5A,10000
CA5B,10000
CAB39,11787
CABLES1,231
CABS1,170
CACNA1A,26949
CACNA1B,19833
CACNA1C,143014
CACNA1D,49949
CACNA1E,13394
CACNA1F,39796
CACNA1G,18316
CACNA1H,19040
CACNA1S,47899
CACNA2D1,12510
CACNA2D2,4423
CACNA2D4,12481
CACNB1,4424
CACNB2,12488
CACNB3,12482
CACNB4,15851
CACNG1,12521
CACNG2,266124
CACNG3,66732
CACNG4,72780
CACNG5,63615
CACNG6,12481
CACNG7,68008
CACNG8,67115
CACTIN,10342
CACYBP,30344
CAD,17397
CADM1,456
CALCA,15218
CALCB,15218
CALCOCO2,46155
CALCR,15386
CALCRL,15398
CALD1,51992
CALHM1,938
CALHM3,77
CALM1,354354
CALM2,212138
CALM3,327118
CALML3,286
CALML4,45740
CALML5,4401
CALML6,910
CALR,24599
CALU,14540
CALY,2207
CAMK1,7414
CAMK2A,226659
CAMK2B,46714
CAMK2D,10571
CAMK2G,8383
CAMK4,35441
CAMKK2,24309
CAMKMT,6608
CAMLG,13573
CAMP,11371
CAMSAP1,8723
CAMSAP3,7907
CAMTA2,969
CAND1,6022
CAND2,3975
CANT1,44187
CANX,6489
CAP1,24067
CAPG,1339
CAPN1,20760
CAPN2,22486
CAPRIN1,3970
CAPZA1,55942
CAPZA2,6244
CAPZA3,2347
CAPZB,30406
CARD10,6528
CARD11,8744
CARD14,5107
CARD16,1746
CARD8,4958
CARD9,37742
CARM1,93309
CARMIL1,2242
CARMIL2,2347
CARNMT1,1283
CARNS1,14856
CARS1,6036
CARS2,1609
CARTPT,1119
CASC3,9940
CASK,8227
CASKIN1,577
CASP1,14252
CASP10,27962
CASP2,15512
CASP3,701072
CASP4,2856
CASP5,4171
CASP6,82396
CASP7,39160
CASP8,89505
CASP9,24417
CASQ1,199956
CASQ2,24242
CASR,20536
CASTOR1,1010
CASTOR2,83
CAT,7282
CATSPER1,12481
CATSPER2,12481
CATSPER3,12481
CATSPER4,12481
CATSPERB,12481
CATSPERD,12481
CATSPERE,12481
CATSPERZ,12481
CAV1,57191
CAV3,53649
CBFA2T2,948
CBFA2T3,948
CBFB,43118
CBL,215286
CBLIF,161
CBLL1,7421
CBR1,68017
CBR3,13387
CBR4,6229
CBS,96380
CBX1,17450
CBX2,43332
CBX3,30634
CBX4,29182
CBX5,19561
CBX6,15213
CBX7,36939
CBX8,28691
CBY1,18659
CC2D1A,436
CC2D2A,2835
CCAR1,14155
CCAR2,24345
CCDC105,65
CCDC115,1746
CCDC116,467
CCDC117,2488
CCDC14,1822
CCDC146,577
CCDC174,1160
CCDC22,1071
CCDC47,8239
CCDC51,821
CCDC61,5902
CCDC8,5330
CCDC80,7229
CCDC88A,5975
CCDC88C,5975
CCDC9,1276
CCDC91,381
CCDC92,3401
CCK,2768
CCKAR,2104
CCKBR,24650
CCL1,1267
CCL11,5968
CCL13,3386
CCL15,16049
CCL16,2656
CCL17,2227
CCL18,435
CCL19,1384
CCL2,40470
CCL20,15406
CCL21,3831
CCL22,2197
CCL23,312
CCL24,2656
CCL25,3301
CCL26,3417
CCL27,2747
CCL28,3323
CCL3,4028
CCL4,4502
CCL4L2,27
CCL5,47574
CCL7,2068
CCL8,2965
CCM2,5122
CCN1,3256
CCNA1,2441
CCNA2,211372
CCNB1,80200
CCNB2,46288
CCNB3,23382
CCND1,117511
CCND2,47728
CCND3,58735
CCNE1,41660
CCNE2,101
CCNF,6044
CCNH,159196
CCNK,2139
CCNT1,76636
CCNT2,9569
CCNY,659
CCP110,26154
CCR1,25849
CCR10,13114
CCR2,25018
CCR3,22436
CCR5,29347
CCR6,18212
CCR7,14672
CCR8,13196
CCR9,13058
CCRL2,118
CCS,1635
CCT2,65398
CCT3,35835
CCT4,39973
CCT5,125450
CCT6A,34901
CCT7,37511
CCT8,42742
CCZ1,1617
CD14,3458
CD151,18042
CD160,54
CD177,1906
CD19,14211
CD1B,4616
CD1C,4616
CD1D,4616
CD2,2965
CD209,7559
CD22,5472
CD226,11385
CD24,2956
CD244,10581
CD247,36935
CD27,16405
CD274,11550
CD28,12820
CD2AP,37809
CD33,5154
CD34,10401
CD36,28668
CD38,128068
CD3D,9067
CD3E,14183
CD3EAP,2338
CD3G,9103
CD4,45978
CD40,25445
CD40LG,3819
CD44,63999
CD46,3221
CD47,13475
CD48,877
CD5,9253
CD55,447
CD58,262
CD59,930
CD6,287
CD63,458
CD68,593
CD7,9629
CD70,1404
CD72,5324
CD74,119940
CD79A,5390
CD79B,4915
CD80,2377
CD81,2421
CD84,804
CD86,2195
CD8A,10487
CD8B,5983
CD8B2,91
CD9,20710
CD99,462
CD99L2,34
CDA,475470
CDAN1,1492
CDC123,178697
CDC14A,5697
CDC14B,1919
CDC16,51899
CDC20,345743
CDC20B,1976
CDC23,35392
CDC25A,88757
CDC25B,92311
CDC25C,148294
CDC26,39869
CDC27,43647
CDC34,17715
CDC37,214564
CDC40,183146
CDC42,468525
CDC42EP1,6568
CDC42EP2,7004
CDC42EP4,23332
CDC42SE2,6568
CDC45,16970
CDC5L,342194
CDC6,25316
CDC7,16119
CDC73,46291
CDCA5,1838
CDCA7L,1788
CDCA8,10382
CDH1,154518
CDH2,12514
CDH23,14
CDH3,10475
CDH5,13625
CDIPT,287205
CDK1,353390
CDK11B,89
CDK12,17350
CDK13,17347
CDK14,7321
CDK2,2202156
CDK20,5140
CDK2AP1,5498
CDK3,2147
CDK4,169575
CDK5,254024
CDK5R1,47210
CDK5RAP1,1626
CDK5RAP2,20774
CDK5RAP3,2306
CDK6,44488
CDK7,60667
CDK8,20382
CDK9,81765
CDKN1A,200078
CDKN1B,148023
CDKN2A,65166
CDKN2AIP,260
CDKN2B,11617
CDKN2C,16890
CDKN3,18273
CDO1,36
CDON,1609
CDS1,425538
CDS2,16688
CDT1,33436
CDX2,7679
CDY1,11933
CDYL,5914
CEBPA,56542
CEBPB,73769
CEBPE,3440
CEBPG,10112
CEBPZ,2
CECR2,10192
CEL,3786
CELA2A,11
CELF1,1652
CENPA,113349
CENPC,13892
CENPE,28132
CENPF,30781
CENPH,11544
CENPI,11544
CENPJ,29718
CENPN,10
CENPS,56721
CENPT,12826
CENPU,573
CENPW,11544
CENPX,26382
CEP128,5902
CEP131,18022
CEP135,19911
CEP152,18032
CEP164,26088
CEP170,5902
CEP192,37497
CEP250,20878
CEP290,40142
CEP350,6464
CEP41,18022
CEP55,2451
CEP57,18022
CEP63,19522
CEP70,18022
CEP72,18022
CEP76,18301
CEP78,18022
CEP83,3210
CEP89,3210
CEP97,2218
CEPT1,27995
CER1,982
CERK,251869
CERS2,29773
CERS3,24346
CERS4,24483
CERS5,24492
CERS6,24357
CES1,34853
CETN1,668
CETN2,204618
CETN3,12182
CETP,426456
CFAP126,12603
CFAP161,12603
CFAP20,13742
CFAP206,511
CFAP221,1443
CFAP36,1498
CFAP410,73
CFAP45,13929
CFAP52,12603
CFAP53,12603
CFAP74,1443
CFAP77,12603
CFH,447
CFL1,27913
CFL2,20594
CFLAR,10034
CFTR,65726
CGA,44290
CGAS,12440
CGN,14495
CH25H,3462
CHAC1,19208
CHAF1A,19827
CHAF1B,20271
CHAMP1,5839
CHAT,31700
CHCHD10,378
CHCHD2,288
CHCHD3,3237
CHCHD6,3260
CHD1L,22498
CHD3,13648
CHD4,46748
CHD5,5870
CHD8,41292
CHEK1,101558
CHEK2,68748
CHERP,2263
CHFR,6144
CHIA,359
CHID1,2250
CHIT1,359
CHKA,38052
CHKB,22922
CHL1,5729
CHM,1955
CHML,1895
CHMP1A,3599
CHMP1B,7648
CHMP2A,4978
CHMP2B,4412
CHMP3,4408
CHMP4A,5310
CHMP4B,5324
CHMP4C,2944
CHMP5,3007
CHMP6,4511
CHMP7,4842
CHN1,1639
CHORDC1,13556
CHP1,5289
CHP2,4817
CHPT1,11343
CHRM1,369515
CHRM2,349699
CHRM3,262079
CHRM4,62486
CHRM5,240794
CHRNA10,20559
CHRNA2,190144
CHRNA3,446316
CHRNA4,356363
CHRNA5,36435
CHRNA6,281952
CHRNA7,190144
CHRNA9,209703
CHRNB1,91335
CHRNB2,365442
CHRNB4,365393
CHRND,190144
CHRNE,91335
CHST10,30
CHTF18,13673
CHTF8,3608
CHTOP,4611
CHUK,57237
CIAO1,4373
CIAO2A,1051
CIAO2B,4133
CIAO3,1051
CIAPIN1,404
CIB2,14
CIB3,10000
CIC,505
CIITA,12497
CIPC,2961
CIR1,14551
CIRBP,1849
CISH,859
CIT,6508
CITED1,11350
CITED2,22489
CKAP5,57638
CKB,12471
CKS1B,2157
CLASP1,30451
CLASP2,29302
CLCC1,1264
CLDN5,2439
CLDND1,588
CLEC12A,286
CLEC1B,3197
CLEC3B,3731
CLEC4D,1515
CLEC4E,3238
CLEC5A,1416
CLEC6A,1515
CLEC7A,11025
CLIC4,1188
CLIC5,9305
CLINT1,2284
CLIP1,48380
CLIP3,2313
CLK2,4260
CLK3,4567
CLNS1A,4800
CLOCK,29511
CLP1,53076
CLPB,1713
CLPP,155
CLPX,9
CLSPN,21065
CLTC,22651
CLTCL1,4740
CLTRN,2868
CLU,54953
CMA1,10767
CMPK2,55316
CMTR1,1026
CMTR2,1490
CNDP1,2
CNDP2,13180
CNGA1,6867
CNGA2,6867
CNGA4,6867
CNGB1,6867
CNIH1,1356
CNIH2,63615
CNIH3,63615
CNN1,2039
CNN2,4637
CNN3,2039
CNNM2,13356
CNOT1,10006
CNOT2,40783
CNOT3,44103
CNOT4,13045
CNOT6,4299
CNOT6L,5447
CNOT7,25604
CNOT8,17582
CNOT9,10293
CNR1,20569
CNST,27892
CNTF,16001
CNTFR,3
CNTN1,4337
CNTNAP1,325
CNTRL,23985
COA1,986
COA6,2418
COASY,55422
COBL,15571
COCH,7229
COIL,462
COL11A1,2826
COL11A2,2648
COL12A1,360
COL16A1,2286
COL18A1,2104
COL1A1,49622
COL1A2,16926
COL26A1,2599
COL2A1,5248
COL3A1,18474
COL4A1,2322
COL4A2,2322
COL4A3,2543
COL4A4,2324
COL5A1,2816
COL5A2,2815
COL6A1,2322
COL6A2,2322
COL6A3,2322
COL6A6,1
COL7A1,29
COL8A1,223
COL9A1,2593
COLEC12,2001
COLGALT1,63
COMMD1,17546
COMMD5,8775
COMMD7,1071
COMP,17226
COMT,7749
COP1,49435
COPA,184073
COPB1,18917
COPB2,12245
COPE,10465
COPG1,42749
COPG2,13467
COPRS,2096
COPS2,23834
COPS3,27640
COPS4,19063
COPS5,71048
COPS6,24778
COPS7A,15629
COPS7B,15080
COPS8,16573
COPS9,10515
COPZ1,10465
COQ2,70838
COQ3,14
COQ5,1920
COQ7,194
COQ9,14
CORIN,4646
CORO1A,45
CORO1B,600
CORO1C,6209
CORT,30828
COTL1,3055
COX11,2030
COX16,2260
COX18,2030
COX19,4233
COX4I1,5232
COX4I2,1372
COX5A,5679
COX5B,12261
COX6A1,2508
COX6A2,5178
COX6B1,5086
COX6C,2540
COX7A1,2448
COX7A2,2031
COX7A2L,2518
COX7B,5097
COX7C,5249
CP,1344
CPB1,283
CPB2,283
CPEB1,33710
CPEB2,43169
CPEB3,62264
CPEB4,30159
CPLANE2,162
CPLX1,1883
CPLX2,1816
CPOX,1718
CPS1,9689
CPSF1,55637
CPSF2,20422
CPSF3,31945
CPSF4,7085
CPSF6,2453
CPSF7,2453
CPT1A,15438
CPT1B,2656
CPT1C,2646
CPT2,3054
CR1,3399
CR2,414
CRACR2A,810
CRADD,2672
CRBN,161353
CRCP,127067
CREB1,343414
CREB3,64371
CREB3L1,46527
CREB3L2,47636
CREB3L3,75
CREB3L4,7
CREB5,170
CREBBP,680660
CREBRF,4663
CREBZF,4693
CREM,13321
CRH,25050
CRHBP,1820
CRHR1,20296
CRISP1,4117
CRISP3,4117
CRK,116794
CRKL,5831
CRLF1,1318
CRLF2,880
CRLS1,46674
CRMP1,2621
CRNKL1,12830
CRP,33
CRPPA,12545
CRTAM,403
CRTC1,12963
CRTC2,185929
CRTC3,4527
CRY1,26590
CRY2,21510
CRYAA,1949
CRYAB,26432
CRYGD,1949
CRYL1,1693
CRYZL1,37
CS,253528
CSAD,9280
CSDE1,6535
CSE1L,17015
CSF1,656
CSF1R,7814
CSF2,18250
CSF2RB,22628
CSF3,44915
CSF3R,14105
CSGALNACT1,10
CSGALNACT2,10
CSH1,32
CSH2,12355
CSK,18986
CSNK1A1,164633
CSNK1A1L,4765
CSNK1D,2601686
CSNK1E,111770
CSNK2A1,66616
CSNK2A2,23051
CSNK2A3,13812
CSNK2B,18636
CSPP1,3416
CSRNP2,9495
CSRP1,180
CSTA,814
CSTF1,11
CSTF2,8346
CSTF2T,100
CSTF3,61839
CT55,1200
CTBP1,41854
CTBP2,8244
CTC1,25155
CTCF,15532
CTDP1,16898
CTDSP1,4131
CTDSP2,6785
CTH,58694
CTIF,578
CTLA4,22057
CTNNA1,69356
CTNNA2,25936
CTNNA3,26587
CTNNB1,1070914
CTNNBL1,13713
CTNND1,33092
CTNND2,3143
CTPS1,21792
CTR9,31776
CTSB,9060
CTSC,6195
CTSD,13568
CTSF,6195
CTSG,3538
CTSH,6213
CTSK,6629
CTSL,8067
CTSS,15969
CTSZ,6329
CTTN,54791
CTTNBP2,33018
CUBN,2032
CUL1,159371
CUL2,12894
CUL3,23424
CUL4A,41359
CUL4B,14538
CUL5,12346
CUL7,272726
CUL9,19158
CUTA,742
CWC15,16290
CWC22,10812
CWC25,9720
CWC27,10497
CX3CL1,29930
CX3CR1,440390
CXCL1,13052
CXCL10,3301
CXCL11,3373
CXCL12,38196
CXCL13,2813
CXCL14,2825
CXCL16,1193
CXCL17,2870
CXCL2,11898
CXCL3,10865
CXCL5,2714
CXCL6,3299
CXCL8,30443
CXCL9,3404
CXCR1,17076
CXCR2,24053
CXCR3,15925
CXCR4,38190
CXCR5,17052
CXCR6,13214
CXXC1,15932
CXXC5,11176
CYB5B,199
CYB5R3,2287
CYBA,37125
CYBB,59225
CYBRD1,551
CYC1,34460
CYCS,83351
CYFIP1,32161
CYFIP2,11368
CYLD,27682
CYP11A1,5204
CYP11B1,5571
CYP11B2,5556
CYP17A1,7731
CYP1A1,168543
CYP1A2,69114
CYP1B1,20536
CYP21A2,1556
CYP24A1,1349
CYP26A1,27321
CYP26B1,26775
CYP27A1,1266
CYP27B1,16233
CYP27C1,3163
CYP2A13,131
CYP2A6,75296
CYP2B6,136537
CYP2C18,26470
CYP2C19,29053
CYP2C8,66018
CYP2C9,161661
CYP2D6,8437
CYP2E1,142718
CYP2F1,1859
CYP2J2,38146
CYP2R1,1349
CYP2S1,26775
CYP2U1,26736
CYP39A1,100
CYP3A4,83214
CYP3A5,28786
CYP3A7,28081
CYP46A1,1206
CYP4A11,64923
CYP4A22,47873
CYP4F2,26939
CYP4F3,26737
CYP51A1,2623
CYP7A1,9883
CYP7B1,1675
CYP8B1,1228
CYTH1,1692
CYTH2,1550
CYTH3,1549
CYTH4,1549
DAAM1,8354
DAAM2,8118
DAB1,11594
DAB2,4264
DAB2IP,21136
DACT1,4776
DAD1,33259
DAG1,15180
DALRD3,14440
DAND5,284
DAO,32303
DAP3,37610
DAPK1,31172
DAPK2,24029
DAPK3,22683
DAPL1,20544
DAPP1,13508
DARS1,2925
DARS2,6693
DAW1,4633
DAXX,97104
DAZAP1,361
DBF4,5306
DBF4B,2237
DBH,2382
DBI,18431
DBN1,2715
DBNL,8775
DBR1,1895
DBT,473
DCAF1,121160
DCAF12,20221
DCAF13,64904
DCAF15,17835
DCAF7,23310
DCAF8,15896
DCK,72630
DCLRE1B,1458
DCN,974
DCP1A,3760
DCP2,13247
DCSTAMP,4663
DCTD,41900
DCTN1,73434
DCTN2,37029
DCTN3,33825
DCTN4,17437
DCTN5,12088
DCTN6,11608
DCTPP1,32251
DCUN1D3,4493
DCUN1D5,4201
DCX,2593
DCXR,13014
DDA1,14146
DDB1,75920
DDB2,38442
DDC,4876
DDI2,5407
DDIT3,47404
DDIT4,19885
DDN,1797
DDOST,26104
DDRGK1,200
DDX11,8829
DDX17,4980
DDX18,7090
DDX19B,2645
DDX20,4723
DDX21,9186
DDX23,9119
DDX25,2645
DDX27,1256
DDX28,4985
DDX31,2212
DDX39A,1724
DDX39B,26114
DDX3X,5474
DDX4,831
DDX41,4191
DDX42,1878
DDX46,22546
DDX47,7632
DDX49,7621
DDX5,77914
DDX54,1097
DDX56,2089
DDX58,2453
DDX6,60144
DDX60,7229
DEFA1,197
DEFA3,2249
DEFB1,196
DEFB103A,2244
DEFB4A,2068
DEGS1,24693
DEGS2,1408
DEK,1195
DENND10,1445
DENND1A,7931
DENND1B,7226
DENND3,3840
DENR,23983
DEPDC5,4554
DEPTOR,25221
DERA,101229
DERL1,27811
DERL2,10715
DERL3,4286
DES,2963
DESI1,4158
DET1,14399
DFFA,8848
DFFB,9205
DGAT1,13242
DGAT2,2995
DGKA,2281
DGKB,2267
DGKD,2267
DGKE,2267
DGKG,2267
DGKH,2267
DGKI,2267
DGKQ,2287
DGKZ,2288
DGLUCY,2605
DGUOK,31872
DHCR24,3940
DHCR7,1328
DHDDS,4450
DHDH,6448
DHFR,137363
DHFR2,55549
DHH,4578
DHODH,13615
DHPS,12827
DHRS11,2926
DHRS4,23629
DHRS9,23521
DHTKD1,7112
DHX15,14531
DHX16,11479
DHX29,20904
DHX33,14801
DHX34,5353
DHX35,6741
DHX36,298942
DHX37,20719
DHX38,22755
DHX58,1605
DHX8,9813
DHX9,573021
DIABLO,5743
DIAPH1,16965
DIAPH3,11652
DICER1,89398
DIMT1,22132
DIP2A,1109
DIP2B,1109
DIPK2A,10465
DIRAS1,7531
DIRAS2,7531
DIS3,5511
DIS3L,5227
DIS3L2,352426
DISC1,8570
DISP1,1141
DKC1,27837
DKK1,3312
DLAT,58215
DLC1,4597
DLD,67659
DLG1,58010
DLG2,6749
DLG3,43895
DLG4,296091
DLG5,1543
DLGAP1,855
DLGAP3,526
DLGAP5,3381
DLL1,7074
DLL3,3028
DLL4,3028
DLST,28515
DLX3,309
DLX5,9893
DMAP1,74354
DMC1,27211
DMD,19738
DMGDH,3814
DMP1,4370
DMPK,3966
DMRT1,3823
DMTN,7191
DMWD,1657
DMXL1,36
DMXL2,3
DNA2,67749
DNAJA1,6386
DNAJA2,6321
DNAJA3,2058
DNAJA4,523
DNAJB1,43907
DNAJB11,23237
DNAJB12,6331
DNAJB14,6331
DNAJB2,4645
DNAJB4,14425
DNAJB5,6335
DNAJB6,5218
DNAJB9,6785
DNAJC10,8734
DNAJC11,3253
DNAJC19,2058
DNAJC3,9206
DNAJC30,501
DNAJC5,12978
DNAJC6,5885
DNAJC7,16949
DNAJC8,9684
DNAJC9,38548
DNM1,8999
DNM1L,26348
DNM2,12566
DNM3,2073
DNMT1,49105
DNMT3A,15106
DNMT3B,14917
DNMT3L,11987
DNTTIP1,5819
DOCK10,12016
DOCK2,15597
DOCK3,115419
DOCK4,66474
DOCK5,7835
DOCK7,8067
DOCK8,8551
DOHH,18903
DOK1,33725
DOLK,9260
DOLPP1,21105
DONSON,22410
DOT1L,25087
DPAGT1,2589
DPCD,5206
DPF1,5603
DPF2,5971
DPF3,15349
DPH1,3314
DPH2,268
DPH3,286
DPH7,2760
DPM1,4801
DPM2,11254
DPM3,2414
DPP3,2062
DPP4,16413
DPP6,787
DPP8,5538
DPP9,785
DPY30,56174
DPYD,22251
DPYS,5633
DPYSL2,35957
DPYSL3,11843
DPYSL4,271
DPYSL5,3072
DRAXIN,152
DRD1,24623
DRD2,29976
DRD3,17398
DRD4,2736
DRD5,18222
DRG1,14458
DRG2,2696
DROSHA,41398
DSC2,802
DSCAM,160
DSCAML1,8
DSCC1,3608
DSG1,7729
DSG2,9100
DSG3,7729
DSN1,5446
DSP,8096
DSPP,16179
DST,5810
DTL,23561
DTNB,3690
DTNBP1,1230
DTX1,1832
DTX4,67
DTYMK,69572
DUS2,1928
DUSP1,33326
DUSP10,10253
DUSP16,10253
DUSP22,9459
DUSP3,35544
DUSP4,8938
DUSP5,8938
DUSP6,19372
DUSP7,10253
DUSP8,8938
DUSP9,1308
DUT,403766
DVL1,144860
DVL2,87900
DVL3,1
DXO,6596
DYNAP,7229
DYNC1H1,93731
DYNC1I1,8306
DYNC1I2,34777
DYNC1LI1,10011
DYNC1LI2,11948
DYNC2H1,5857
DYNC2LI1,5767
DYNLL1,62698
DYNLL2,45716
DYNLRB1,12143
DYNLRB2,4867
DYNLT1,4877
DYNLT3,4867
DYRK1A,34181
DYRK1B,1767
DYRK2,576164
DYSF,3812
E2F1,66374
E2F2,20661
E2F3,20661
E2F4,12356
E2F6,216018
E2F7,18825
E2F8,1694
EAF1,9458
EAF2,7335
EARS2,19685
EBI3,24032
EBNA1BP2,12552
EBP,649
ECD,1776
ECHDC1,14990
ECHS1,17595
ECI1,2519
ECI2,4614
ECPAS,3083
ECSIT,23758
ECT2,3266
EDA,4354
EDAR,388
EDC3,2010
EDC4,2633
EDEM1,7804
EDF1,23880
EDIL3,7229
EDN1,4119
EDNRA,9377
EDNRB,24924
EEA1,3463
EED,11227
EEF1A1,227577
EEF1A2,23050
EEF1AKMT1,3708
EEF1AKMT2,3708
EEF1B2,3798
EEF1D,3889
EEF1E1,2925
EEF1G,5650
EEF2,41106
EEF2K,18396
EEF2KMT,4989
EEFSEC,22563
EFCAB7,3163
EFCAB9,12481
EFHB,15620
EFHC1,13638
EFHC2,13639
EFL1,17998
EFNA1,8197
EFNA2,8199
EFNA3,8165
EFNA5,8261
EFNB1,2734
EFNB2,3683
EFTUD2,85813
EGF,15557
EGFR,1487142
EGLN1,19455
EGLN2,11069
EGLN3,10434
EGR1,55919
EGR2,29522
EHD1,923
EHD2,1789
EHD3,754
EHD4,64
EHHADH,57090
EHMT1,27131
EHMT2,29948
EID1,15366
EID3,3029
EIF1,25063
EIF1AX,75776
EIF2A,5141
EIF2AK1,13497
EIF2AK2,20486
EIF2AK3,18578
EIF2AK4,12063
EIF2B1,5495
EIF2B2,5462
EIF2B3,5013
EIF2B4,5026
EIF2B5,5003
EIF2D,24726
EIF2S1,232235
EIF2S2,193726
EIF2S3,33986
EIF3A,28239
EIF3B,30926
EIF3C,25161
EIF3D,26169
EIF3E,28646
EIF3F,28131
EIF3G,25281
EIF3H,25321
EIF3I,25171
EIF3J,25381
EIF3K,25585
EIF3L,25292
EIF3M,25161
EIF4A1,36155
EIF4A3,21568
EIF4E,33668
EIF4E2,13597
EIF4EBP1,64811
EIF4EBP2,6834
EIF4ENIF1,2974
EIF4G1,39593
EIF4G2,3518
EIF4G3,3617
EIF5,25063
EIF5A,28353
EIF5B,29196
EIF6,28632
EIPR1,71
ELAC1,1
ELAC2,44
ELANE,6106
ELAVL1,18236
ELK1,41894
ELL,7378
ELL2,9321
ELL3,7242
ELMO1,119472
ELMO2,22175
ELMO3,13777
ELN,2237
ELOA,7295
ELOB,148218
ELOC,53978
ELOF1,271
ELOVL1,457
ELOVL2,624
ELOVL3,457
ELOVL4,624
ELOVL6,3954
ELOVL7,457
ELP1,1077
ELP3,988
ELP4,23265
ELP5,3988
EMB,30
EMC1,1569
EMC10,235
EMC2,1244
EMC3,3210
EMC4,2515
EMC6,1249
EMC7,235
EMC8,235
EMC9,235
EMD,11523
EME2,3949
EMG1,12176
EMILIN1,44
EML1,3579
EML2,2031
EML4,21769
ENAH,595026
ENC1,9285
ENDOG,567
ENDOV,3427
ENG,1646
ENKUR,13676
ENO1,109281
ENO2,34653
ENO3,43
ENO4,3
ENOPH1,1218
ENPEP,1930
ENPP1,441323
ENPP3,86386
ENPP6,964
ENPP7,13138
ENSP00000428055,490
ENSP00000480571,11
ENSP00000497443,284
ENTPD1,128779
ENTPD2,2415
ENTPD3,74658
ENTPD4,33700
ENTPD5,33707
ENTPD6,31039
ENTPD8,645
ENY2,156439
EOGT,5018
EOMES,13626
EP300,1322971
EP400,43217
EPAS1,23385
EPB41L2,2073
EPB41L3,1387
EPB41L4B,7219
EPC1,23071
EPHA1,26429
EPHA2,30982
EPHA3,26336
EPHA4,30721
EPHA5,26315
EPHA7,26315
EPHA8,26325
EPHB1,28778
EPHB2,27500
EPHB3,26377
EPHB4,26520
EPHX1,20954
EPHX2,753390
EPN3,1996
EPO,14416
EPOP,2142
EPOR,23637
EPRS1,50094
EPS15,28712
EPS15L1,15353
EPS8,22997
EPS8L2,3404
ERAL1,4517
ERBB2,58841
ERBB3,33394
ERBB4,127024
ERBIN,13738
ERC1,4111
ERCC1,56690
ERCC2,41079
ERCC3,48123
ERCC4,49407
ERCC5,114788
ERCC6,74863
ERCC6L,12329
ERCC8,285572
EREG,13027
ERGIC2,1114
ERH,4641
ERI1,3381
ERLEC1,4391
ERLIN1,4238
ERLIN2,7960
ERN1,1164952
ERO1A,4464
ERP29,289
ERP44,58
ERRFI1,12316
ESCO1,347
ESCO2,347
ESPL1,31639
ESPN,12355
ESPNL,3404
ESR1,634336
ESR2,71833
ESRP1,266
ESRP2,266
ESRRA,18958
ESRRG,6014
ETF1,32025
ETFA,387
ETFB,1404
ETFBKMT,94
ETFDH,94
ETFRF1,3526
ETHE1,1407
ETNK1,300
ETNK2,300
ETS1,30942
ETS2,19462
ETV5,2745
EVC,5363
EVC2,5363
EVL,21978
EXD1,35
EXO1,42282
EXOC1,323
EXOC2,5069
EXOC3,323
EXOC3L1,323
EXOC4,2236
EXOC5,2231
EXOC6B,323
EXOC7,323
EXOC8,2191
EXOSC1,28300
EXOSC10,148675
EXOSC2,16372
EXOSC3,17183
EXOSC4,21751
EXOSC5,16449
EXOSC6,5527
EXOSC7,24711
EXOSC8,17359
EXOSC9,19259
EXTL1,15785
EXTL2,15785
EXTL3,297028
EYA1,1000
EYA2,11000
EZH1,8577
EZH2,32799
EZR,69773
F10,8835
F11,674
F11R,10514
F12,2619
F13A1,2922
F2,92336
F2R,115802
F2RL1,12021
F2RL3,17947
F3,18067
F5,13404
F7,13157
F8,28080
F8A1,3608
F9,270735
FAAH,2706
FAAP100,91
FAAP20,21085
FAAP24,8007
FABP4,9502
FADD,25414
FADS1,624
FAF1,21619
FAF2,11150
FAHD1,5386
FAM161A,5015
FAM181A,904
FAM50A,2830
FAM83B,4747
FAM83D,4747
FAM83G,4747
FAM83H,9276
FAM89B,4110
FAM91A1,35
FAN1,4895
FANCA,24970
FANCB,7853
FANCC,25582
FANCD2,6
FANCE,58953
FANCF,7858
FANCG,20611
FANCI,20825
FANCL,7853
FANCM,170579
FAS,14495
FASLG,32063
FASN,66463
FASTKD2,1265
FAU,1324776
FAXDC2,2012
FBF1,24565
FBH1,80643
FBL,23946
FBLIM1,8364
FBLL1,10
FBP1,388165
FBP2,2
FBXL14,6087
FBXL15,4533
FBXL17,5514
FBXL19,4533
FBXL2,4542
FBXL3,5586
FBXL5,5113
FBXL7,6479
FBXO10,3975
FBXO11,4533
FBXO2,8875
FBXO25,4546
FBXO28,4533
FBXO3,6479
FBXO31,8589
FBXO32,3978
FBXO38,3975
FBXO4,9320
FBXO43,1092
FBXO45,4519
FBXO5,26784
FBXO6,4533
FBXO7,7681
FBXO9,4533
FBXW11,47506
FBXW5,18077
FBXW7,68172
FBXW8,10149
FCER1A,9129
FCER1G,19970
FCF1,12162
FCGR1A,8407
FCGR2A,28797
FCGR2B,354
FCGR3A,7568
FCGR3B,7523
FCHO1,229
FCHO2,2626
FCHSD2,872
FCN1,11
FCN2,11
FCN3,11
FCSK,9733
FDFT1,3316
FDPS,19106
FDX1,47543
FDXR,12627
FECH,2361
FEM1A,7890
FEM1B,9375
FEM1C,7718
FEN1,102676
FER,10802
FERD3L,2235
FERMT1,1516
FERMT2,18472
FERMT3,5454
FES,2799
FFAR1,16201
FFAR4,106805
FGA,26364
FGB,19034
FGD1,6568
FGD3,6568
FGF1,18729
FGF10,6985
FGF12,8154
FGF13,8382
FGF16,4118
FGF17,4118
FGF18,4118
FGF19,4274
FGF2,17835
FGF21,4118
FGF22,1
FGF23,4722
FGF3,4118
FGF4,4118
FGF6,4118
FGF7,4118
FGF8,13606
FGF9,17632
FGFR1,72905
FGFR1OP,3253
FGFR1OP2,10
FGFR2,50829
FGFR3,847704
FGFR4,12786
FGFRL1,68
FGG,19471
FGL1,16911
FGL2,16911
FGR,26643
FH,116856
FHL1,11502
FHL2,9257
FIBP,32496
FICD,3515
FIG4,3877
FIP1L1,217
FIS1,334
FKBP1A,97338
FKBP1B,10973
FKBP4,48224
FKBP5,23015
FKBP6,22738
FKBPL,17563
FKRP,1115
FKTN,12607
FLACC1,772
FLCN,2579
FLI1,11692
FLNA,76894
FLNB,13202
FLNC,12133
FLOT1,5945
FLOT2,5755
FLRT2,2600
FLRT3,1886
FLT1,8568
FLT3,19549
FLT3LG,39654
FLT4,8120
FMNL1,6595
FMNL3,14034
FMO1,7039
FMO2,7038
FMO3,7038
FMO5,7038
FMR1,14886
FN1,248136
FNIP1,1364
FNIP2,2431
FNTA,17692
FNTB,5554
FOLH1,5331
FOS,82372
FOSB,16447
FOSL1,13841
FOSL2,15197
FOXA1,13846
FOXA2,5818
FOXC1,5350
FOXC2,5350
FOXH1,14077
FOXJ1,587
FOXK1,2751
FOXK2,137985
FOXM1,27735
FOXO1,682708
FOXO3,393264
FOXO4,97886
FOXP1,6047
FOXP2,4135
FOXP3,15767
FOXR1,10957
FOXRED1,3946
FOXRED2,1113
FPGS,270061
FPGT,866
FPR1,35788
FPR2,468889
FPR3,1695
FREM1,16307
FREM2,40080
FRG1,9720
FRK,4725
FRMD6,6248
FRMPD4,1609
FRS2,11308
FSCN2,8694
FSHB,47701
FSHR,10733
FST,205
FSTL3,205
FTCD,76925
FTH1,13546
FTL,22802
FTSJ1,2624
FTSJ3,10741
FUBP3,925
FUNDC1,12472
FUOM,937
FURIN,64718
FUS,8499
FUT1,379
FUT2,330
FUT3,330
FUT4,337
FUT5,330
FUT6,330
FUT7,30
FUT8,450
FUT9,330
FUZ,162
FXN,1377
FXR1,2129
FXR2,2318
FXYD1,32473
FYCO1,1507
FYN,462441
FYTTD1,1600
FZD1,23711
FZD2,14591
FZD3,17003
FZD4,17140
FZD5,19444
FZD6,14586
FZD7,36367
FZD9,14592
FZR1,105828
G3BP1,2702
G3BP2,1
G6PC,19615
G6PC2,144
G6PC3,12
G6PD,87101
GAA,402594
GAB1,13827
GAB2,33011
GABARAP,69242
GABARAPL1,2766
GABARAPL2,44809
GABBR1,19369
GABBR2,25244
GABPA,4240
GABPB1,41
GABRA1,2872
GABRA2,2277
GABRA4,201
GABRA6,605
GABRB1,2194
GABRB2,728
GABRB3,2488
GABRD,718
GABRG2,201
GABRP,606
GAD1,64457
GAD2,23250
GADD45A,51475
GADD45B,33188
GADD45G,25019
GAK,1024
GAL,65449
GAL3ST1,4517
GALC,24532
GALE,24193
GALK1,78522
GALK2,2769
GALM,48091
GALNT1,1
GALNT11,1
GALNT16,1
GALNT18,1
GALNT2,1
GALNT3,494
GALNT4,1
GALNT6,1
GALNTL5,1
GALNTL6,1
GALR1,25867
GALR2,26117
GALR3,69758
GALT,37365
GAMT,4929
GAN,12782
GANAB,3003
GAP43,43
GAPDH,146353
GAPDHS,20887
GAPVD1,18366
GAR1,22311
GAREM1,5313
GARS1,571
GART,87081
GAS1,1609
GAS2,7779
GAS2L1,5449
GAS6,4537
GAS8,5363
GAST,6615
GATA1,239
GATA3,14396
GATA4,19172
GATAD1,6155
GATAD2A,5994
GATAD2B,5496
GATB,39861
GATC,4875
GATM,16761
GBA2,14502
GBE1,8567
GBF1,1705
GBGT1,330
GBP2,12
GBP5,150
GC,17805
GCC2,14366
GCDH,4008
GCFC2,3014
GCG,345556
GCGR,22817
GCH1,74201
GCHFR,2941
GCK,36903
GCKR,3462
GCLC,512245
GCLM,33647
GCN1,29676
GCNT1,50
GCNT2,330
GCSH,65964
GDA,22
GDF10,584
GDF11,1737
GDF15,3165
GDF2,681
GDF3,584
GDF5,792
GDF7,775
GDF9,597
GDI1,46163
GDI2,14029
GDNF,1560
GDPD1,964
GDPD3,964
GEMIN2,4704
GEMIN4,7969
GEMIN5,2883
GEMIN6,4702
GEMIN7,4702
GEMIN8,4702
GET1,1261
GET3,3985
GET4,1119
GFAP,8856
GFI1,2446
GFM1,25436
GFM2,2613
GFPT1,43594
GFRA1,1560
GFRA2,1560
GFRA3,1560
GFRA4,1560
GFRAL,1609
GFY,7229
GGA1,5191
GGA2,2865
GGA3,25911
GGACT,2264
GGCT,29451
GGCX,35977
GGH,15557
GGPS1,13071
GGT1,43326
GGT5,30531
GGT6,12
GGT7,30695
GH1,327357
GH2,12355
GHR,38033
GHRL,171260
GHSR,27679
GID8,593
GIGYF2,2672
GINS1,10702
GIP,420
GIPC1,3585
GIPR,975
GIT1,3607
GIT2,12051
GJA1,133082
GJA3,4284
GJA5,4284
GJA8,4284
GJB2,4284
GJB4,4284
GJD3,4284
GK,16775
GK2,12303
GLA,99051
GLB1,16
GLDC,71260
GLG1,10
GLI1,46742
GLI2,66069
GLI3,54523
GLIPR1L1,4117
GLIPR2,4117
GLIS3,2242
GLMN,55021
GLO1,12633
GLP1R,462718
GLRA3,1002
GLRB,11055
GLRX,4311
GLRX3,5351
GLRX5,35
GLS,42051
GLS2,6
GLUD1,353377
GLUD2,79738
GLUL,51453
GLYCTK,103965
GLYR1,23728
GMDS,1387
GMNN,7007
GMPPB,1342
GMPR,50532
GMPR2,19525
GMPS,171877
GNA11,359432
GNA12,105136
GNA13,255370
GNA14,2
GNA15,4184
GNAI1,1357226
GNAI2,134530
GNAI3,101858
GNAO1,24238
GNAQ,1096737
GNAS,587995
GNAT1,17024
GNAT2,13219
GNAT3,3692
GNB1,1632206
GNB2,35535
GNB3,3
GNB4,37504
GNB5,116668
GNE,10838
GNG12,88174
GNG13,13
GNG2,168544
GNG3,74
GNG4,17
GNG5,27040
GNG7,30437
GNGT1,12
GNL1,5190
GNL3,9919
GNL3L,93
GNMT,32834
GNPAT,5962
GNPDA1,9839
GNPDA2,9361
GNPNAT1,8386
GNPTAB,20
GNPTG,249
GNRH1,22794
GOLGA2,31929
GOLGA4,16
GOLGA7,7160
GOLGB1,261
GOLPH3,196
GOLPH3L,196
GON7,2705
GOPC,4077
GORASP1,20196
GORASP2,6506
GOSR1,2620
GOSR2,18836
GOT1,286973
GOT1L1,87
GOT2,145852
GP1BA,20304
GP6,15940
GPAA1,92
GPAM,6150
GPAT2,5186
GPAT3,3926
GPAT4,3927
GPATCH1,4685
GPATCH11,1584
GPBAR1,26267
GPC1,4167
GPC3,7100
GPC4,2732
GPC6,240
GPCPD1,22
GPD1,1923
GPD1L,29
GPD2,101996
GPER1,17089
GPHN,49934
GPI,247111
GPKOW,7932
GPLD1,1345
GPN3,4106
GPR119,266436
GPR158,3997
GPR161,29758
GPR183,15838
GPR37,8729
GPR37L1,81
GPR52,15216
GPR83,5834
GPR88,15838
GPRC6A,3701
GPS1,19513
GPS2,4249
GPSM1,12656
GPSM2,22183
GPT,559014
GPT2,61584
GPX2,40265
GPX4,33447
GPX5,10
GPX7,24926
GRAMD1B,152
GRAMD1C,1909
GRAMD2B,152
GRAP2,23763
GRB10,20428
GRB2,229820
GRB7,4123
GREB1,14374
GRHPR,100034
GRIA1,275503
GRIA2,109634
GRIA3,90684
GRIA4,92626
GRIK1,742
GRIK2,8999
GRIK5,742
GRIN1,716635
GRIN2A,1149702
GRIN2B,984441
GRIN2C,558636
GRIN2D,557740
GRIN3A,454505
GRIN3B,64255
GRIP1,9094
GRK1,7144
GRK2,57374
GRK3,23687
GRK4,7289
GRK5,12919
GRK6,7289
GRK7,6091
GRM1,50392
GRM2,17886
GRM3,10243
GRM4,19136
GRM5,73331
GRM6,1590
GRM7,1578
GRM8,1591
GRN,8023
GRP,9956
GRPEL1,2368
GRPR,759
GRXCR1,8831
GSDMD,17989
GSDME,23526
GSK3A,54114
GSK3B,2551219
GSKIP,18904
GSN,40364
GSPT1,33475
GSPT2,3211
GSR,51881
GSS,532672
GSTA1,18879
GSTA2,31246
GSTA3,30603
GSTA4,18882
GSTA5,3
GSTM1,19374
GSTM2,18756
GSTM3,18756
GSTM4,18756
GSTM5,18756
GSTO1,20967
GSTO2,18827
GSTP1,79447
GSTT2B,18761
GSTZ1,99
GTF2A1,32357
GTF2A2,31417
GTF2B,34917
GTF2E1,35164
GTF2E2,29253
GTF2F1,29573
GTF2F2,32803
GTF2H1,52959
GTF2H2,32852
GTF2H3,32753
GTF2H4,29331
GTF2H5,29238
GTPBP1,4206
GTPBP3,8650
GTPBP4,110879
GTSE1,36794
GUCA1A,1736
GUCA1B,1736
GUCY1A1,22071
GUCY1A2,12356
GUCY1B1,19414
GUCY2C,17420
GUCY2D,20448
GUCY2F,17864
GUF1,100
GUK1,735140
GYG1,82955
GYG2,14536
GYPC,4673
GYS1,106119
GYS2,73833
GZMB,57632
H1-0,32337
H1-1,21281
H1-4,12070
H1-5,18282
H2AB2,11933
H2AC1,12087
H2AC11,223165
H2AC12,10385
H2AC13,275
H2AC14,10386
H2AC16,9
H2AC17,6
H2AC18,26591
H2AC20,19293
H2AC21,22257
H2AC4,83758
H2AC6,97292
H2AC7,12096
H2AC8,2944
H2AJ,11764
H2AX,70367
H2AZ1,49605
H2AZ2,12051
H2BC1,23338
H2BC10,110270
H2BC11,90684
H2BC12,62528
H2BC13,2632
H2BC14,14229
H2BC15,13231
H2BC17,20983
H2BC18,14788
H2BC21,50236
H2BC3,19055
H2BC4,210
H2BC5,13230
H2BC9,13230
H2BU1,381
H3-2,185171
H3-3A,147588
H3-3B,5763
H3-4,125879
H3-5,43453
H3C1,621818
H3C10,5729
H3C11,292
H3C12,9024
H3C13,570269
H3C14,102
H3C15,99
H3C2,3080
H3C3,558
H3C4,268
H3C6,106537
H3C7,200
H3C8,1032
H3Y1,8790
H3Y2,1510
H4-16,192923
H4C1,316316
H4C11,3839
H4C12,964
H4C13,12000
H4C14,12298
H4C15,12717
H4C2,6653
H4C3,63103
H4C4,12166
H4C5,26172
H4C6,246750
H4C7,11403
H4C8,14288
H4C9,7413
H6PD,31327
HAAO,3295
HABP4,26810
HACD1,823
HACD2,823
HACD3,817
HACD4,817
HACE1,2816
HACL1,403396
HADH,600
HADHA,14906
HADHB,28841
HAGH,2814
HAMP,8431
HAO1,86961
HAO2,40814
HAP1,10047
HAT1,16924
HAVCR2,9244
HAX1,872
HBA1,25279
HBB,2088
HBEGF,22965
HBS1L,141020
HCCS,985
HCFC1,77285
HCFC2,26053
HCK,39611
HCLS1,22790
HCN1,81
HCN2,77
HCN3,4
HCN4,1019
HCRT,2069
HCRTR1,1671
HCRTR2,19967
HCST,14952
HDAC1,216769
HDAC2,62323
HDAC3,24556
HDAC4,45983
HDAC5,16149
HDAC6,4480642
HDAC7,6566
HDAC9,5297
HDC,1368
HDDC3,39431
HDGF,6785
HDGFL2,11933
HEATR1,27847
HEBP2,4714
HEG1,5624
HELB,6713
HELLS,454
HELZ2,13565
HEPH,1042
HERC2,29121
HERC5,1562
HERPUD1,8109
HES1,11347
HES5,848
HEXA,5780
HEXB,3371
HEXIM1,4433
HEXIM2,4091
HEY1,6233
HEY2,498
HEYL,498
HFE,4754
HGD,1163
HGF,3878
HGS,43685
HHIP,1141
HIBADH,13432
HIC1,3667
HIF1A,130658
HIF1AN,8013
HIF3A,2401
HIP1,13949
HIP1R,1036
HIPK1,16890
HIPK2,26300
HIPK3,16890
HIRA,1632
HIVEP1,5846
HJURP,13144
HK1,237721
HK2,65241
HK3,62693
HKDC1,64905
HLA-A,57644
HLA-B,9213
HLA-C,8597
HLA-DMA,10717
HLA-DMB,10148
HLA-DOA,10148
HLA-DOB,10152
HLA-DPA1,10148
HLA-DPB1,10833
HLA-DQA1,45
HLA-DQA2,860
HLA-DQB1,6417
HLA-DRA,37821
HLA-DRB1,12219
HLA-DRB5,7887
HLA-E,9885
HLA-F,8001
HLA-G,8378
HLCS,3993
HLTF,31737
HM13,11132
HMBS,693
HMGA1,559
HMGA2,6217
HMGB1,29242
HMGB2,2112
HMGCL,329273
HMGCLL1,17631
HMGCR,53467
HMGCS1,152
HMGCS2,18027
HMGN1,28414
HMGN2,19516
HMGXB4,3423
HMMR,5496
HMOX1,21222
HMOX2,1061
HNF1A,10409
HNF1B,953
HNF4A,1180
HNMT,2357
HNRNPA1,8540
HNRNPA2B1,7195
HNRNPA3,715
HNRNPC,31501
HNRNPDL,3138
HNRNPF,6707
HNRNPH1,6312
HNRNPH2,499
HNRNPH3,935
HNRNPK,30717
HNRNPL,11394
HNRNPM,3502
HNRNPR,2670
HNRNPU,60248
HNRNPUL1,3690
HNRNPUL2,6096
HOGA1,26529
HOMER1,2604
HOMER2,3272
HOOK1,130
HOOK2,130
HOOK3,1063
HOXA9,29547
HOXB13,309
HPD,14757
HPDL,2878
HPF1,9110
HPGDS,622020
HPN,344
HPR,18431
HPRT1,905756
HPS4,1120
HPS6,1120
HPSE,1976
HPSE2,1787
HRAS,248766
HRG,378
HRH1,17986
HRK,4358
HSD11B1,7161
HSD11B2,1405
HSD17B1,5599
HSD17B10,697219
HSD17B12,10662
HSD17B2,6229
HSD17B3,4024
HSD17B4,3957
HSD17B6,79542
HSD17B7,14704
HSD17B8,13461
HSD3B1,26889
HSD3B2,23588
HSD3B7,7969
HSDL2,24523
HSF1,286549
HSF2BP,5896
HSP90AA1,1075303
HSP90AB1,72599
HSP90B1,31076
HSPA1A,6633
HSPA1B,58349
HSPA1L,21938
HSPA2,69071
HSPA4,88987
HSPA4L,5305
HSPA5,94087
HSPA6,9618
HSPA8,248841
HSPA9,68097
HSPB1,28520
HSPB2,22707
HSPB3,1926
HSPB6,5545
HSPB8,20150
HSPD1,5621
HSPE1,469
HSPG2,35005
HSPH1,7546
HTATSF1,13627
HTR1A,362436
HTR1B,13218
HTR1D,15838
HTR1E,15838
HTR1F,15838
HTR2A,34908
HTR2B,22745
HTR2C,22745
HTR3A,89027
HTR3B,6353
HTR3C,6353
HTR3D,6353
HTR3E,6353
HTR4,16760
HTR5A,15838
HTR6,17884
HTR7,16106
HTRA2,27806
HTT,127938
HUS1,7998
HUWE1,19017
HYAL1,1
HYAL2,1
HYAL3,1
HYOU1,8412
IAPP,25801
IARS1,3112
IBA57,100
IBSP,4383
ICAM1,16986
ICAM2,3608
ICAM3,3459
ICE1,7242
ICE2,7242
ICOS,16341
ICOSLG,1347
ID2,2235
ID3,1589
IDE,64842
IDH1,674505
IDH2,52309
IDH3A,567378
IDH3B,52135
IDH3G,540948
IDI1,449325
IDI2,42095
IDO1,16632
IDO2,10291
IDS,191
IDUA,21
IFFO1,4868
IFI16,462
IFI30,2039
IFI35,28448
IFIH1,21347
IFIT1,4296
IFIT2,377
IFIT3,499
IFITM1,1195
IFNA1,1165
IFNA17,1407
IFNA2,2674
IFNAR1,20221
IFNAR2,14126
IFNB1,1416
IFNG,14274
IFNGR1,21055
IFNGR2,18191
IFNK,1416
IFNL1,420
IFNL2,372
IFNLR1,4400
IFRD2,20553
IFT122,135
IFT140,132
IFT172,1427
IFT20,1011
IFT27,2083
IFT43,134
IFT46,2469
IFT52,1825
IFT57,16218
IFT81,1822
IFT88,10372
IGBP1,17351
IGF1,46706
IGF1R,194372
IGF2,9522
IGF2BP1,8900
IGF2BP3,753
IGF2R,2088
IGFALS,3413
IGFBP1,6624
IGFBP2,2187
IGFBP3,22465
IGFBP5,3413
IGFBP6,2187
IGFBP7,7413
IGHMBP2,1862
IGHV3-16,419050
IGHV3-43D,338043
IGHV3-72,10
IGLL5,143853
IGSF8,1605
IHH,16735
IK,14771
IKBIP,17445
IKBKB,59003
IKBKE,18453
IKBKG,89967
IKZF1,9130
IKZF3,3777
IL10,13282
IL10RA,4404
IL10RB,5266
IL11,2067
IL11RA,2067
IL12A,7728
IL12B,9174
IL12RB1,14674
IL12RB2,10275
IL13,18406
IL13RA1,33
IL13RA2,1860
IL15,9113
IL15RA,2341
IL16,8832
IL17A,10021
IL17D,8978
IL17F,5762
IL17RA,1404
IL17RC,854
IL18,19066
IL18BP,1178
IL18R1,1178
IL18RAP,1178
IL1A,10419
IL1B,33295
IL1R1,11659
IL1RAP,3129
IL1RAPL1,39255
IL1RL1,259
IL1RN,925
IL2,11972
IL20RA,335
IL20RB,372
IL21,3879
IL21R,718
IL22,453
IL22RA1,4034
IL22RA2,33
IL23A,13379
IL23R,13070
IL26,420
IL27,15203
IL27RA,18250
IL2RA,16858
IL2RB,16760
IL2RG,31894
IL3,3317
IL31RA,3806
IL33,767
IL34,2275
IL37,1543
IL3RA,16955
IL4,8802
IL4I1,164220
IL4R,16623
IL5,1668
IL5RA,1668
IL6,37614
IL6R,40522
IL6ST,32821
IL7,1920
IL7R,11016
IL9,8799
IL9R,4270
ILF2,622
ILF3,6950
ILK,956939
ILVBL,27224
IMMT,4028
IMP3,1015
IMPA1,371699
IMPA2,24
IMPACT,8042
IMPDH1,54707
IMPDH2,114150
INA,3547
INAVA,144
INCENP,72503
INF2,3546
ING1,13769
ING2,23234
ING3,26616
ING4,32696
ING5,16410
INHA,113
INHBA,1540
INHBB,1575
INIP,2377
INKA1,2398
INMT,2415
INO80,20932
INO80B,20464
INO80C,43764
INO80E,15048
INPP4A,49930
INPP5A,11873
INPP5B,6350
INPP5D,15583
INPP5E,16661
INPP5F,20656
INPP5K,3149
INPPL1,21792
INS,93892
INSIG1,4602
INSIG2,912
INSM1,6310
INSR,22798
INSRR,7788
INTS1,28034
INTS10,2815
INTS11,34954
INTS12,2815
INTS13,2815
INTS2,24030
INTS3,35375
INTS4,23991
INTS5,24881
INTS6,32388
INTS7,24419
INTS8,56
INTS9,24108
INTU,2208
INVS,5022
IP6K1,923
IP6K2,60
IP6K3,60
IPMK,10340
IPO13,230
IPO4,32860
IPO5,14355
IPO7,17738
IPO8,358
IPO9,8012
IQCB1,8158
IQCE,7752
IQCG,7392
IQGAP1,89621
IQGAP2,11947
IQSEC1,8188
IRAK1,111905
IRAK2,9922
IRAK3,308899
IRAK4,23355
IRF1,16457
IRF2BP2,82
IRF3,25643
IRF5,7172
IRF7,82482
IRS1,67496
IRS2,31001
IRS4,44
ISCU,488
ISG15,25090
ISL1,1417
IST1,1319
ISY1,9752
ISYNA1,11880
ITCH,168022
ITFG2,707
ITGA1,23711
ITGA10,20065
ITGA11,20070
ITGA2,72911
ITGA2B,113267
ITGA3,44910
ITGA4,50666
ITGA5,67008
ITGA6,19312
ITGA7,19001
ITGA8,25715
ITGA9,19264
ITGAL,40319
ITGAM,36993
ITGAV,76083
ITGAX,17906
ITGB1,2052696
ITGB1BP1,17886
ITGB2,31102
ITGB3,70558
ITGB4,29907
ITGB5,34442
ITGB6,32749
ITGB7,32678
ITGB8,30154
ITK,15382
ITPA,213876
ITPK1,1333
ITPKA,10380
ITPKB,7757
ITPKC,7778
ITPR1,88025
ITPR2,40678
ITPR3,40616
ITSN1,11321
ITSN2,1320
IVD,2506
IWS1,17434
IYD,4617
JADE1,6400
JADE2,4379
JADE3,3398
JAG1,3933
JAG2,2839
JAK1,138259
JAK2,1066357
JAK3,27356
JAM2,22768
JAM3,13794
JARID2,17359
JCHAIN,1131
JMJD6,21510
JMJD7-PLA2G4B,1300
JMY,11512
JOSD2,13844
JUN,213236
JUNB,1810
JUND,37927
JUP,22151
KANK1,3448
KANK2,22
KANSL1,47352
KANSL2,22047
KANSL3,22047
KARS1,5575
KAT14,18219
KAT2A,92926
KAT2B,136051
KAT5,139535
KAT6A,22539
KAT6B,21455
KAT7,21193
KAT8,72272
KATNAL2,2590
KBTBD6,9285
KBTBD7,9285
KBTBD8,9285
KCNA1,458497
KCNA2,7884
KCNA3,7423
KCNA4,22036
KCNA5,13658
KCNA6,7229
KCNAB2,5722
KCNB1,7229
KCNB2,7229
KCNC1,7229
KCNC2,7229
KCNC3,7229
KCND1,7229
KCND2,11441
KCND3,7243
KCNE1,26896
KCNE2,3413
KCNE3,8605
KCNF1,7229
KCNG1,7229
KCNG3,7229
KCNG4,7229
KCNH1,6867
KCNH2,13556
KCNIP1,854
KCNIP2,788
KCNIP4,68
KCNJ11,1737
KCNJ12,18129
KCNJ18,14387
KCNJ2,14725
KCNJ3,7099
KCNJ4,14344
KCNJ5,6
KCNJ6,33907
KCNJ9,21
KCNK2,26743
KCNMA1,30624
KCNMB2,27799
KCNMB3,28034
KCNMB4,28133
KCNN2,17576
KCNN4,14295
KCNQ1,65747
KCNQ2,13644
KCNQ3,13640
KCNQ5,15994
KCNRG,7229
KCNS1,7229
KCNS2,7229
KCNU1,28224
KCTD1,7958
KCTD13,9672
KCTD15,7958
KCTD17,9610
KCTD19,6319
KCTD5,1754
KCTD6,1331
KDELR1,672
KDELR2,672
KDELR3,8129
KDM1A,175706
KDM1B,6919
KDM2A,4497
KDM2B,13462
KDM3A,27575
KDM4A,11933
KDM6A,12543
KDM8,5059
KDR,122416
KDSR,34280
KEAP1,58245
KHDC3L,9386
KHDRBS1,49727
KHDRBS3,5026
KHK,8256
KHSRP,19259
KIDINS220,7257
KIF11,9837
KIF13B,7843
KIF14,2449
KIF17,2593
KIF18A,46279
KIF18B,5449
KIF1A,7907
KIF20A,21816
KIF20B,1317
KIF21A,321
KIF23,39617
KIF2A,37613
KIF2C,33628
KIF3A,849
KIF3B,849
KIF5A,28305
KIF5B,73128
KIF5C,2350
KIF7,11796
KIFAP3,3641
KIFBP,3724
KIFC3,849
KIN,10477
KIR2DL1,6412
KIR2DL3,10079
KIR3DL1,9525
KIR3DL2,7483
KIRREL1,3277
KIRREL2,22
KIRREL3,22
KISS1R,24520
KIT,25542
KITLG,13457
KIZ,314
KL,10893
KLB,2713
KLC1,38005
KLC3,34168
KLF1,15621
KLF2,6963
KLF4,38178
KLF5,1414
KLHDC1,7890
KLHDC10,7855
KLHDC2,7845
KLHDC3,17217
KLHL12,31824
KLHL13,9285
KLHL15,1331
KLHL18,1331
KLHL2,9285
KLHL20,13563
KLHL21,9285
KLHL22,9285
KLHL24,9285
KLHL25,9285
KLHL3,16657
KLHL40,9285
KLHL41,9285
KLHL42,9285
KLHL7,9285
KLHL8,9285
KLHL9,9285
KLK3,5246
KLK5,186
KLK6,7438
KLK7,4302
KLK8,1932
KLKB1,7309
KLRC1,9584
KLRC2,1850
KLRD1,9297
KLRK1,3496
KMO,2930
KMT2A,3724219
KMT2B,26170
KMT2C,28068
KMT2D,72409
KMT2E,11933
KMT5A,30256
KNG1,100684
KNL1,16953
KNSTRN,2122
KNTC1,15
KPNA1,15195
KPNA2,39545
KPNA3,20
KPNA4,48831
KPNA6,10
KPNB1,58437
KPTN,1246
KRAS,220208
KRIT1,15640
KRTCAP2,21717
KSR1,12825
KYAT1,36146
KYAT3,25232
KYNU,3690
L1CAM,52487
L3MBTL1,21219
LACTB,1447
LAGE3,3093
LAIR1,5154
LAMA1,3519
LAMA2,3496
LAMA3,3309
LAMA4,3583
LAMA5,20774
LAMB1,20943
LAMB2,3267
LAMB3,2040
LAMB4,2040
LAMC1,22508
LAMC2,3149
LAMP1,10294
LAMP2,14711
LAMTOR1,14643
LAMTOR2,10577
LAMTOR3,58975
LAMTOR4,8116
LAMTOR5,8110
LAP3,46149
LARGE1,1
LARGE2,1
LARP4,1155
LARP4B,10553
LARP7,9706
LARS1,2965
LAS1L,33894
LAT,12374
LATS1,527017
LATS2,40460
LAYN,3372
LBR,11590
LCA5,186
LCAT,46857
LCK,20181
LCLAT1,18038
LCN2,16081
LCP1,15098
LCP2,15516
LCT,22350
LDB1,27533
LDB2,355
LDHA,105071
LDHAL6A,41660
LDHAL6B,41799
LDHC,41625
LDHD,21693
LDLR,2797
LDLRAP1,5891
LEF1,33699
LEFTY1,1075
LEFTY2,1074
LEMD2,433
LEMD3,8325
LEO1,33907
LEP,33922
LEPR,11290
LFNG,2839
LGALS3,11591
LGALS3BP,4553
LGALS8,1551
LGALS9,832
LGI1,1651
LGI2,1651
LGMN,5226
LGR4,251
LGR5,240
LGR6,20
LGSN,2835
LHCGR,20093
LHFPL5,14
LHPP,21259
LHX1,120
LHX2,3261
LHX3,120
LHX9,1558
LIF,10
LIFR,98
LIG1,39677
LIG3,55969
LIG4,750956
LILRA2,5810
LILRA4,6209
LILRA5,5810
LILRB1,15012
LILRB2,9539
LILRB3,5810
LILRB4,13690
LIMD1,51687
LIMK1,21792
LIMK2,6852
LIMS1,15299
LIMS2,13251
LIN28A,2215
LIN7A,604
LIN7B,1
LIN7C,3523
LIPA,4899
LIPE,32455
LIPT2,5578
LITAF,3607
LLGL1,18948
LLGL2,16008
LLPH,6358
LMBRD1,2018
LMNA,752666
LMNB1,30845
LMNB2,13885
LMO1,1297
LMO2,2714
LMO3,1297
LMO4,4019
LMO7,3637
LMOD1,26130
LMOD2,9595
LMTK2,9186
LMX1B,7418
LOC102723407,76523
LOC102724159,70
LONP1,728
LPA,18431
LPAR1,59646
LPAR2,35939
LPAR3,32707
LPAR4,484
LPAR6,26701
LPCAT1,13843
LPCAT2,10257
LPCAT3,4164
LPCAT4,15452
LPGAT1,3441
LPIN1,41206
LPIN2,17968
LPL,25979
LPXN,3752
LRAT,3266
LRCH1,824
LRCH4,750
LRFN5,247
LRGUK,21513
LRIF1,1849
LRIG1,4123
LRP1,4436
LRP2,7462
LRP4,158
LRP5,73006
LRP6,34946
LRP8,4056
LRPAP1,1576
LRRC14,3929
LRRC32,1074
LRRC49,2960
LRRC7,5672
LRRK2,1334148
LRSAM1,17340
LRWD1,3492
LSG1,5528
LSM1,1795
LSM10,12059
LSM11,19000
LSM12,2656
LSM14A,2154
LSM14B,2154
LSM2,15536
LSM3,11462
LSM4,12054
LSM5,10912
LSM6,10773
LSM7,13125
LSM8,10734
LSP1,20957
LSR,2001
LSS,35552
LTA,3985
LTA4H,3196
LTBP1,14762
LTBP3,1084
LTBP4,1074
LTBR,6620
LTC4S,5900
LTN1,15404
LTO1,2938
LTV1,33053
LUC7L2,19443
LUC7L3,9383
LUM,8381
LUZP1,2056
LY96,4012
LYAR,25648
LYL1,11383
LYN,153151
LYPLA1,3546
LYPLA2,548
LYRM4,5096
LYRM7,4020
LZTR1,120134
M6PR,1598
MAB21L1,2954
MAB21L2,309
MACF1,5449
MACROD1,4636
MACROH2A1,16951
MAD1L1,62634
MAD2L1,24159
MAD2L1BP,7257
MAD2L2,51688
MADCAM1,4308
MADD,3857
MAEA,579
MAF,12809
MAF1,12142
MAFA,5485
MAFB,7907
MAFK,7318
MAG,5107
MAGEC2,2569
MAGED1,3813
MAGED2,7902
MAGI1,22788
MAGI2,12089
MAGOH,12283
MAGOHB,10688
MAGT1,329392
MAIP1,1247
MAJIN,9
MAK,6405
MALSU1,8258
MALT1,40481
MAML1,16658
MAML2,16007
MAML3,16563
MAN1A1,22
MAN1B1,251
MAN2A1,32
MAN2B1,431
MAN2C1,5203
MANF,3515
MAOA,64553
MAOB,25699
MAP1A,7515
MAP1B,1191
MAP1LC3A,10728
MAP1LC3B,14381
MAP1LC3C,10207
MAP1S,3573
MAP2,17743
MAP2K1,121122
MAP2K2,69499
MAP2K3,226114
MAP2K4,95373
MAP2K5,3310
MAP2K6,65993
MAP2K7,1300650
MAP3K1,111938
MAP3K10,22224
MAP3K11,20491
MAP3K12,15879
MAP3K13,15879
MAP3K14,14231
MAP3K2,27632
MAP3K20,235497
MAP3K3,27230
MAP3K4,9305
MAP3K5,1447428
MAP3K6,135914
MAP3K7,416842
MAP3K8,31415
MAP4K1,15474
MAP4K2,6465
MAP4K3,4722
MAP4K4,2930
MAP4K5,6552
MAPK1,4053366
MAPK11,333132
MAPK12,2157115
MAPK13,92875
MAPK14,154915
MAPK3,161671
MAPK4,8153
MAPK6,27273
MAPK7,17472
MAPK8,806851
MAPK8IP1,32431
MAPK8IP2,20398
MAPK8IP3,21187
MAPK9,105575
MAPKAP1,23126
MAPKAPK2,66005
MAPKAPK3,20935
MAPKAPK5,41434
MAPRE1,147488
MAPRE2,7401
MAPRE3,7370
MAPT,701751
MARCHF5,3873
MARCHF6,1917
MARCKS,13650
MARCKSL1,6600
MARK1,227288
MARK2,386137
MARK3,33863
MARK4,11263
MARS1,11223
MARS2,5133
MARVELD2,9286
MAS1,1930
MASP1,11
MASP2,187
MAST2,3834
MASTL,7503
MAT1A,7900
MAT2A,11962
MAT2B,17439
MATK,11
MAU2,405
MAVS,40406
MAX,96252
MBD2,5499
MBD3,6018
MBD6,1210
MBL2,145
MBOAT1,22679
MBOAT2,14479
MBOAT4,4911
MBOAT7,1494
MBP,52149
MBTD1,23158
MBTPS1,5258
MBTPS2,5988
MC1R,20699
MC4R,16285
MCAM,317
MCAT,14154
MCC,8354
MCCC1,3664
MCEE,2384
MCF2L,9190
MCIDAS,577
MCL1,16031
MCM10,9132
MCM2,44461
MCM3,132130
MCM3AP,12181
MCM4,24676
MCM5,11931
MCM6,19356
MCM7,30286
MCM8,6405
MCM9,40999
MCMBP,4828
MCRIP2,2153
MCRS1,46806
MCTS1,21894
MCU,112
MCUB,1643
MDC1,21470
MDH2,36687
MDK,2612
MDM2,163282
MDM4,41811
MDN1,5187
ME1,478107
ME2,10
ME3,23868
MEAF6,80369
MEAK7,1746
MECOM,12400
MECP2,155386
MECR,7049
MED1,1009459
MED10,29214
MED11,29292
MED12,19101
MED13,10341
MED14,41905
MED15,2701
MED16,30584
MED17,30235
MED18,29524
MED19,1
MED20,52
MED21,29345
MED22,10
MED23,31676
MED24,41543
MED25,40
MED26,32776
MED27,30149
MED28,33009
MED30,32052
MED31,29398
MED4,30274
MED6,31207
MED7,30325
MED8,31909
MED9,29258
MEF2A,21417
MEF2C,12140
MEF2D,8702
MEFV,9524
MEGF8,5363
MEIOB,11396
MEIS1,4107
MEIS2,3650
MEN1,1108533
MEP1A,1761
MEPCE,8549
MERTK,1356
MET,45437
METAP1,1317
METTL1,13509
METTL14,2369
METTL15,4363
METTL17,6326
METTL21A,5295
METTL21C,3377
METTL22,947
METTL3,2369
METTL5,2403
MFAP1,15723
MFF,1666
MFGE8,7229
MFN1,12093
MFN2,26864
MFNG,2881
MGA,37745
MGAM,26629
MGAM2,3
MGAT1,4
MGAT2,34
MGAT3,2
MGAT4A,33
MGAT4B,33
MGAT4D,2
MGAT5,33
MGAT5B,424
MGLL,104126
MGME1,1043
MGRN1,5363
MGST1,18772
MGST2,18757
MGST3,18807
MIA2,743
MIA3,62
MIB1,1826
MIB2,8720
MICA,201
MICAL1,174
MICAL3,2353
MICALL1,9052
MICALL2,6581
MICB,201
MICOS10,3013
MICOS13,2974
MICU1,112
MICU2,112
MID1,4011
MID2,1374
MIEF1,2039
MIEF2,1666
MIER1,5541
MIER2,7533
MIF,15241
MINPP1,69955
MIOS,1572
MIOX,41999
MIS12,20935
MITD1,287
MITF,21258
MKI67,9663
MKKS,4789
MKLN1,612
MKNK1,24762
MKNK2,24327
MKRN2,365
MKS1,2835
MLANA,1511
MLEC,15034
MLF1,7191
MLH1,63057
MLKL,105898
MLLT1,14375
MLLT10,2109
MLLT3,17387
MLPH,1027
MLST8,48379
MLX,10669
MLXIPL,15335
MLYCD,12225
MMAA,1678
MMAB,381
MME,5021
MMGT1,235
MMP1,2454
MMP13,11564
MMP14,20357
MMP15,11726
MMP2,43252
MMP24,10825
MMP3,11306
MMP7,1985
MMP9,41922
MMS19,16346
MMS22L,1483
MMUT,22212
MNAT1,58553
MNS1,12603
MOB1A,160236
MOB1B,42879
MOB2,20362
MOB4,26059
MOBP,4121
MOCOS,3853
MOCS1,45571
MOCS2,47245
MOCS3,2964
MOGAT2,5577
MOGAT3,4655
MOGS,14140
MOK,6405
MON1A,1514
MON1B,1200
MORC3,11933
MORF4L1,37835
MORF4L2,23495
MORN4,477
MOS,18362
MOSMO,5363
MOSPD2,44
MOV10,719
MOV10L1,411
MPDZ,2503
MPG,89
MPHOSPH10,28452
MPHOSPH6,5096
MPHOSPH8,12110
MPI,27018
MPIG6B,5468
MPL,1162
MPO,5172
MPP1,3296
MPP2,287
MPP3,287
MPST,19606
MR1,4786
MRAS,27118
MRE11,42428
MRGPRX2,17275
MRM1,2629
MRM2,4697
MRNIP,31423
MRPL10,10199
MRPL11,31331
MRPL12,16298
MRPL13,58759
MRPL14,5146
MRPL15,9265
MRPL16,20415
MRPL17,39988
MRPL18,5151
MRPL19,38087
MRPL2,27205
MRPL20,16943
MRPL21,17287
MRPL22,31833
MRPL23,24709
MRPL24,26079
MRPL27,31813
MRPL28,5146
MRPL3,43119
MRPL30,11031
MRPL32,31069
MRPL33,36316
MRPL34,24387
MRPL35,5206
MRPL36,46183
MRPL37,5166
MRPL38,5184
MRPL39,5146
MRPL4,40499
MRPL40,23896
MRPL41,26588
MRPL42,5146
MRPL43,36311
MRPL44,18506
MRPL45,5297
MRPL46,27655
MRPL47,35155
MRPL48,5156
MRPL49,23551
MRPL50,37474
MRPL51,5150
MRPL52,5257
MRPL53,5226
MRPL54,5146
MRPL55,5178
MRPL57,5188
MRPL58,14871
MRPL9,17039
MRPS10,82085
MRPS11,53115
MRPS12,62931
MRPS14,30692
MRPS15,37892
MRPS16,29848
MRPS17,4876
MRPS18A,8090
MRPS18B,4963
MRPS18C,7591
MRPS2,13951
MRPS21,4876
MRPS22,4916
MRPS23,4877
MRPS24,4876
MRPS25,6912
MRPS26,4876
MRPS27,4879
MRPS28,4876
MRPS30,5217
MRPS31,4886
MRPS33,4920
MRPS34,4877
MRPS35,24514
MRPS5,43441
MRPS6,40618
MRPS7,23799
MRPS9,28058
MRRF,14471
MRTFA,97010
MRTO4,1
MS4A2,10132
MSH2,938147
MSH3,51662
MSH4,5374
MSH5,479
MSH6,805109
MSI1,889
MSL1,22047
MSL2,22047
MSL3,24117
MSMO1,2886
MSN,75569
MST1,539
MST1R,5961
MSTN,1803
MSX1,981
MSX2,10874
MT-ATP6,24482
MT-ATP8,2228
MT-CO1,145097
MT-CO2,29996
MT-CO3,22361
MT-CYB,8173
MT-ND1,20447
MT-ND2,12207
MT-ND3,11149
MT-ND4,33955
MT-ND4L,6092
MT-ND5,12022
MT-ND6,6400
MTA1,27766
MTA2,5869
MTA3,5869
MTAP,29184
MTCL1,11940
MTCP1,10578
MTERF3,9897
MTERF4,4679
MTF1,2087
MTF2,3215
MTFMT,47515
MTG1,6209
MTG2,4676
MTHFD1,56996
MTHFD2,333401
MTHFD2L,52248
MTHFR,44902
MTHFS,15318
MTM1,31534
MTMR1,5784
MTMR10,518
MTMR12,1997
MTMR14,2941
MTMR2,5793
MTMR3,5326
MTMR4,11720
MTMR6,5708
MTMR7,3054
MTMR8,5482
MTMR9,562
MTNR1A,15838
MTNR1B,23186
MTOR,235888
MTPAP,46101
MTPN,3375
MTR,5990
MTRES1,4863
MTREX,42343
MTRR,2469
MTSS1,12891
MTTP,2270
MTUS2,5449
MTX1,2123
MTX2,2694
MTX3,2970
MUC1,17969
MUC2,7229
MUL1,17340
MUS81,50984
MUSK,10
MVB12A,3052
MVB12B,3052
MVD,22013
MVK,15386
MVP,882
MX1,735
MX2,58
MXD1,6718
MYB,52169
MYBBP1A,31384
MYBL2,163
MYC,139328
MYCBP,1443
MYCBP2,17289
MYCN,23679
MYD88,82020
MYDGF,6785
MYH10,32097
MYH11,533025
MYH14,27940
MYH6,16320
MYH7,16075
MYH8,12854
MYH9,62282
MYL12A,56621
MYL12B,35282
MYL2,31981
MYL4,7231
MYL5,29
MYL6,933966
MYL6B,1603
MYL9,51187
MYLIP,3631
MYLK,68704
MYLK2,46398
MYLK3,2
MYLK4,597
MYLPF,51
MYO10,29673
MYO18A,12841
MYO18B,15220
MYO1A,9459
MYO1C,99956
MYO3A,11809
MYO3B,3404
MYO5A,15488
MYO5B,702
MYO6,108131
MYO7A,10573
MYO7B,77
MYO9A,15220
MYO9B,5866
MYOCD,1823
MYOD1,18271
MYOG,2235
MYOM1,492
MYRIP,984
MYSM1,18062
MYT1,2135
MZB1,3620
MZT1,33495
MZT2A,21550
MZT2B,18189
N4BP1,14027
N6AMT1,10644
NAA10,8931
NAA11,761
NAA15,761
NAA16,761
NAA30,761
NAA35,5637
NAA38,1573
NAA50,761
NAA80,19973
NABP1,2392
NABP2,2755
NACA,17531
NADK,19405
NADK2,15820
NADSYN1,18837
NAE1,11274
NAGA,330
NAGK,814
NAGS,22843
NAIF1,2725
NAIP,1976
NALCN,6867
NAMPT,40586
NANOG,23833
NANOGP8,7882
NANOS1,739
NANOS2,2504
NAP1L1,15858
NAP1L4,3298
NAPA,2414
NAPB,908
NAPG,298
NAPRT,24331
NARS1,1949
NARS2,1949
NASP,12383
NAT10,49382
NAT8,5407
NAT8L,16691
NAXE,822
NBAS,373
NBEA,5695
NBL1,1140
NBN,21504
NBR1,19164
NCAM1,14276
NCBP1,180815
NCBP2,61399
NCBP3,8767
NCF1,34478
NCF2,31856
NCF4,27304
NCK1,46589
NCK2,21803
NCKAP1,11731
NCKAP1L,9860
NCKIPSD,3771
NCL,3213
NCLN,9058
NCOA1,71281
NCOA2,1318
NCOA3,124221
NCOA6,35014
NCOR1,86462
NCOR2,37244
NCR3,2378
NCR3LG1,207
NCS1,1833
NCSTN,15461
NDC1,7471
NDC80,27213
NDE1,561910
NDEL1,48586
NDFIP1,3672
NDFIP2,3607
NDOR1,35
NDRG1,18575
NDRG2,1685
NDUFA1,5084
NDUFA10,5126
NDUFA11,5084
NDUFA12,6181
NDUFA13,10765
NDUFA2,6253
NDUFA3,5088
NDUFA4,3283
NDUFA5,227780
NDUFA6,6210
NDUFA7,5313
NDUFA8,11247
NDUFA9,6149
NDUFAB1,72157
NDUFAF1,4558
NDUFAF3,4605
NDUFAF4,4491
NDUFAF5,1074
NDUFAF6,1600
NDUFAF7,2919
NDUFB1,5656
NDUFB10,9073
NDUFB11,5588
NDUFB2,5104
NDUFB3,6048
NDUFB4,5084
NDUFB5,5084
NDUFB6,5088
NDUFB7,6172
NDUFB8,6056
NDUFB9,8402
NDUFC1,5084
NDUFC2,5707
NDUFS1,15631
NDUFS2,14533
NDUFS3,10661
NDUFS4,7648
NDUFS5,6334
NDUFS6,6143
NDUFS7,8674
NDUFS8,38900
NDUFV1,9104
NDUFV2,9102
NDUFV3,5356
NEB,2558
NECAP1,1238
NECAP2,3492
NECTIN1,3876
NECTIN2,4879
NECTIN3,4486
NECTIN4,3876
NEDD1,26992
NEDD4,95777
NEDD4L,30389
NEDD8,46076
NEDD9,8504
NEFH,21175
NEFL,26027
NEFM,26396
NEIL1,12859
NEK1,73
NEK2,21090
NEK6,56796
NEK7,21869
NEK9,58304
NELFA,28681
NELFB,47127
NELFCD,25729
NELFE,27066
NELL1,545
NELL2,545
NEMF,15404
NEMP1,21249
NEPRO,5545
NES,2395
NET1,5866
NEU1,4517
NEU2,4517
NEU3,4517
NEU4,4517
NEUROD1,2280
NEUROG3,1100
NF1,8614
NF2,31386
NFASC,643
NFATC1,71947
NFATC2,40773
NFATC3,36615
NFATC4,6067
NFE2L1,2062
NFE2L2,422215
NFIL3,2438
NFKB1,179424
NFKB2,12966
NFKBIA,97816
NFKBIB,21
NFKBID,732
NFKBIE,21
NFKBIZ,6963
NFRKB,15048
NFS1,1900
NFU1,147
NFYA,19314
NFYB,5733
NFYC,4275
NGEF,20472
NGF,20599
NGFR,200720
NGLY1,11173
NGRN,97
NHEJ1,45482
NHP2,21068
NID1,3020
NIFK,16292
NIN,31878
NINL,18472
NIP7,44
NIPBL,5473
NIT2,62
NKAP,2126
NKD1,14692
NKRF,1571
NKX2-5,2582
NKX3-1,10568
NKX6-1,3615
NLGN1,61
NLGN3,310
NLGN4X,61
NLK,17050
NLRC4,31191
NLRC5,3929
NLRP1,9036
NLRP12,7138
NLRP3,58775
NLRP4,856
NLRP5,719
NLRP6,4118
NLRP9,4118
NMB,759
NMBR,759
NME1,677293
NME1-NME2,526
NME2,56597
NME3,81781
NME4,50
NME6,62201
NME7,271078
NMI,2620
NMNAT1,30381
NMNAT2,30664
NMT1,3809
NMT2,1317
NMU,13218
NMUR1,13218
NMUR2,13218
NNMT,17740
NNT,14066
NOA1,4297
NOB1,36025
NOC2L,37694
NOD1,17809
NOD2,7631
NODAL,4729
NOG,1043
NOL11,20963
NOL6,25903
NOL7,10042
NOL9,3473
NOLC1,2903
NOM1,3547
NOMO1,819
NONO,753
NOP10,18342
NOP14,8134
NOP2,8254
NOP53,21354
NOP56,1564
NOP58,45140
NOS1,392106
NOS2,38476
NOS3,22153
NOTCH1,45126
NOTCH2,9330
NOTCH3,15681
NOTCH4,28649
NOTUM,4888
NOX1,9803
NOX3,2814
NOX4,7220
NOX5,6867
NOXA1,3537
NOXO1,3636
NPAS2,30970
NPAS4,26604
NPHP1,1335
NPHP3,1043
NPHP4,15753
NPHS1,330
NPL,774
NPLOC4,20850
NPM1,47908
NPM2,2778
NPPA,64196
NPPB,4409
NPPC,2164
NPR1,49440
NPR2,26865
NPR3,4847
NPRL2,3232
NPRL3,3025
NPSR1,20350
NPTN,7229
NPVF,16475
NPY,27643
NPY2R,13218
NQO1,29102
NR0B1,13554
NR0B2,7266
NR1D1,3666
NR1D2,3090
NR1H2,7334
NR1H3,8505
NR1H4,5838
NR1I2,3321
NR1I3,9820
NR2C1,1790
NR2F2,3883
NR3C1,47347
NR3C2,10321
NR4A1,44615
NR4A3,2999
NR5A1,39329
NR5A2,11
NRARP,3125
NRAS,181096
NRBP1,4364
NRBP2,329
NRCAM,325
NRDE2,7138
NRF1,7405
NRG1,13027
NRG2,13027
NRIP1,18834
NRP1,17391
NRP2,1443
NRROS,1074
NRSN1,6950
NRTN,1560
NRXN1,877
NSD3,365
NSDHL,9037
NSF,725
NSFL1C,17962
NSL1,5443
NSMAF,784
NSMCE1,3112
NSMCE2,3029
NSMCE3,3029
NSMCE4A,3029
NSRP1,3449
NSUN4,3327
NSUN6,6351
NT5C,176519
NT5C1A,688654
NT5C1B,96060
NT5C1B-RDH14,38
NT5C2,122558
NT5C3A,94933
NT5C3B,289
NT5E,239659
NT5M,55
NTF3,9534
NTF4,8454
NTN1,1919
NTPCR,1333
NTRK1,82516
NTRK2,44392
NTRK3,71070
NTS,2225
NTSR1,19572
NUAK1,12786
NUB1,137
NUDC,1355929
NUDT12,166379
NUDT13,37926
NUDT15,49932
NUDT16,690808
NUDT16L1,7323
NUDT2,266
NUDT21,2453
NUDT5,110210
NUDT8,469
NUF2,13289
NUFIP2,11942
NUMA1,29988
NUMB,32850
NUMBL,8471
NUP107,8505
NUP133,30704
NUP153,107892
NUP160,6134
NUP205,7470
NUP214,66888
NUP37,6134
NUP43,14517
NUP50,23509
NUP54,7035
NUP58,6134
NUP62,7063
NUP85,17523
NUP88,8600
NUP93,7464
NUP98,16699
NUS1,3796
NUTF2,11507
NVL,14232
NXF1,23489
NXF3,3362
NXF5,3396
NXT1,1226
NXT2,1226
OAT,77411
OAZ3,821
OBSCN,260
OBSL1,5743
OCA2,44
OCLN,19935
OCRL,11123
ODC1,7737
ODF2,19711
OFD1,18265
OGDH,90778
OGDHL,56032
OGFOD1,1649
OGG1,11357
OGT,181129
OLAH,2654
OLFM2,63615
OLR1,2001
OOEP,719
OPLAH,23135
OPN3,492
OPRD1,33616
OPRM1,33871
OPTC,1985
OPTN,64498
ORAI1,40723
ORAI2,3117
ORAI3,3117
ORC1,18072
ORC2,42247
ORC3,11129
ORC4,7407
ORC5,56229
ORC6,5378
ORMDL3,5927
OS9,17983
OSBP,91
OSBP2,91
OSBPL1A,515
OSBPL2,91
OSBPL6,91
OSCAR,2913
OSGEP,4090
OSGEPL1,2882
OSM,2067
OSMR,28
OST4,23716
OSTC,20
OTC,22116
OTOF,1058
OTUB1,19113
OTUB2,15621
OTUD3,40170
OTUD5,16189
OTUD7B,15621
OTULIN,18750
OXA1L,8153
OXCT1,24320
OXSM,2672
OXSR1,232055
P2RX1,45253
P2RX3,45253
P2RX4,45253
P2RX5,45253
P2RX6,56523
P2RX7,49769
P2RY1,15642
P2RY12,10243
P4HB,9009
PA2G4,37970
PABPC1,21977
PABPC4,842
PABPN1,14690
PACRG,14701
PACSIN1,1401
PACSIN2,1279
PACSIN3,122
PADI6,5545
PAF1,32664
PAFAH1B1,108394
PAFAH2,4706
PAGR1,8576
PAICS,12859
PAIP1,4319
PAIP2,1157
PAK1,51841
PAK2,22318
PAK3,18028
PAK4,32756
PAK5,2818
PAK6,5703
PALB2,75743
PAM16,2058
PAN2,1155
PAN3,1155
PANK1,9103
PANK2,9450
PANK3,10223
PANX1,4516
PAPOLA,580664
PAPOLB,10
PAPOLG,12863
PAPSS1,23994
PAPSS2,32311
PARD3,63647
PARD6A,33485
PARD6B,30344
PARG,12940
PARK7,109620
PARN,895
PARP1,125771
PARP2,17278
PARP3,8886
PARP4,9768
PARP6,4953
PARP8,4953
PARVA,21851
PARVB,20511
PATJ,11360
PATL1,4307
PATL2,3894
PAWR,329
PAX6,31597
PAX8,31273
PAXBP1,3001
PAXIP1,17741
PAXX,45482
PBRM1,28179
PBX1,53226
PBX2,580
PBX4,309
PC,10604
PCBP1,1723
PCBP2,3971
PCCA,16271
PCCB,18199
PCDH15,14
PCF11,6399
PCGF1,11246
PCGF2,63930
PCGF3,9506
PCGF5,9123
PCGF6,56039
PCID2,12513
PCK1,649732
PCK2,33031
PCLAF,12947
PCLO,1028
PCM1,22875
PCNA,1112250
PCNT,30590
PCOLCE,1667
PCSK1,13025
PCSK2,2868
PCSK9,2548
PCYOX1,18431
PCYT1A,41853
PCYT1B,25781
PCYT2,3901
PDCD1,19985
PDCD10,23703
PDCD11,269324
PDCD1LG2,1616
PDCD2L,476
PDCD4,7908
PDCD6,14349
PDCD6IP,19260
PDCL3,13547
PDE10A,45931
PDE12,3560
PDE1A,92183
PDE1B,54996
PDE1C,51197
PDE2A,404281
PDE3A,50495
PDE4A,24434
PDE4B,27329
PDE4C,2436
PDE4C-2,2437
PDE4D,50944
PDE4DIP,29215
PDE5A,40871
PDE6B,31871
PDE6D,164988
PDE9A,37924
PDF,13994
PDGFA,17602
PDGFB,14757
PDGFC,12768
PDGFRA,34437
PDGFRB,32471
PDHA1,22475
PDHA2,66329
PDHB,111567
PDHX,14783
PDIA3,5560
PDIA4,289
PDIA6,8396
PDK1,5523
PDK2,14917
PDK3,6692
PDK4,1291
PDLIM1,3207
PDLIM4,9459
PDPK1,37112
PDPN,284
PDS5A,1838
PDS5B,1838
PDSS2,404
PDX1,57439
PDXK,230554
PDXP,13447
PDYN,115740
PDZD11,11201
PDZD7,495
PDZD8,474
PDZK1,3021
PEA15,19372
PEBP1,24419
PECAM1,24130
PEF1,13684
PEG10,1823
PELI1,9493
PELI2,3562
PELO,27472
PELP1,33986
PENK,18003
PER1,109816
PER2,31431
PER3,23958
PERM1,1460
PERP,16980
PES1,15533
PEX10,1334
PEX11A,73
PEX11B,960
PEX11G,73
PEX12,4282
PEX13,3522
PEX14,3529
PEX16,814
PEX19,16014
PEX2,8046
PEX3,21853
PEX5,63636
PEX5L,3143
PEX7,8084
PF4,6960
PF4V1,78
PFAS,6661
PFDN1,3724
PFDN2,10221
PFDN4,5566
PFDN5,9962
PFDN6,8701
PFKFB1,76468
PFKFB2,37975
PFKFB3,15468
PFKL,31496
PFKM,38121
PFKP,29908
PFN1,25266
PFN4,9694
PGAM1,26721
PGAM2,20508
PGAM4,20610
PGAM5,8470
PGAP1,1386
PGD,3076
PGGHG,5091
PGGT1B,925
PGK1,4228
PGK2,4157
PGLS,3422
PGM1,151489
PGM2,108417
PGM3,728
PGM5,14039
PGP,5505
PGR,1147356
PGRMC1,4082
PHACTR1,12891
PHACTR4,26
PHB2,10301
PHC1,28560
PHC2,27014
PHC3,26965
PHETA1,724
PHETA2,724
PHF1,12642
PHF10,19072
PHF12,6528
PHF19,6998
PHF20,63083
PHF3,16964
PHF5A,12253
PHF6,1962
PHF8,12313
PHGDH,4069
PHIP,3774
PHLPP1,15578
PHOSPHO1,41
PHYH,392
PI4K2A,16051
PI4K2B,14657
PI4KA,16109
PI4KB,27831
PIAS1,22769
PIAS2,21095
PIAS3,13172
PIAS4,27285
PIBF1,2748
PICALM,24881
PICK1,9094
PIDD1,24887
PIEZO1,4857
PIEZO2,4858
PIF1,291340
PIGA,4903
PIGB,1287
PIGC,4696
PIGF,132
PIGG,6
PIGH,4696
PIGK,96
PIGL,20894
PIGM,5037
PIGO,106
PIGP,4696
PIGQ,4696
PIGR,1943
PIGS,92
PIGT,90
PIGU,90
PIGV,1059
PIH1D1,91070
PIK3AP1,10131
PIK3C2A,17437
PIK3C2B,28855
PIK3C2G,7859
PIK3C3,45315
PIK3CA,448152
PIK3CB,173380
PIK3CD,64966
PIK3CG,39380
PIK3R1,538656
PIK3R2,84575
PIK3R3,77
PIK3R4,6190
PIK3R5,33246
PIK3R6,31064
PIKFYVE,35878
PILRA,4818
PILRB,4364
PIM1,8287
PIM2,660
PIN1,47156
PINK1,1189587
PINX1,7860
PIP4K2A,16296
PIP4K2B,12175
PIP4K2C,17793
PIP4P1,14163
PIP4P2,16149
PIP5K1A,31067
PIP5K1B,21672
PIP5K1C,21941
PIP5KL1,9933
PIPOX,50503
PISD,7852
PITPNA,2933
PITPNM1,91
PITRM1,7438
PIWIL2,425
PJVK,1814
PKD1L3,20000
PKD2L1,20000
PKIA,26743
PKLR,539810
PKM,348390
PKMYT1,23387
PKN1,15471
PKN2,11737
PKN3,3139
PKP1,12525
PKP3,3941
PKP4,1190
PLA2G15,2061
PLA2G2A,3883
PLA2G3,7229
PLA2G4A,47989
PLA2G4B,55307
PLA2G4C,40522
PLA2G4D,23028
PLA2G4E,35466
PLA2G6,9266
PLA2G7,39359
PLAA,17368
PLAAT3,5583
PLAAT4,2465
PLAGL1,16890
PLAT,9878
PLAU,4230
PLAUR,2121
PLB1,3964
PLCB1,90458
PLCB2,47845
PLCB3,34390
PLCB4,35498
PLCD1,13303
PLCD4,15298
PLCE1,25413
PLCG1,478223
PLCG2,134691
PLCH2,5402
PLCZ1,13501
PLD1,122889
PLD2,8
PLD3,14255
PLD4,15711
PLEC,6057
PLEKHA1,440
PLEKHA2,440
PLEKHA7,9338
PLEKHA8,1403
PLEKHG5,407
PLEKHM1,923
PLEKHM2,11586
PLG,4900
PLIN1,1399
PLIN2,5295
PLIN3,5516
PLK1,3648066
PLK2,19085
PLK3,25371
PLK4,24380
PLK5,2985
PLN,90071
PLOD1,63
PLOD3,886
PLPP2,96226
PLPP3,26790
PLPP4,18721
PLPP5,14852
PLRG1,22500
PLS1,8694
PLS3,12984
PLTP,18431
PLXNA1,14553
PLXNA2,13132
PLXNB1,14560
PLXNB2,10100
PLXNB3,10605
PLXND1,387
PMAIP1,19440
PMEPA1,6851
PMF1,5196
PML,42278
PMM1,16418
PMPCA,5235
PMPCB,10623
PMS1,4895
PMS2,40574
PMVK,2676
PNKP,16878
PNLDC1,73
PNLIP,3349
PNN,3271
PNO1,39323
PNOC,15801
PNP,155576
PNPLA2,3896
PNPLA3,3380
PNPLA4,2356
PNPLA7,3619
PNPLA8,345
PNPO,13447
PNPT1,18916
PNRC2,827
POC5,6882
PODXL2,50
POGZ,9194
POLA1,28194
POLA2,26650
POLB,367641
POLD1,127548
POLD2,26997
POLD3,27351
POLD4,14043
POLDIP3,1784
POLE,37277
POLE2,68158
POLE3,110015
POLE4,35848
POLG,19516
POLG2,19516
POLH,12861
POLK,23058
POLN,11126
POLR1A,691369
POLR1B,31498
POLR1C,131427
POLR1D,25805
POLR1E,25476
POLR2A,3091119
POLR2B,420317
POLR2C,87366
POLR2D,54640
POLR2E,142694
POLR2F,56759
POLR2G,41761
POLR2H,57424
POLR2I,47676
POLR2J,41551
POLR2J3,1
POLR2K,93716
POLR2L,58856
POLR2M,18555
POLR3A,623758
POLR3B,25811
POLR3C,28715
POLR3D,25686
POLR3E,25685
POLR3F,25592
POLR3G,16573
POLR3GL,16393
POLR3H,25713
POLR3K,16573
POLRMT,804
POMC,134889
POMGNT1,1208
POMGNT2,705
POMK,2172
POMT1,705
POMT2,705
PON1,18431
POP1,50814
POP4,31514
POP5,29808
POP7,30001
POR,966
PORCN,3647
POSTN,1044
POT1,13609
POU2F1,135
POU3F1,940
POU3F2,861
POU4F1,16890
POU4F2,16890
POU5F1,29481
PPA1,177179
PPA2,27228
PPARA,31342
PPARD,3778
PPARG,83781
PPARGC1A,142050
PPARGC1B,27796
PPAT,1055
PPBP,3186
PPCDC,9651
PPCS,12057
PPFIA1,10293
PPFIA2,10333
PPFIA3,9529
PPIA,6229
PPID,29233
PPIE,247899
PPIF,16063
PPIL1,10415
PPIL2,10948
PPIL3,4718
PPIP5K1,60
PPIP5K2,60
PPM1A,18504
PPM1B,7883
PPM1D,10247
PPM1E,5967
PPM1F,5967
PPM1G,4560
PPM1K,2403
PPOX,8532
PPP1CA,528613
PPP1CB,153713
PPP1CC,385776
PPP1R10,10811
PPP1R11,10057
PPP1R12A,24242
PPP1R12B,6071
PPP1R13B,9919
PPP1R15B,24364
PPP1R16B,6071
PPP1R1A,241
PPP1R1B,4371
PPP1R21,471
PPP1R42,7953
PPP1R7,10969
PPP1R8,26130
PPP1R9B,12497
PPP2CA,780587
PPP2CB,91927
PPP2R1A,372037
PPP2R1B,141
PPP2R2A,106631
PPP2R2B,53392
PPP2R2D,50998
PPP2R3A,28959
PPP2R3C,24006
PPP2R5A,33404
PPP2R5C,31123
PPP2R5D,3
PPP2R5E,27879
PPP3CA,94936
PPP3CB,60159
PPP3CC,36796
PPP3R1,43147
PPP3R2,30684
PPP4C,50631
PPP4R2,12927
PPP4R4,2791
PPP5C,67075
PPP6C,1328
PPT1,717
PPT2,679
PPWD1,9712
PPY,16677
PQBP1,14774
PRAME,7850
PRAMEF6,7718
PRAP1,72
PRC1,2449
PRCC,4727
PRDM1,18342
PRDM16,5982
PRDX1,18043
PRDX2,10507
PRDX3,1135
PRDX4,761
PRDX5,5039
PRDX6,26107
PREB,8350
PRELID1,1685
PREX1,36838
PRICKLE1,4830
PRICKLE3,4830
PRIM1,681512
PRIM2,27599
PRIMPOL,7141
PRKAA1,169334
PRKAA2,58330
PRKAB1,26898
PRKAB2,52832
PRKACA,2682234
PRKACB,3342103
PRKACG,11949
PRKAG1,48858
PRKAG2,23819
PRKAG3,625
PRKAR1A,30915
PRKAR1B,26833
PRKAR2A,38864
PRKAR2B,47835
PRKCA,490767
PRKCB,119175
PRKCD,79619
PRKCE,116404
PRKCG,49571
PRKCH,946
PRKCI,106750
PRKCQ,34224
PRKCSH,1264
PRKCZ,160556
PRKD1,26001
PRKD2,21081
PRKD3,754
PRKDC,100326
PRKG1,90936
PRKG2,51021
PRKN,388741
PRKRA,34832
PRKRIP1,2104
PRKX,2804
PRL,27701
PRLR,20379
PRMT1,39855
PRMT3,5308
PRMT5,49701
PRMT6,5297
PRMT7,5003
PRMT8,3134
PRNP,51008
PROC,370036
PROCR,11199
PRODH,3911
PRORP,28861
PROS1,13584
PRPF19,67491
PRPF3,17832
PRPF31,133499
PRPF38A,98350
PRPF4,9713
PRPF40A,11280
PRPF6,14454
PRPF8,19498
PRPS1,31176
PRPS1L1,12
PRPS2,2
PRR5L,5697
PRRG2,7815
PRTFDC1,27278
PRTN3,1027
PRUNE1,24542
PRX,2005
PSAP,1043
PSAT1,20519
PSEN1,211667
PSEN2,29795
PSENEN,12880
PSIP1,54982
PSMA1,23337
PSMA2,18152
PSMA3,17882
PSMA4,25890
PSMA5,18264
PSMA6,18422
PSMA7,21133
PSMA8,5167
PSMB1,23940
PSMB10,40
PSMB2,83658
PSMB3,17909
PSMB4,18000
PSMB5,18117
PSMB6,17533
PSMB7,18061
PSMB8,5266
PSMB9,5322
PSMC1,40146
PSMC2,24255
PSMC3,17893
PSMC4,17027
PSMC5,37459
PSMC6,21285
PSMD1,19701
PSMD10,9141
PSMD11,18002
PSMD12,18781
PSMD13,17829
PSMD14,35837
PSMD2,21135
PSMD3,16696
PSMD4,31307
PSMD5,15413
PSMD6,17962
PSMD7,19011
PSMD8,17678
PSMD9,3281
PSME1,7613
PSME2,684
PSME3,6144
PSME3IP1,11643
PSME4,3984
PSMF1,4106
PSMG1,42767
PSMG2,33505
PSMG3,2953
PSPC1,753
PSPH,561692
PSTK,1509
PSTPIP2,1392
PTBP1,3291
PTCD1,97
PTCD3,4883
PTCH1,9098
PTCRA,795
PTDSS1,5198
PTDSS2,3822
PTEN,149202
PTF1A,688
PTGDS,48078
PTGER1,14388
PTGER2,17370
PTGER3,16761
PTGER4,14388
PTGES,39991
PTGES2,39845
PTGES3,698514
PTGFRN,1605
PTGIS,38585
PTGS1,536444
PTGS2,1079967
PTH1R,24474
PTK2,377156
PTK2B,49035
PTK6,45844
PTN,2399
PTP4A1,13693
PTP4A2,1744
PTPA,12377
PTPN1,32055
PTPN11,115576
PTPN12,14077
PTPN13,5565
PTPN14,7863
PTPN2,16174
PTPN22,1563
PTPN23,6539
PTPN3,17596
PTPN4,21244
PTPN5,30
PTPN6,171342
PTPN7,32316
PTPRA,5313
PTPRB,10475
PTPRC,10792
PTPRD,3878
PTPRE,5313
PTPRF,13233
PTPRJ,5508
PTPRM,10620
PTPRR,32316
PTPRS,3711
PTPRU,2049
PTPRZ1,532
PTRH1,1852
PTRH2,2260
PTTG1,17
PUDP,31303
PUM1,223
PUM2,705
PUM3,3512
PUS7,5163
PUS7L,2541
PVR,1270
PWP2,23663
PWWP3A,3701
PXMP2,814
PXN,27290
PYCARD,9185
PYCR1,18555
PYCR2,13085
PYCR3,3911
PYDC1,4111
PYDC2,674
PYGB,18465
PYGL,17633
PYGM,15227
PYGO2,359
PYM1,1276
PYY,45
QARS1,13244
QDPR,17004
QKI,12356
QPRT,25437
QRICH1,14440
QRSL1,2872
QTRT1,1695
QTRT2,145
RAB10,2011
RAB11A,9301
RAB11B,8047
RAB11FIP2,798
RAB11FIP3,1763
RAB11FIP4,538
RAB11FIP5,719
RAB12,1660
RAB13,37727
RAB14,475
RAB1A,6546
RAB1B,3752
RAB21,1569
RAB22A,2051
RAB25,60
RAB27A,1500
RAB27B,306
RAB2A,513
RAB2B,38
RAB31,3315
RAB32,37
RAB33A,501
RAB33B,542
RAB35,775
RAB39B,10466
RAB3A,10615
RAB3B,684
RAB3C,2
RAB3IP,2643
RAB40AL,3748
RAB43,68
RAB4A,2052
RAB5A,15625
RAB5B,24807
RAB5C,4402
RAB6A,4488
RAB6B,342
RAB6C,187
RAB7A,9123
RAB7B,6748
RAB8A,60048
RAB8B,6455
RAB9A,363819
RAB9B,11602
RABEP1,2144
RABGAP1,318
RABGEF1,19174
RABGGTA,25083
RABGGTB,5868
RAC1,31258
RAC2,464537
RAC3,159972
RACGAP1,18851
RACK1,305686
RAD1,10663
RAD17,7247
RAD18,42031
RAD21,3643
RAD21L1,2968
RAD23A,23754
RAD23B,149784
RAD50,28446
RAD51,1651542
RAD51AP1,19618
RAD51B,5842
RAD51C,18269
RAD51D,5556
RAD52,102834
RAD9A,9731
RAD9B,6176
RAE1,11333
RAET1E,201
RAET1G,201
RAF1,375785
RAG1,16983
RAG2,11622
RALA,33718
RALB,20934
RALBP1,18061
RALGAPA2,10136
RALGDS,19242
RALY,1652
RAMAC,7271
RAMP1,15426
RAMP2,15396
RAMP3,15402
RAN,986795
RANBP2,155691
RANBP3,6881
RANBP9,8262
RANGAP1,74221
RANGRF,12664
RAP1A,157154
RAP1B,75721
RAP1GAP2,12335
RAP1GDS1,11790
RAP2C,5886
RAPGEF1,11437
RAPGEF2,11465
RAPGEF3,50185
RAPGEF4,39040
RAPGEF5,10217
RAPGEF6,6122
RARA,12662
RARB,9514
RARG,1737
RARS1,8932
RASA1,22647
RASD1,10243
RASGRF1,36352
RASGRP1,10171
RASGRP2,10152
RASGRP4,7622
RASIP1,5335
RASSF1,69521
RASSF2,24706
RASSF5,40846
RASSF6,23322
RB1,470339
RB1CC1,15411
RBBP4,42199
RBBP5,107295
RBBP6,15636
RBBP7,23243
RBBP8,18106
RBCK1,25132
RBFOX1,4121
RBFOX2,1382
RBKS,1
RBL1,142
RBL2,23629
RBM10,3636
RBM14,9893
RBM15,2915
RBM15B,2369
RBM17,2901
RBM22,11016
RBM25,79481
RBM28,53
RBM3,2420
RBM39,22335
RBM4,3607
RBM45,2975
RBM5,10900
RBM7,13808
RBM8A,14564
RBMX,2387
RBMX2,10247
RBP1,286
RBPJ,28094
RBPJL,102
RBPMS,962
RBPMS2,118
RBSN,1035
RBX1,461517
RC3H1,2854
RC3H2,251
RCC1,29975
RCC1L,5650
RCC2,28132
RCE1,1163
RCHY1,19350
RCN1,3256
RCOR1,78450
RD3,492
RDH10,29087
RDH11,23513
RDH12,23517
RDH16,23514
RDH5,23515
RDX,24373
REC8,2668
RECQL4,1196
RECQL5,50545
REL,8121
RELA,234750
RELB,7668
RELL2,10443
RELN,23933
REN,2058
REP15,55
REPS1,2919
RERE,10395
REST,14044
RET,29228
RETN,11477
RETREG1,3322
REV1,23064
REV3L,1966
RFC1,23549
RFC2,24876
RFC3,24404
RFC4,24190
RFC5,33989
RFFL,3018
RFK,13250
RFWD3,6713
RFX2,6547
RFX3,5960
RFX6,2868
RFX7,308
RGCC,16890
RGN,4876
RGP1,4684
RGPD2,1926
RGPD3,4740
RGS1,9972
RGS10,5975
RGS12,9972
RGS14,37674
RGS16,11010
RGS2,10832
RGS6,3997
RGS7,6762
RGS8,5975
RHBDD1,6598
RHBDF2,1635
RHEB,507658
RHNO1,4926
RHO,24999
RHOA,300438
RHOB,1993
RHOC,7192
RHOD,2108
RHOG,10578
RHOH,173
RHOJ,6233
RHOT1,8884
RHOT2,18869
RIBC1,1832
RIBC2,12603
RIC1,4684
RIC8A,20180
RICTOR,18805
RIDA,24409
RIF1,10368
RILP,3591
RILPL2,2906
RIMKLB,52141
RIMS1,1050
RIMS2,1042
RIN1,78
RIN3,2823
RING1,31620
RINT1,243
RIOK1,41357
RIOK2,36573
RIOK3,4266
RIOX1,3635
RIPK1,120757
RIPK2,35750
RIPK3,87412
RIPK4,2039
RIPOR1,7229
RIPOR2,20603
RIT1,107826
RIT2,11363
RLIM,15678
RMC1,141
RMDN2,91
RMDN3,91
RMI1,19218
RMND5A,3066
RMND5B,184
RNASEH1,3185
RNASEH2A,15607
RNASEH2B,11254
RNASEH2C,1291
RNASEK,3450
RND1,6182
RND3,4571
RNF11,6298
RNF113A,10407
RNF115,2906
RNF123,6123
RNF125,2289
RNF126,3829
RNF13,15772
RNF135,1886
RNF138,2620
RNF139,9973
RNF14,5246
RNF144A,6286
RNF146,10793
RNF152,787
RNF168,21666
RNF169,16082
RNF185,310
RNF2,226167
RNF20,20479
RNF213,3169
RNF216,13844
RNF25,3856
RNF31,45419
RNF4,25637
RNF40,6879
RNF41,7974
RNF43,3266
RNF5,3532
RNF7,9830
RNF8,46172
RNGTT,16391
RNMT,10496
RNPC3,6367
RNPS1,46944
ROBO1,55406
ROBO2,31630
ROBO3,7198
ROCK1,87118
ROCK2,34556
ROGDI,90
ROR1,53
ROR2,656
RORA,29851
RORB,3642
RORC,5679
RP2,29939
RPA1,266478
RPA2,54776
RPA3,43708
RPA4,22410
RPAP2,19370
RPAP3,6
RPE,15348
RPE65,2603
RPEL1,1336
RPF1,11670
RPF2,133
RPGR,6367
RPGRIP1,518
RPGRIP1L,1977
RPH3A,659
RPIA,21493
RPL10,51654
RPL10A,43542
RPL10L,26549
RPL11,197292
RPL12,32133
RPL13,47421
RPL13A,46296
RPL14,45398
RPL15,48513
RPL17,35582
RPL17-C18orf32,20
RPL18,49718
RPL18A,46146
RPL19,50309
RPL21,62022
RPL22,35149
RPL23,109039
RPL23A,55062
RPL24,53626
RPL26,46156
RPL26L1,40686
RPL27,37433
RPL27A,41836
RPL28,36134
RPL29,36832
RPL3,43502
RPL30,41527
RPL31,50414
RPL32,41010
RPL34,38722
RPL35,66625
RPL35A,50369
RPL36,42856
RPL36A,36063
RPL37,37951
RPL37A,43649
RPL38,42500
RPL39,38635
RPL39L,29701
RPL3L,29254
RPL4,39239
RPL41,12659
RPL5,57194
RPL6,36498
RPL7,31566
RPL7A,48320
RPL8,50732
RPL9,36639
RPLP0,43028
RPLP1,27790
RPLP2,27830
RPN1,24010
RPN2,27120
RPP14,67935
RPP21,43990
RPP25,44935
RPP30,71270
RPP38,161278
RPP40,43965
RPRD1A,18019
RPRD1B,18711
RPRD2,3881
RPS10,160754
RPS11,167810
RPS12,44570
RPS13,55288
RPS14,85258
RPS15,354729
RPS15A,45329
RPS16,58773
RPS17,56983
RPS18,95089
RPS19,53629
RPS2,61028
RPS20,56344
RPS21,61737
RPS23,59503
RPS24,52674
RPS25,48075
RPS26,54157
RPS27,504731
RPS27A,4010817
RPS27L,30140
RPS28,61502
RPS29,51522
RPS3,53838
RPS3A,49582
RPS4X,42542
RPS4Y1,24363
RPS5,47407
RPS6,82222
RPS6KA1,40709
RPS6KA2,26795
RPS6KA3,26814
RPS6KA4,21143
RPS6KA5,53845
RPS6KA6,27037
RPS6KB1,75255
RPS6KB2,141
RPS7,56874
RPS8,51052
RPS9,75060
RPSA,46375
RPTOR,41715
RRAD,4303
RRAGA,9657
RRAGB,8005
RRAGC,8012
RRAGD,7746
RRAS,32371
RRAS2,24602
RRBP1,3256
RRM1,89334
RRM2,62986
RRM2B,79459
RRN3,15673
RRP1,5844
RRP12,10
RRP1B,20212
RRP36,4087
RRP7A,26957
RRP8,5593
RRP9,25767
RRS1,6010
RSAD1,101
RSAD2,1290
RSF1,3423
RSL1D1,21427
RSPH1,636
RSPH3,2701
RSPH4A,6328
RSPH6A,5173
RSPH9,2804
RSPO1,246
RSPO2,242
RSPO3,241
RSPO4,240
RSRC1,29462
RSRP1,478
RSU1,13252
RTCA,6911
RTEL1,1051
RTF1,25727
RTKN,5866
RTN2,348
RTN3,1616
RTN4,4416
RTN4IP1,2263
RTN4R,663
RUBCN,3941
RUFY1,1404
RUFY2,111
RUNX1,61079
RUNX1T1,11501
RUNX2,387443
RUNX3,31432
RUSC2,65
RUVBL1,164864
RUVBL2,62742
RWDD3,7958
RXRA,26151
RXRB,2
RXRG,10
RXYLT1,112
RYBP,13677
RYK,2554
RYR1,109609
RYR2,185207
RYR3,527496
S100A1,2886
S100A10,3701
S100A13,2976
S100A4,34696
S100A6,3535
S100B,7999
S1PR1,399556
S1PR2,20820
S1PR3,22454
S1PR4,24624
SAA1,2001
SAE1,18196
SAG,1746
SAMHD1,328624
SAMM50,2245
SAP18,5774
SAP30,8410
SAP30BP,1073
SAP30L,6883
SAR1A,3391
SAR1B,1284
SARDH,31630
SARNP,3028
SARS1,522028
SART1,19662
SART3,5421
SASS6,125
SAT1,2876
SAT2,1289
SATB1,3662
SAV1,29179
SBDS,13844
SBF1,518
SC5D,2851
SCAF11,3424
SCAF4,14676
SCAF8,14676
SCAP,2915
SCARA5,10060
SCARB1,2101
SCARB2,33
SCD,3896
SCD5,2885
SCFD1,887
SCIN,4102
SCLT1,3524
SCML2,13459
SCN10A,3165
SCN1A,26743
SCN1B,56202
SCN2A,13081
SCN2B,3165
SCN3A,3069
SCN3B,3165
SCN4A,9376
SCN4B,27696
SCN5A,36451
SCN7A,27534
SCN9A,3061
SCNM1,6261
SCNN1A,7561
SCNN1B,6067
SCNN1D,3165
SCNN1G,6040
SCO1,2410
SCO2,22004
SCP2,8741
SCRIB,16419
SCT,18081
SCTR,15216
SCUBE1,201
SCUBE3,2305
SCYL1,10465
SDAD1,8079
SDC1,34010
SDC3,1656
SDC4,232
SDCBP,3896
SDCCAG8,20739
SDE2,7436
SDHA,184689
SDHAF1,2628
SDHAF2,2990
SDHAF4,2990
SDHB,35769
SDHC,25830
SDHD,23989
SDR16C5,23698
SDS,98587
SEC11A,23
SEC11C,297
SEC13,23350
SEC16A,830
SEC16B,798
SEC22B,3010
SEC23A,3436
SEC23B,2570
SEC24A,3045
SEC24B,2982
SEC24C,2982
SEC24D,2994
SEC31A,14532
SEC61A1,52872
SEC61B,596352
SECISBP2,20364
SEH1L,9789
SEL1L,17271
SEL1L2,1693
SELE,166
SELENOI,5549
SELENOP,19878
SELENOS,51210
SELL,8705
SELP,1343
SELPLG,1900
SEM1,8223
SEMA3A,1292
SEMA3C,1058
SEMA3E,1118
SEMA3G,1058
SEMA4A,1089
SEMA4C,1067
SEMA4D,1557
SEMA5A,953
SEMA6A,1141
SEMA6D,1141
SEMA7A,16133
SENP1,9480
SENP2,15990
SENP3,35579
SENP6,6229
SEPHS1,59158
SEPHS2,10829
SEPSECS,11572
SEPTIN10,180150
SEPTIN11,42651
SEPTIN12,27313
SEPTIN14,12121
SEPTIN2,27960
SEPTIN3,31386
SEPTIN4,333126
SEPTIN5,40311
SEPTIN6,27321
SEPTIN7,33754
SEPTIN8,18316
SEPTIN9,50880
SERBP1,27000
SERGEF,18
SERP1,6785
SERPINA1,22057
SERPINA5,18857
SERPINB13,2916
SERPINB3,227
SERPINB4,227
SERPINB6,1767
SERPINB9,227
SERPINC1,14477
SERPINE1,35942
SERPINF1,3312
SERPINF2,12763
SERPING1,1104
SERPINH1,1250
SESN1,487
SESN2,7495
SESN3,487
SET,6167
SETD1A,22178
SETD1B,19221
SETD2,28551
SETD3,20707
SETD6,6666
SETD7,26325
SETDB1,14402
SETX,22221
SF1,348
SF3A1,12195
SF3A2,17848
SF3A3,24315
SF3B1,31715
SF3B2,15451
SF3B3,22113
SF3B4,12273
SF3B5,17006
SF3B6,11431
SFN,156703
SFPQ,10162
SFR1,2889
SFRP1,647
SFRP2,667
SGCB,3684
SGCD,3684
SGCE,3684
SGF29,51392
SGIP1,3626
SGK1,121
SGMS1,13138
SGMS2,13138
SGO1,44469
SGO2,41557
SGPL1,13469
SGPP1,15578
SGPP2,15342
SGSH,1
SGSM1,56
SGTA,6012
SH2B1,20730
SH2B2,8268
SH2B3,6622
SH2D1A,10519
SH2D1B,805
SH2D2A,292878
SH2D3A,11317
SH2D4A,6071
SH3BP1,2736
SH3BP5,701
SH3GL2,45014
SH3KBP1,42524
SHANK1,2821
SHANK2,590
SHANK3,6523
SHARPIN,11839
SHC1,169747
SHC2,42
SHC3,118
SHC4,22
SHH,3519
SHISA9,63615
SHLD2,2397
SHLD3,2573
SHMT1,188155
SHMT2,890916
SHOC2,24115
SHQ1,1989
SHROOM2,3723
SHTN1,2956
SI,25153
SIAH1,61914
SIAH2,16773
SIGLEC1,161
SIGMAR1,813
SIK1,157915
SIK2,414989
SIK3,179411
SIKE1,23871
SIM1,607
SIN3A,37820
SIN3B,6285
SINHCAF,6551
SIPA1,5807
SIPA1L1,5335
SIRPA,285
SIRPG,4458
SIRT1,114226
SIRT2,57512
SIRT3,61304
SIRT4,24318
SIRT5,26072
SIRT6,25483
SIRT7,20876
SIX1,11000
SKA1,34632
SKA2,29518
SKA3,20425
SKAP1,10893
SKI,7175
SKIL,5658
SKP1,138420
SKP2,60398
SLA2,5429
SLAIN2,9535
SLAMF1,804
SLAMF6,804
SLBP,7184
SLC12A2,28509
SLC16A1,425
SLC16A3,395
SLC16A8,395
SLC17A6,1606
SLC17A7,1765
SLC17A8,2417
SLC18A1,18872
SLC18A2,17512
SLC18A3,1747
SLC1A1,486
SLC1A6,5411
SLC22A16,138
SLC25A1,8023
SLC25A19,7229
SLC25A23,3701
SLC25A24,4880
SLC25A25,3701
SLC25A31,14668
SLC25A4,15832
SLC25A41,3701
SLC25A44,5483
SLC25A47,7229
SLC25A5,17666
SLC25A6,8445
SLC26A3,7392
SLC27A1,1212
SLC27A4,103
SLC27A5,1216
SLC2A1,18010
SLC2A2,18556
SLC2A3,11549
SLC2A4,6416
SLC32A1,7446
SLC33A1,43
SLC36A1,40000
SLC36A2,20000
SLC36A4,20000
SLC38A9,2426
SLC3A1,100
SLC3A2,16002
SLC40A1,873
SLC4A1,19
SLC5A6,930
SLC6A11,20000
SLC6A13,20000
SLC6A19,1013
SLC6A20,1013
SLC6A3,42735
SLC7A10,1010
SLC7A11,3551
SLC7A5,15807
SLC7A7,1010
SLC7A8,1010
SLC7A9,1110
SLC8A1,27820
SLC8A2,27690
SLC8A3,27793
SLC9A1,112991
SLC9A3,472
SLC9A3R1,18801
SLC9A4,4817
SLCO3A1,176
SLF1,12430
SLF2,1111
SLFN12,4576
SLIT1,2983
SLIT2,3595
SLIT3,2983
SLITRK1,247
SLITRK2,247
SLK,20155
SLMAP,19230
SLN,1096
SLPI,483
SLU7,21587
SLX1A,5406
SLX4,39381
SMAD1,63183
SMAD2,131274
SMAD3,91386
SMAD4,32076
SMAD5,20428
SMAD6,5707
SMAD7,13744
SMAD9,20355
SMARCA1,8214
SMARCA2,55329
SMARCA4,147288
SMARCA5,55777
SMARCAD1,16718
SMARCAL1,6713
SMARCB1,25951
SMARCC1,11881
SMARCC2,26794
SMARCD1,24031
SMARCD2,17715
SMARCD3,17755
SMARCE1,27079
SMC1A,31183
SMC1B,3464
SMC3,4659
SMC5,3029
SMC6,4321
SMCR8,28288
SMDT1,112
SMG1,12561
SMG6,5273
SMG8,753
SMG9,753
SMN1,5591
SMO,130401
SMPD1,13140
SMPD2,35876
SMPD3,13138
SMPD4,13139
SMU1,15467
SMURF1,26535
SMURF2,15753
SMYD2,16890
SMYD3,2166
SNAI1,56103
SNAI2,3175
SNAP23,2012
SNAP25,2058
SNAP29,10445
SNAPC4,4191
SNAPIN,1150
SNCA,951707
SNF8,3024
SNIP1,13008
SNRNP200,29856
SNRNP27,1200
SNRNP35,7100
SNRNP40,16093
SNRNP70,100913
SNRPA,13168
SNRPA1,24414
SNRPB,112068
SNRPB2,11250
SNRPC,11386
SNRPD1,14094
SNRPD2,24168
SNRPD3,26097
SNRPE,48222
SNRPF,18870
SNRPG,13617
SNRPN,12579
SNTB1,3277
SNTB2,3167
SNTG1,3684
SNU13,87438
SNUPN,13
SNW1,65431
SNX1,313
SNX12,181
SNX17,1200
SNX18,103
SNX2,313
SNX27,2429
SNX3,2260
SNX30,547
SNX33,103
SNX4,8187
SNX5,313
SNX6,313
SNX7,1261
SNX8,4693
SNX9,1343
SOAT1,1062
SOAT2,1058
SOCS1,16252
SOCS2,14572
SOCS3,31828
SOCS4,11984
SOCS5,8839
SOCS7,8839
SOD1,21766
SOD2,43452
SOD3,4734
SORBS1,10531
SORBS3,8235
SORCS2,1493
SORD,72843
SORL1,8869
SORT1,12319
SOS1,61348
SOST,3312
SOX10,11262
SOX11,10295
SOX17,3143
SOX2,27028
SOX21,1866
SOX9,51531
SP1,132492
SP100,19127
SP3,8868
SPACA9,12603
SPAG17,1443
SPAG8,12603
SPAG9,770
SPAM1,1
SPARC,6167
SPART,4065
SPAST,2105
SPATA1,140
SPATA13,17725
SPATA2,4148
SPATA46,4747
SPC24,5222
SPC25,5196
SPCS1,23
SPCS2,342
SPCS3,23
SPDL1,29526
SPDYA,27747
SPDYE4,1804
SPEN,1881
SPG7,21424
SPHK1,841808
SPHK2,34913
SPI1,20309
SPIN1,13823
SPINDOC,11942
SPINK5,11
SPIRE2,984
SPN,1881
SPOP,161625
SPOPL,14571
SPP1,29714
SPPL2A,3731
SPPL2B,3731
SPR,32248
SPRED1,901
SPRED2,68
SPRTN,21306
SPRY1,5429
SPRY2,10767
SPSB1,3706
SPSB2,4702
SPSB4,3377
SPTAN1,23346
SPTB,2073
SPTBN1,2288
SPTBN2,15939
SPTBN4,2636
SPTLC1,101025
SPTLC2,59371
SPTSSA,5927
SPTY2D1,10295
SPX,16116
SQLE,2347
SQOR,122
SQSTM1,325678
SRA1,4993
SRC,667799
SRD5A2,6005
SRD5A3,7049
SREBF1,50555
SREBF2,11741
SREK1,2078
SRF,1823
SRGAP2,8511
SRGAP3,8504
SRM,3651
SRMS,2469
SRP14,24522
SRP19,27318
SRP54,30303
SRP68,24565
SRP72,15395
SRPK1,402139
SRPK2,449223
SRPRB,27715
SRR,430083
SRRM1,26814
SRRM2,19795
SRRT,15512
SRSF1,74941
SRSF10,3670
SRSF2,22675
SRSF3,22725
SRSF4,133
SRSF5,33109
SRSF6,37760
SRSF7,22683
SRSF8,4178
SRXN1,7651
SRY,3719
SS18,11378
SS18L1,2399
SSBP3,1417
SSH1,6751
SSH2,4367
SSNA1,19794
SSR4,5604
SSRP1,1737
SST,17120
SSU72,27573
SSX2IP,3941
ST13,5295
ST3GAL1,66
ST3GAL2,50
ST3GAL4,49
ST3GAL6,353
ST6GAL1,330
ST6GAL2,330
ST6GALNAC1,36
ST8SIA2,1073
ST8SIA4,1073
STAB1,2200
STAB2,2001
STAC2,3973
STAC3,12481
STAG1,3881
STAG2,3552
STAG3,2848
STAM,55538
STAMBPL1,19449
STAP1,2703
STARD3,99
STARD3NL,5
STAT1,125819
STAT2,21174
STAT3,303172
STAT4,129919
STAT5A,117062
STAT5B,45877
STAT6,28103
STAU1,10944
STEAP3,16980
STIL,2735
STIM1,3117
STIM2,6403
STING1,5929
STIP1,30334
STK11,735092
STK24,30281
STK25,25935
STK26,521063
STK3,703628
STK36,7198
STK38,89102
STK38L,88742
STK39,5513
STK4,578693
STMN1,20654
STN1,54844
STON2,2243
STRADA,16322
STRADB,16322
STRAP,2883
STRIP1,19441
STRIP2,16897
STRN,52869
STRN3,21557
STRN4,25281
STT3A,52109
STT3B,37826
STUB1,104072
STX10,1369
STX11,61
STX12,3510
STX16,2006
STX17,9667
STX18,355
STX1A,18171
STX2,887
STX3,1218
STX4,3211
STX5,963
STX6,2301
STX7,2765
STX8,352
STXBP1,773
STXBP2,104
STXBP3,228
STXBP5,1
SUB1,2209
SUCLA2,48710
SUCLG1,457
SUCLG2,3
SUDS3,7059
SUFU,27927
SUGCT,3516
SULT1A1,910
SULT1A2,69
SULT1A3,6785
SULT1C2,69
SULT1E1,5668
SULT2A1,6951
SULT2B1,14150
SUMO1,211829
SUMO2,107072
SUMO3,25199
SUMO4,50861
SUN1,36869
SUN2,21395
SUPT16H,701
SUPT3H,43290
SUPT4H1,27849
SUPT5H,51311
SUPT6H,28487
SUPT7L,18400
SUPV3L1,4206
SURF4,8874
SURF6,2334
SUV39H1,14044
SUV39H2,1687
SUZ12,18011
SVBP,8026
SVIP,7041
SWI5,3166
SWSAP1,45482
SYAP1,3103
SYCP2,581
SYCP3,6477
SYF2,11057
SYK,71595
SYMPK,66325
SYN1,1058
SYNCRIP,17509
SYNE1,12629
SYNE2,12583
SYNE3,2644
SYNE4,2644
SYNJ1,7530
SYNPO,9853
SYP,1058
SYT1,9668
SYT17,436
SYTL1,137
SYTL2,101
SYTL3,101
SYTL4,3134
SYVN1,61557
SZT2,712
TAB1,60420
TAB2,95366
TAB3,33801
TAC1,1657
TAC4,1515
TACC3,15795
TACR1,18388
TACR2,142
TADA1,18444
TADA2A,34655
TADA2B,19000
TADA3,46831
TAF1,91891
TAF10,138137
TAF11,29221
TAF12,52116
TAF13,29382
TAF15,8367
TAF1A,4191
TAF1B,6191
TAF1C,4191
TAF1L,8283
TAF2,62411
TAF3,29238
TAF4,128445
TAF5,56638
TAF5L,21160
TAF6,77989
TAF6L,18763
TAF7,69338
TAF8,36921
TAF9,141890
TAF9B,27765
TAGLN,2039
TAGLN2,2039
TAGLN3,2039
TAL1,6401
TALDO1,82550
TANK,15393
TAOK1,46787
TAOK2,9095
TAOK3,819
TAP1,5160
TAP2,5160
TAPBP,5332
TAPBPL,4616
TARBP2,32004
TARDBP,77564
TARS1,1209
TARS2,117
TARS3,495
TAS2R46,15216
TAT,19161
TAX1BP1,17388
TAX1BP3,10475
TBC1D10A,814
TBC1D14,4912
TBC1D15,4144
TBC1D16,163
TBC1D17,3447
TBC1D2,474
TBC1D20,417
TBC1D23,696
TBC1D25,41
TBC1D5,313
TBC1D7,62518
TBCD,554
TBCE,44
TBK1,30944
TBL1X,15187
TBL1XR1,17366
TBL1Y,13122
TBP,89845
TBPL1,13915
TBPL2,60038
TBX21,3654
TBX3,19372
TBX5,11192
TBXA2R,250775
TBXT,4631
TCEA1,38577
TCEA2,182
TCF12,28301
TCF25,245
TCF3,21423
TCF4,18208
TCF7,35557
TCF7L1,25573
TCF7L2,47654
TCIRG1,3978
TCL1A,11120
TCL1B,14776
TCP1,58318
TCP11L1,2810
TCP11L2,2449
TCTN1,2837
TCTN2,2835
TCTN3,2807
TDG,330992
TDO2,7299
TDP1,195145
TDP2,790089
TDRD1,6043
TDRD12,432
TDRD3,6463
TEAD1,10034
TEAD2,9100
TEAD3,9107
TEAD4,10049
TEC,7474
TECPR1,922
TECR,4570
TEFM,64
TEK,564
TEKT1,12603
TEKT2,12603
TEKT3,12603
TEKT4,12603
TELO2,24611
TEN1,16973
TENM1,1886
TENM2,1886
TENM3,1886
TENM4,1886
TENT2,3650
TENT4A,791
TENT4B,2213
TENT5C,3020
TEP1,32262
TEPSIN,162
TERB1,1520
TERB2,138
TERF1,20549
TERF2,16299
TERF2IP,9901
TERT,87221
TES,13258
TESC,4817
TESK1,1893
TESPA1,10515
TET2,5018
TEX10,44399
TEX14,215
TEX35,108
TF,5400
TFAM,4909
TFAP2A,26088
TFAP2B,4323
TFAP2C,22654
TFAP4,6990
TFB1M,4793
TFB2M,4221
TFDP1,22124
TFE3,2791
TFEB,20948
TFG,8417
TFIP11,7993
TFPI,1484
TFPT,16866
TFRC,11054
TG,477
TGFA,15093
TGFB1,24309
TGFB1I1,7704
TGFB2,3415
TGFB3,4779
TGFBI,1044
TGFBR1,27812
TGFBR2,37509
TGFBR3,1235
TGFBRAP1,1218
TGM2,6853
TGOLN2,47
TGS1,2694
TH,82383
THADA,211
THBD,12321
THBS1,467613
THBS2,16769
THBS3,16956
THBS4,16763
THEM4,17063
THEM5,2223
THEMIS,11749
THOC1,3034
THOC2,8988
THOC3,2888
THOC5,36738
THOC6,2901
THOC7,2888
THPO,12879
THRA,25125
THRAP3,10582
THRB,27255
THTPA,397
THUMPD3,2403
THY1,2956
THYN1,4775
TIAM1,29974
TICAM1,13656
TICAM2,10679
TICRR,1598
TIFA,10177
TIGAR,68098
TIGIT,402
TIMELESS,22519
TIMM10B,386
TIMM21,803
TIMM22,1692
TIMM23,2930
TIMM29,386
TIMM50,2335
TIMP1,5306
TIMP2,14
TIMP3,3074
TIPIN,74
TIRAP,9090
TJP1,60254
TJP2,13031
TJP3,935
TK1,34324
TK2,52824
TKFC,11085
TKT,796275
TKTL1,579
TKTL2,71
TLE1,16211
TLE2,1844
TLE3,22317
TLE4,10730
TLE5,1844
TLE6,719
TLK1,1632
TLK2,1492
TLN1,67964
TLN2,27237
TLR1,5231
TLR2,33313
TLR3,39253
TLR4,37198
TLR5,11554
TLR6,5302
TLR7,2915
TLR8,2762
TLR9,4789
TM7SF2,1159
TMA16,6358
TMC1,10000
TMCO1,8239
TMED1,784
TMED10,15838
TMED2,1788
TMED3,13158
TMED4,1689
TMED5,784
TMED7,37696
TMED9,784
TMEFF1,57
TMEM107,2835
TMEM109,15542
TMEM11,3650
TMEM147,8239
TMEM17,2835
TMEM186,995
TMEM199,1746
TMEM208,856
TMEM216,2835
TMEM231,2835
TMEM249,12481
TMEM258,23719
TMEM262,12481
TMEM67,2836
TMEM70,1268
TMEM86B,964
TMEM94,25011
TMOD1,12891
TMPO,11523
TMPRSS2,5764
TMPRSS4,518
TMSB4X,9595
TNC,19747
TNF,116544
TNFAIP1,10247
TNFAIP3,25746
TNFRSF10A,6780
TNFRSF10B,21105
TNFRSF11A,10177
TNFRSF13C,529
TNFRSF14,7214
TNFRSF18,3290
TNFRSF1A,24360
TNFRSF1B,8188
TNFRSF21,7438
TNFRSF8,6465
TNFRSF9,10348
TNFSF10,5164
TNFSF11,920
TNFSF13,7162
TNFSF13B,9220
TNFSF14,694
TNFSF18,291
TNFSF9,925
TNIP1,17364
TNIP2,18041
TNK2,24332
TNKS,9528
TNKS1BP1,22790
TNKS2,4747
TNN,16676
TNNC1,27684
TNNC2,24339
TNNI2,14354
TNNI3,941693
TNNT1,14674
TNNT2,24434
TNNT3,14354
TNPO1,62513
TNPO3,16131
TNR,16548
TNRC6A,10033
TNS2,409
TNS3,11317
TNS4,16133
TNXB,16548
TOB1,5833
TOLLIP,21005
TOM1,17586
TOM1L1,2157
TOM1L2,1569
TOMM20,2645
TOMM22,120
TOMM34,1466
TOMM40,7845
TOMM5,2963
TOMM7,6534
TOMM70,30009
TONSL,9394
TOP1,26742
TOP2A,226671
TOP2B,11721
TOP3A,62423
TOPBP1,21723
TOPORS,26177
TOX4,10811
TP53,3866321
TP53BP1,360029
TP53BP2,34225
TP53I13,2777
TP53INP1,16890
TP53INP2,3497
TP53RK,90101
TP63,39758
TP73,77255
TPBG,1511
TPCN1,3834
TPCN2,3834
TPGS1,242
TPH1,24030
TPI1,35028
TPK1,4493
TPM1,37332
TPM2,14979
TPM3,46303
TPM4,14979
TPMT,21095
TPO,8604
TPP1,6785
TPP2,12859
TPR,42782
TPRKB,3086
TPRN,15961
TPSAB1,137275
TPSB2,30337
TPST1,640
TPX2,31475
TRA2A,4070
TRA2B,4347
TRADD,42984
TRAF1,9878
TRAF2,350583
TRAF3,15295
TRAF3IP1,1419
TRAF3IP2,7235
TRAF3IP3,22103
TRAF5,26158
TRAF6,387544
TRAF7,13844
TRAIP,7153
TRAK1,857
TRAK2,263
TRAM1,2374
TRAP1,6261
TRAPPC11,523
TRAPPC12,473
TRAPPC2,186
TRAPPC2B,186
TRAPPC4,2861
TRAPPC8,829
TREH,3003
TREM1,1416
TREM2,3421
TRERF1,522
TRH,1515
TRHR,16731
TRIAP1,18575
TRIB1,6771
TRIB2,2943
TRIB3,15757
TRIL,2331
TRIM17,332
TRIM21,18460
TRIM23,15621
TRIM24,648886
TRIM25,19181
TRIM27,6356
TRIM28,47234
TRIM31,4054
TRIM32,14484
TRIM33,57905
TRIM37,6612
TRIM39,3732
TRIM40,4111
TRIM5,6721
TRIM56,462
TRIM62,5445
TRIM63,12842
TRIM65,1605
TRIM66,11933
TRIM69,104
TRIM7,3254
TRIM72,3812
TRIM8,7195
TRIM9,5846
TRIO,9927
TRIOBP,1814
TRIP11,2087
TRIP12,16419
TRIP13,8899
TRIP4,30602
TRIP6,2656
TRIR,1372
TRMT10C,12065
TRMT112,33824
TRMT5,2403
TRMU,710
TRPA1,4302
TRPC3,14533
TRPC4,2054
TRPC4AP,14146
TRPC5,597
TRPC6,3868
TRPM2,11251
TRPM3,13218
TRPM4,3165
TRPM6,29056
TRPM7,123895
TRPM8,9495
TRPS1,2359
TRPV1,34092
TRPV2,17451
TRPV3,654
TRPV4,10447
TRPV5,34424
TRPV6,6867
TRRAP,126490
TRUB1,3913
TSC1,104929
TSC2,55176
TSC22D1,329
TSC22D4,329
TSEN2,3069
TSEN54,3069
TSG101,29452
TSHB,200
TSHR,1155895
TSLP,880
TSPAN33,9338
TSPO,1347
TSPOAP1,109
TSPYL2,7372
TSSC4,3133
TST,13935
TSTD1,13281
TTBK2,3256
TTC1,533
TTC4,17087
TTC5,51919
TTC7B,1461
TTC8,5948
TTF1,30274
TTF2,29916
TTI1,9498
TTK,3745
TTL,8863
TTLL1,321
TTLL12,5008
TTN,3170
TTR,7438
TUBA1A,421281
TUBA1B,42544
TUBA1C,20043
TUBA3E,25063
TUBA4A,32967
TUBA8,100
TUBB,86778
TUBB1,13252
TUBB2A,22995
TUBB2B,25345
TUBB3,15990
TUBB4A,30165
TUBB4B,43033
TUBB6,12992
TUBB8,13002
TUBG1,58771
TUBG2,3700
TUBGCP2,12628
TUBGCP3,11824
TUBGCP4,24766
TUBGCP5,29495
TUBGCP6,22628
TUFM,44845
TULP3,8
TUSC3,459897
TUT1,3853
TWF1,26603
TWIST1,11354
TWIST2,10806
TWISTNB,1000
TXK,9631
TXN,94735
TXN2,18805
TXNDC12,51007
TXNDC5,533
TXNIP,12439
TXNL1,2339
TXNL4A,15349
TXNRD1,33802
TXNRD2,15491
TYK2,19593
TYMP,5398
TYMS,638136
TYR,19577
TYROBP,23630
TYSND1,4805
U2AF1,22483
U2AF2,39701
U2SURP,2685
UAP1,797
UBA1,22414
UBA2,225055
UBA3,1293
UBA5,4284
UBA52,1718465
UBA6,16362
UBA7,17994
UBAC1,547
UBAP1,3074
UBASH3A,15855
UBASH3B,5429
UBB,283283
UBC,582047
UBD,1608
UBE2A,24756
UBE2B,21765
UBE2C,38527
UBE2D1,72799
UBE2D2,50779
UBE2D3,36912
UBE2D4,10173
UBE2E1,13624
UBE2E2,16517
UBE2E3,11115
UBE2F,1013
UBE2G1,17848
UBE2G2,22327
UBE2I,494123
UBE2J1,9439
UBE2J2,8152
UBE2K,30233
UBE2L3,20541
UBE2L6,34662
UBE2M,7870
UBE2N,174284
UBE2O,3274
UBE2R2,15305
UBE2S,35934
UBE2T,7979
UBE2V1,22407
UBE2V2,23
UBE2W,12694
UBE3A,80093
UBE3C,4109
UBE3D,2231
UBE4B,10753
UBIAD1,26748
UBL4A,6117
UBL5,19982
UBL7,18964
UBN1,1492
UBN2,140
UBOX5,1731
UBQLN1,16028
UBQLN2,15832
UBQLN4,18164
UBR1,2785
UBR2,2785
UBR5,21023
UBTF,11529
UBXN1,22857
UBXN10,6785
UBXN2A,7966
UBXN2B,9108
UBXN4,8138
UBXN6,7043
UBXN8,7063
UCHL1,15621
UCHL3,17334
UCHL5,29769
UCK1,22969
UCK2,21945
UCN,18055
UCN2,2417
UCN3,2417
UFC1,345
UFD1,23428
UFL1,185
UFM1,377
UFSP1,26
UFSP2,26
UGCG,13504
UGDH,9579
UGP2,61422
UGT1A1,16599
UGT1A10,10781
UGT1A3,10805
UGT1A4,10898
UGT1A5,10573
UGT1A6,10933
UGT1A7,10864
UGT1A8,11118
UGT1A9,10791
UGT2A2,10889
UGT2B11,10675
UGT2B15,10594
UGT2B17,10571
UGT2B28,10800
UGT2B4,10581
UGT2B7,11014
UGT8,33008
UHMK1,6508
UHRF1,15671
UHRF2,11126
UIMC1,30585
ULBP1,201
ULBP2,201
ULBP3,201
ULK1,137698
ULK2,34807
ULK3,2443
UMPS,43604
UNC119,1500
UNC119B,11541
UNC13A,8653
UNC13B,774
UNC5A,21158
UNC5C,13330
UNC5D,13351
UNC79,6867
UNC80,6867
UNC93B1,3200
UNG,9232
UPB1,13727
UPF1,11442
UPF2,3478
UPF3A,4006
UPF3B,6341
UPP1,50528
UPP2,45571
UPRT,2078
UQCR10,8647
UQCR11,8367
UQCRB,7181
UQCRC1,8491
UQCRC2,10241
UQCRFS1,24216
UQCRH,7036
UQCRQ,8668
URI1,30560
URM1,248
UROD,3567
UROS,1021
USB1,7326
USH1C,1029
USH1G,864
USH2A,475
USP1,26321
USP10,23476
USP11,6153
USP12,17594
USP13,6767
USP14,20834
USP15,15067
USP16,12864
USP17L2,97
USP18,11840
USP19,16804
USP2,15621
USP20,15425
USP21,70479
USP22,173830
USP25,19433
USP27X,18299
USP28,21534
USP3,12864
USP30,15621
USP33,31882
USP34,15621
USP36,831
USP37,9592
USP39,8531
USP4,20437
USP44,12769
USP46,19140
USP47,29174
USP5,14144
USP6NL,3
USP7,108741
USP8,34713
USP9X,24627
USPL1,5048
UTP15,22437
UTP18,27019
UTP20,45200
UTP25,7633
UTP3,18065
UTP4,24444
UTRN,45032
UVRAG,3908
UVSSA,25659
UXS1,434
UXT,72683
VAC14,2000
VAMP1,959
VAMP2,16171
VAMP3,1967
VAMP4,1190
VAMP5,486
VAMP7,6209
VAMP8,4223
VANGL2,6048
VAPA,91
VAPB,1849
VASH1,7817
VASH2,8025
VASP,99216
VAV1,28967
VAV2,26442
VAV3,27366
VCAM1,26192
VCL,54289
VCP,273899
VCPIP1,12794
VCPKMT,6598
VDAC1,54825
VDAC2,12603
VDAC3,7097
VEGFB,2671
VEGFC,4117
VEGFD,3864
VENTX,1548
VGF,4305
VGLL4,986
VHL,62872
VIM,18648
VIP,48002
VIPAS39,1181
VIPR1,15242
VIPR2,17878
VIRMA,3001
VIT,7229
VKORC1,3985
VKORC1L1,3985
VLDLR,4295
VMP1,2576
VNN1,922
VPS11,24436
VPS16,20094
VPS18,11936
VPS25,3317
VPS26A,3051
VPS26B,403
VPS26C,1168
VPS28,3178
VPS29,4344
VPS33A,12223
VPS33B,13100
VPS35,2924
VPS35L,1071
VPS36,27942
VPS37A,3190
VPS37B,3024
VPS37C,3024
VPS37D,3024
VPS39,2650
VPS41,14626
VPS45,6914
VPS4A,3481
VPS4B,3078
VPS50,71
VPS51,621
VPS52,719
VPS53,71
VPS54,71
VPS72,25577
VPS8,1218
VRK1,24904
VRK2,1258
VRK3,3228
VSIG4,414
VTA1,7808
VTI1A,1929
VTI1B,1984
VTN,23833
VWCE,7229
VWF,20774
WAPL,1838
WAS,43079
WASF1,19112
WASF2,55784
WASHC1,2347
WASHC2C,2891
WASHC3,2347
WASHC4,2347
WASHC5,2347
WASL,38686
WBP2,15541
WBP2NL,5150
WBP4,17615
WDFY3,8977
WDHD1,40
WDPCP,162
WDR11,35
WDR12,12983
WDR19,135
WDR20,2278
WDR24,1666
WDR26,579
WDR3,47
WDR33,43916
WDR35,132
WDR4,1220
WDR41,6902
WDR43,26265
WDR45,407
WDR48,17257
WDR5,366559
WDR59,1532
WDR6,211
WDR61,462
WDR62,8938
WDR7,51
WDR73,2187
WDR74,10667
WDR75,24033
WDR76,5090
WDR77,18290
WDR82,52112
WDR83,6932
WDR90,73814
WEE1,32998
WEE2,10540
WFS1,7168
WHAMM,12812
WHRN,6534
WIPI1,11862
WIPI2,4586
WIZ,3814
WLS,911
WNK1,17003
WNK2,1106
WNK3,1014
WNK4,1014
WNT1,10676
WNT10A,444
WNT10B,2537
WNT11,2583
WNT2,444
WNT2B,444
WNT3,43951
WNT3A,8505
WNT4,1799
WNT5A,6744
WNT5B,1675
WNT7A,444
WNT7B,444
WRAP53,13583
WRAP73,2102
WRN,665824
WSCD1,5545
WSCD2,5545
WT1,2870
WTAP,2578
WTIP,13934
WWC1,14887
WWOX,22761
WWP1,20729
WWP2,50643
WWTR1,308712
XAB2,12012
XBP1,780510
XCL1,2822
XCL2,46
XDH,32763
XIAP,79984
XIRP2,10960
XKR8,395
XPA,20871
XPC,105838
XPO1,179762
XPO5,41087
XPO6,5173
XPO7,97
XPOT,12653
XPR1,633
XRCC1,25994
XRCC2,14780
XRCC3,32241
XRCC4,70778
XRCC5,116133
XRCC6,143109
XRN1,17398
XRN2,3020
XXYLT1,42314
XYLB,11466
XYLT1,16386
XYLT2,25645
YAE1,2938
YAF2,10751
YAP1,213688
YARS1,2359
YARS2,206
YBEY,7807
YBX1,51394
YEATS4,25777
YES1,25139
YIF1A,6785
YJU2,9740
YKT6,65
YLPM1,9495
YME1L1,689
YOD1,18275
YPEL5,579
YRDC,4267
YTHDC1,5919
YTHDC2,5917
YWHAB,214837
YWHAE,282382
YWHAG,101872
YWHAH,92678
YWHAQ,103212
YWHAZ,513278
YY1,46091
ZAP70,114704
ZBP1,7104
ZBTB14,907
ZBTB16,6523
ZBTB17,20
ZBTB7A,5297
ZC3H11A,889
ZC3H13,45709
ZC3H14,4035
ZC3H4,2691
ZC3H8,7281
ZC3HAV1,1739
ZC3HC1,7952
ZCCHC8,5576
ZDHHC17,3608
ZDHHC5,645
ZDHHC8,339
ZDHHC9,5927
ZEB1,2586
ZEB2,227
ZER1,7718
ZFAND2B,15711
ZFC3H1,33670
ZFHX3,7348
ZFP36,8752
ZFP36L1,16193
ZFP36L2,4746
ZFP91,3759
ZFPM2,1320
ZFYVE16,14281
ZFYVE19,287
ZFYVE9,12927
ZGPAT,875
ZGRF1,306
ZIC3,1761
ZMAT2,17879
ZMPSTE24,1066
ZMYM2,9110
ZMYND8,6663
ZNF10,2569
ZNF207,1210
ZNF217,11564
ZNF219,4439
ZNF350,11881
ZNF385A,18772
ZNF395,7229
ZNF423,3038
ZNF451,7958
ZNF516,7037
ZNF622,5516
ZNF827,1962
ZNF830,5427
ZNHIT1,8431
ZNRF1,4139
ZNRF2,4139
ZNRF3,3178
ZPR1,3708
ZRANB1,17892
ZRANB3,11126
ZRSR2,21577
ZSCAN10,2614
ZSWIM7,45482
ZSWIM8,10792
ZW10,273
ZWILCH,15
ZWINT,104199
ZYG11B,7718
ZYX,28688
