Compound,Protein,Neighborhood_1,Tag
Folic acid,ATIC,1Neigh,Folic acid-1Neigh
Folic acid,BHMT2,1Neigh,Folic acid-1Neigh
Folic acid,NUDT15,1Neigh,Folic acid-1Neigh
Folic acid,GGH,1Neigh,Folic acid-1Neigh
Folic acid,BHMT,1Neigh,Folic acid-1Neigh
Folic acid,CTBP1,1Neigh,Folic acid-1Neigh
Folic acid,GRHPR,1Neigh,Folic acid-1Neigh
Folic acid,SHMT1,1Neigh,Folic acid-1Neigh
Folic acid,DHFR2,1Neigh,Folic acid-1Neigh
Folic acid,BCAT2,1Neigh,Folic acid-1Neigh
Folic acid,MTR,1Neigh,Folic acid-1Neigh
Folic acid,MTHFR,1Neigh,Folic acid-1Neigh
Folic acid,GART,1Neigh,Folic acid-1Neigh
Folic acid,MTHFD2,1Neigh,Folic acid-1Neigh
Folic acid,MTHFD2L,1Neigh,Folic acid-1Neigh
Folic acid,DHFR,1Neigh,Folic acid-1Neigh
Folic acid,MTHFD1L,1Neigh,Folic acid-1Neigh
Folic acid,CYP4F3,1Neigh,Folic acid-1Neigh
Folic acid,CYP4F2,1Neigh,Folic acid-1Neigh
Folic acid,PTGIS,1Neigh,Folic acid-1Neigh
Folic acid,ALOX12,1Neigh,Folic acid-1Neigh
Folic acid,COX5B,1Neigh,Folic acid-1Neigh
Folic acid,CYP2C9,1Neigh,Folic acid-1Neigh
Folic acid,LTC4S,1Neigh,Folic acid-1Neigh
Folic acid,ALOX15,1Neigh,Folic acid-1Neigh
Folic acid,HPGDS,1Neigh,Folic acid-1Neigh
Folic acid,CYP4A11,1Neigh,Folic acid-1Neigh
Folic acid,PLAAT3,1Neigh,Folic acid-1Neigh
Folic acid,CYP2B6,1Neigh,Folic acid-1Neigh
Folic acid,CYP2U1,1Neigh,Folic acid-1Neigh
Folic acid,PTGES,1Neigh,Folic acid-1Neigh
Folic acid,PTGES2,1Neigh,Folic acid-1Neigh
Folic acid,MT-CYB,1Neigh,Folic acid-1Neigh
Folic acid,MT-ATP6,1Neigh,Folic acid-1Neigh
Folic acid,MT-ND6,1Neigh,Folic acid-1Neigh
Folic acid,MT-ND1,1Neigh,Folic acid-1Neigh
Folic acid,MT-ND4L,1Neigh,Folic acid-1Neigh
Folic acid,MT-ND5,1Neigh,Folic acid-1Neigh
Folic acid,MT-ND4,1Neigh,Folic acid-1Neigh
Folic acid,MT-ND2,1Neigh,Folic acid-1Neigh
Folic acid,CYP2J2,1Neigh,Folic acid-1Neigh
Folic acid,CYP2C8,1Neigh,Folic acid-1Neigh
Folic acid,CYP2C19,1Neigh,Folic acid-1Neigh
Folic acid,PTGDS,1Neigh,Folic acid-1Neigh
Folic acid,CYP4A22,1Neigh,Folic acid-1Neigh
Folic acid,ALOX5,1Neigh,Folic acid-1Neigh
Folic acid,ALOX15B,1Neigh,Folic acid-1Neigh
Folic acid,PLA2G2A,1Neigh,Folic acid-1Neigh
Folic acid,CYP2E1,1Neigh,Folic acid-1Neigh
Folic acid,CYP4F8,1Neigh,Folic acid-1Neigh
Folic acid,SPATA20,1Neigh,Folic acid-1Neigh
Folic acid,MCM5,1Neigh,Folic acid-1Neigh
Folic acid,AURKA,1Neigh,Folic acid-1Neigh
Folic acid,RNASEH2A,1Neigh,Folic acid-1Neigh
Folic acid,UMPS,1Neigh,Folic acid-1Neigh
Folic acid,NT5C1A,1Neigh,Folic acid-1Neigh
Folic acid,ADAT2,1Neigh,Folic acid-1Neigh
Folic acid,NT5C,1Neigh,Folic acid-1Neigh
Folic acid,RRM2B,1Neigh,Folic acid-1Neigh
Folic acid,GINS2,1Neigh,Folic acid-1Neigh
Folic acid,DMGDH,1Neigh,Folic acid-1Neigh
Folic acid,CCNB1,1Neigh,Folic acid-1Neigh
Folic acid,CMPK2,1Neigh,Folic acid-1Neigh
Folic acid,NT5E,1Neigh,Folic acid-1Neigh
Folic acid,NDC80,1Neigh,Folic acid-1Neigh
Folic acid,MCM4,1Neigh,Folic acid-1Neigh
Folic acid,DGUOK,1Neigh,Folic acid-1Neigh
Folic acid,MCM6,1Neigh,Folic acid-1Neigh
Folic acid,PPAT,1Neigh,Folic acid-1Neigh
Folic acid,MCM2,1Neigh,Folic acid-1Neigh
Folic acid,TP53,1Neigh,Folic acid-1Neigh
Folic acid,NUF2,1Neigh,Folic acid-1Neigh
Folic acid,AMT,1Neigh,Folic acid-1Neigh
Folic acid,DCK,1Neigh,Folic acid-1Neigh
Folic acid,BUB1B,1Neigh,Folic acid-1Neigh
Folic acid,CCNB2,1Neigh,Folic acid-1Neigh
Folic acid,MAD2L1,1Neigh,Folic acid-1Neigh
Folic acid,TK2,1Neigh,Folic acid-1Neigh
Folic acid,PCLAF,1Neigh,Folic acid-1Neigh
Folic acid,RRM1,1Neigh,Folic acid-1Neigh
Folic acid,BIRC5,1Neigh,Folic acid-1Neigh
Folic acid,ENTPD3,1Neigh,Folic acid-1Neigh
Folic acid,BUB1,1Neigh,Folic acid-1Neigh
Folic acid,DTYMK,1Neigh,Folic acid-1Neigh
Folic acid,FEN1,1Neigh,Folic acid-1Neigh
Folic acid,MCM7,1Neigh,Folic acid-1Neigh
Folic acid,RNASEH1,1Neigh,Folic acid-1Neigh
Folic acid,GCSH,1Neigh,Folic acid-1Neigh
Folic acid,UPP1,1Neigh,Folic acid-1Neigh
Folic acid,ADAT3,1Neigh,Folic acid-1Neigh
Folic acid,NT5C2,1Neigh,Folic acid-1Neigh
Folic acid,E2F1,1Neigh,Folic acid-1Neigh
Folic acid,UBE2C,1Neigh,Folic acid-1Neigh
Folic acid,DCTD,1Neigh,Folic acid-1Neigh
Folic acid,PRIM1,1Neigh,Folic acid-1Neigh
Folic acid,NT5C1B,1Neigh,Folic acid-1Neigh
Folic acid,RRM2,1Neigh,Folic acid-1Neigh
Folic acid,EXO1,1Neigh,Folic acid-1Neigh
Folic acid,IBA57,1Neigh,Folic acid-1Neigh
Folic acid,DTL,1Neigh,Folic acid-1Neigh
Folic acid,UCK2,1Neigh,Folic acid-1Neigh
Folic acid,DPYD,1Neigh,Folic acid-1Neigh
Folic acid,ENTPD1,1Neigh,Folic acid-1Neigh
Folic acid,ENTPD8,1Neigh,Folic acid-1Neigh
Folic acid,SARDH,1Neigh,Folic acid-1Neigh
Folic acid,CDC20,1Neigh,Folic acid-1Neigh
Folic acid,UPRT,1Neigh,Folic acid-1Neigh
Folic acid,CDA,1Neigh,Folic acid-1Neigh
Folic acid,PCNA,1Neigh,Folic acid-1Neigh
Folic acid,RFC3,1Neigh,Folic acid-1Neigh
Folic acid,ITPA,1Neigh,Folic acid-1Neigh
Folic acid,DUT,1Neigh,Folic acid-1Neigh
Folic acid,GLDC,1Neigh,Folic acid-1Neigh
Folic acid,NT5M,1Neigh,Folic acid-1Neigh
Folic acid,CDK1,1Neigh,Folic acid-1Neigh
Folic acid,TYMP,1Neigh,Folic acid-1Neigh
Folic acid,NT5C3B,1Neigh,Folic acid-1Neigh
Folic acid,CHEK1,1Neigh,Folic acid-1Neigh
Folic acid,CDC45,1Neigh,Folic acid-1Neigh
Folic acid,NT5C1B-RDH14,1Neigh,Folic acid-1Neigh
Folic acid,MCM3,1Neigh,Folic acid-1Neigh
Folic acid,IREB2,1Neigh,Folic acid-1Neigh
Folic acid,SLC40A1,1Neigh,Folic acid-1Neigh
Folic acid,FTH1,1Neigh,Folic acid-1Neigh
Folic acid,PANK1,1Neigh,Folic acid-1Neigh
Folic acid,SCARA5,1Neigh,Folic acid-1Neigh
Folic acid,TFRC,1Neigh,Folic acid-1Neigh
Folic acid,MAPK1,1Neigh,Folic acid-1Neigh
Folic acid,HMOX1,1Neigh,Folic acid-1Neigh
Folic acid,NFKBIA,1Neigh,Folic acid-1Neigh
Folic acid,MMP2,1Neigh,Folic acid-1Neigh
Folic acid,CCL2,1Neigh,Folic acid-1Neigh
Folic acid,NFKB1,1Neigh,Folic acid-1Neigh
Folic acid,MAPK14,1Neigh,Folic acid-1Neigh
Folic acid,HBEGF,1Neigh,Folic acid-1Neigh
Folic acid,PTGER2,1Neigh,Folic acid-1Neigh
Folic acid,KRAS,1Neigh,Folic acid-1Neigh
Folic acid,TLR2,1Neigh,Folic acid-1Neigh
Folic acid,MAPK3,1Neigh,Folic acid-1Neigh
Folic acid,IL1A,1Neigh,Folic acid-1Neigh
Folic acid,IL1B,1Neigh,Folic acid-1Neigh
Folic acid,STAT3,1Neigh,Folic acid-1Neigh
Folic acid,ERBB2,1Neigh,Folic acid-1Neigh
Folic acid,EGFR,1Neigh,Folic acid-1Neigh
Folic acid,IL18,1Neigh,Folic acid-1Neigh
Folic acid,PPARG,1Neigh,Folic acid-1Neigh
Folic acid,CEBPB,1Neigh,Folic acid-1Neigh
Folic acid,FOS,1Neigh,Folic acid-1Neigh
Folic acid,CXCL8,1Neigh,Folic acid-1Neigh
Folic acid,CYCS,1Neigh,Folic acid-1Neigh
Folic acid,CASP3,1Neigh,Folic acid-1Neigh
Folic acid,MMP1,1Neigh,Folic acid-1Neigh
Folic acid,NOS2,1Neigh,Folic acid-1Neigh
Folic acid,CASP9,1Neigh,Folic acid-1Neigh
Folic acid,NLRP3,1Neigh,Folic acid-1Neigh
Folic acid,CAV1,1Neigh,Folic acid-1Neigh
Folic acid,CASP8,1Neigh,Folic acid-1Neigh
Folic acid,JUN,1Neigh,Folic acid-1Neigh
Folic acid,MMP9,1Neigh,Folic acid-1Neigh
Folic acid,SRC,1Neigh,Folic acid-1Neigh
Folic acid,TLR4,1Neigh,Folic acid-1Neigh
Folic acid,CXCL1,1Neigh,Folic acid-1Neigh
Folic acid,BCL2,1Neigh,Folic acid-1Neigh
Folic acid,RELA,1Neigh,Folic acid-1Neigh
Folic acid,IL6,1Neigh,Folic acid-1Neigh
Folic acid,CXCL2,1Neigh,Folic acid-1Neigh
Folic acid,HIF1A,1Neigh,Folic acid-1Neigh
Folic acid,LGALS9C,1Neigh,Folic acid-1Neigh
Folic acid,SLC22A8,1Neigh,Folic acid-1Neigh
Folic acid,CFTR,1Neigh,Folic acid-1Neigh
Folic acid,SIRT1,1Neigh,Folic acid-1Neigh
Folic acid,STUB1,1Neigh,Folic acid-1Neigh
Folic acid,KAT2A,1Neigh,Folic acid-1Neigh
Folic acid,NR3C1,1Neigh,Folic acid-1Neigh
Folic acid,TARDBP,1Neigh,Folic acid-1Neigh
Folic acid,H4C6,1Neigh,Folic acid-1Neigh
Folic acid,TRIM28,1Neigh,Folic acid-1Neigh
Folic acid,MDM2,1Neigh,Folic acid-1Neigh
Folic acid,CREBBP,1Neigh,Folic acid-1Neigh
Folic acid,EP300,1Neigh,Folic acid-1Neigh
Folic acid,KAT2B,1Neigh,Folic acid-1Neigh
Folic acid,NCOR1,1Neigh,Folic acid-1Neigh
Folic acid,RPS27A,1Neigh,Folic acid-1Neigh
Folic acid,H2BC1,1Neigh,Folic acid-1Neigh
Folic acid,H2BC5,1Neigh,Folic acid-1Neigh
Folic acid,H2AZ1,1Neigh,Folic acid-1Neigh
Folic acid,HSPA4,1Neigh,Folic acid-1Neigh
Folic acid,H2AZ2,1Neigh,Folic acid-1Neigh
Folic acid,HCLS1,1Neigh,Folic acid-1Neigh
Folic acid,H2BC4,1Neigh,Folic acid-1Neigh
Folic acid,HSPA5,1Neigh,Folic acid-1Neigh
Folic acid,GSK3B,1Neigh,Folic acid-1Neigh
Folic acid,H2AC20,1Neigh,Folic acid-1Neigh
Folic acid,HSP90AA1,1Neigh,Folic acid-1Neigh
Folic acid,TUBA1B,1Neigh,Folic acid-1Neigh
Folic acid,PARK7,1Neigh,Folic acid-1Neigh
Folic acid,MAPT,1Neigh,Folic acid-1Neigh
Folic acid,RBPJ,1Neigh,Folic acid-1Neigh
Folic acid,HTT,1Neigh,Folic acid-1Neigh
Folic acid,H2BC12,1Neigh,Folic acid-1Neigh
Folic acid,VCP,1Neigh,Folic acid-1Neigh
Folic acid,XRCC6,1Neigh,Folic acid-1Neigh
Folic acid,DCTN1,1Neigh,Folic acid-1Neigh
Folic acid,PRKN,1Neigh,Folic acid-1Neigh
Folic acid,BAG3,1Neigh,Folic acid-1Neigh
Folic acid,H2BC21,1Neigh,Folic acid-1Neigh
Folic acid,H2AC18,1Neigh,Folic acid-1Neigh
Folic acid,RUNX2,1Neigh,Folic acid-1Neigh
Folic acid,HSP90AB1,1Neigh,Folic acid-1Neigh
Folic acid,RBBP4,1Neigh,Folic acid-1Neigh
Folic acid,HDAC1,1Neigh,Folic acid-1Neigh
Folic acid,CTTN,1Neigh,Folic acid-1Neigh
Folic acid,H2BC13,1Neigh,Folic acid-1Neigh
Folic acid,ATXN3L,1Neigh,Folic acid-1Neigh
Folic acid,SQSTM1,1Neigh,Folic acid-1Neigh
Folic acid,PLAA,1Neigh,Folic acid-1Neigh
Folic acid,NCOR2,1Neigh,Folic acid-1Neigh
Folic acid,CDKN1A,1Neigh,Folic acid-1Neigh
Folic acid,UBA52,1Neigh,Folic acid-1Neigh
Folic acid,CYLD,1Neigh,Folic acid-1Neigh
Folic acid,RHOA,1Neigh,Folic acid-1Neigh
Folic acid,HSF1,1Neigh,Folic acid-1Neigh
Folic acid,H2AX,1Neigh,Folic acid-1Neigh
Folic acid,HSPA8,1Neigh,Folic acid-1Neigh
Folic acid,UBC,1Neigh,Folic acid-1Neigh
Folic acid,H2BC18,1Neigh,Folic acid-1Neigh
Folic acid,H2BC11,1Neigh,Folic acid-1Neigh
Folic acid,H2BC17,1Neigh,Folic acid-1Neigh
Folic acid,H2BC14,1Neigh,Folic acid-1Neigh
Folic acid,UBB,1Neigh,Folic acid-1Neigh
Folic acid,H2BC9,1Neigh,Folic acid-1Neigh
Folic acid,H2BC3,1Neigh,Folic acid-1Neigh
Folic acid,DLD,1Neigh,Folic acid-1Neigh
Folic acid,SPTLC2,1Neigh,Folic acid-1Neigh
Folic acid,AHCY,1Neigh,Folic acid-1Neigh
Folic acid,MTFMT,1Neigh,Folic acid-1Neigh
Folic acid,GAPDHS,1Neigh,Folic acid-1Neigh
Folic acid,DAO,1Neigh,Folic acid-1Neigh
Folic acid,TPI1,1Neigh,Folic acid-1Neigh
Folic acid,AGXT2,1Neigh,Folic acid-1Neigh
Folic acid,SDS,1Neigh,Folic acid-1Neigh
Folic acid,ALDH1L2,1Neigh,Folic acid-1Neigh
Folic acid,MTHFS,1Neigh,Folic acid-1Neigh
Folic acid,SPTLC1,1Neigh,Folic acid-1Neigh
Folic acid,ALDH1L1,1Neigh,Folic acid-1Neigh
Folic acid,ABRAXAS2,1Neigh,Folic acid-1Neigh
Folic acid,AGXT,1Neigh,Folic acid-1Neigh
Folic acid,MAT2A,1Neigh,Folic acid-1Neigh
Folic acid,PIPOX,1Neigh,Folic acid-1Neigh
Folic acid,GLUD2,1Neigh,Folic acid-1Neigh
Folic acid,IDH2,1Neigh,Folic acid-1Neigh
Folic acid,ADSS1,1Neigh,Folic acid-1Neigh
Folic acid,SRR,1Neigh,Folic acid-1Neigh
Folic acid,SDSL,1Neigh,Folic acid-1Neigh
Folic acid,BABAM2,1Neigh,Folic acid-1Neigh
Folic acid,BABAM1,1Neigh,Folic acid-1Neigh
Folic acid,ADSS2,1Neigh,Folic acid-1Neigh
Folic acid,FCGR3A,1Neigh,Folic acid-1Neigh
Folic acid,ALDH18A1,1Neigh,Folic acid-1Neigh
Folic acid,GNMT,1Neigh,Folic acid-1Neigh
Folic acid,PSAT1,1Neigh,Folic acid-1Neigh
Folic acid,ASNS,1Neigh,Folic acid-1Neigh
Folic acid,ALAS1,1Neigh,Folic acid-1Neigh
Folic acid,PSPH,1Neigh,Folic acid-1Neigh
Folic acid,GATM,1Neigh,Folic acid-1Neigh
Folic acid,GAPDH,1Neigh,Folic acid-1Neigh
Folic acid,FTCD,1Neigh,Folic acid-1Neigh
Folic acid,CBS,1Neigh,Folic acid-1Neigh
Folic acid,PAICS,1Neigh,Folic acid-1Neigh
Folic acid,ABCC2,1Neigh,Folic acid-1Neigh
Folic acid,AGO2,1Neigh,Folic acid-1Neigh
Folic acid,EHHADH,1Neigh,Folic acid-1Neigh
Folic acid,DGCR8,1Neigh,Folic acid-1Neigh
Folic acid,TARBP2,1Neigh,Folic acid-1Neigh
Folic acid,ACAA2,1Neigh,Folic acid-1Neigh
Folic acid,POP7,1Neigh,Folic acid-1Neigh
Folic acid,TRMT10C,1Neigh,Folic acid-1Neigh
Folic acid,RPP25,1Neigh,Folic acid-1Neigh
Folic acid,PRKRA,1Neigh,Folic acid-1Neigh
Folic acid,HADHB,1Neigh,Folic acid-1Neigh
Folic acid,ACAA1,1Neigh,Folic acid-1Neigh
Folic acid,POP5,1Neigh,Folic acid-1Neigh
Folic acid,DHX9,1Neigh,Folic acid-1Neigh
Folic acid,ECHS1,1Neigh,Folic acid-1Neigh
Folic acid,AGO3,1Neigh,Folic acid-1Neigh
Folic acid,AGO1,1Neigh,Folic acid-1Neigh
Folic acid,AGO4,1Neigh,Folic acid-1Neigh
Folic acid,RPP40,1Neigh,Folic acid-1Neigh
Folic acid,POP1,1Neigh,Folic acid-1Neigh
Folic acid,RPP30,1Neigh,Folic acid-1Neigh
Folic acid,ERN1,1Neigh,Folic acid-1Neigh
Folic acid,RPP21,1Neigh,Folic acid-1Neigh
Folic acid,RPP14,1Neigh,Folic acid-1Neigh
Folic acid,DROSHA,1Neigh,Folic acid-1Neigh
Folic acid,CLP1,1Neigh,Folic acid-1Neigh
Folic acid,DICER1,1Neigh,Folic acid-1Neigh
Folic acid,PRORP,1Neigh,Folic acid-1Neigh
Folic acid,POP4,1Neigh,Folic acid-1Neigh
Folic acid,GLA,1Neigh,Folic acid-1Neigh
Folic acid,SI,1Neigh,Folic acid-1Neigh
Folic acid,HK2,1Neigh,Folic acid-1Neigh
Folic acid,HK3,1Neigh,Folic acid-1Neigh
Folic acid,AMY1B,1Neigh,Folic acid-1Neigh
Folic acid,HKDC1,1Neigh,Folic acid-1Neigh
Folic acid,AMY2B,1Neigh,Folic acid-1Neigh
Folic acid,MGAM2,1Neigh,Folic acid-1Neigh
Folic acid,MGAM,1Neigh,Folic acid-1Neigh
Folic acid,CYP26B1,1Neigh,Folic acid-1Neigh
Folic acid,ADH1A,1Neigh,Folic acid-1Neigh
Folic acid,CYP3A5,1Neigh,Folic acid-1Neigh
Folic acid,CYP26A1,1Neigh,Folic acid-1Neigh
Folic acid,NANOG,1Neigh,Folic acid-1Neigh
Folic acid,RDH10,1Neigh,Folic acid-1Neigh
Folic acid,ALDH1A2,1Neigh,Folic acid-1Neigh
Folic acid,RDH5,1Neigh,Folic acid-1Neigh
Folic acid,BCO1,1Neigh,Folic acid-1Neigh
Folic acid,POU5F1,1Neigh,Folic acid-1Neigh
Folic acid,CYP2C18,1Neigh,Folic acid-1Neigh
Folic acid,ADH5,1Neigh,Folic acid-1Neigh
Folic acid,CYP2A6,1Neigh,Folic acid-1Neigh
Folic acid,UGT1A6,1Neigh,Folic acid-1Neigh
Folic acid,UGT1A1,1Neigh,Folic acid-1Neigh
Folic acid,ADH1B,1Neigh,Folic acid-1Neigh
Folic acid,CYP2S1,1Neigh,Folic acid-1Neigh
Folic acid,DHRS4,1Neigh,Folic acid-1Neigh
Folic acid,ALDH1A3,1Neigh,Folic acid-1Neigh
Folic acid,CYP3A7,1Neigh,Folic acid-1Neigh
Folic acid,CYP1A2,1Neigh,Folic acid-1Neigh
Folic acid,UGT1A10,1Neigh,Folic acid-1Neigh
Folic acid,UGT1A4,1Neigh,Folic acid-1Neigh
Folic acid,UGT1A7,1Neigh,Folic acid-1Neigh
Folic acid,UGT1A8,1Neigh,Folic acid-1Neigh
Folic acid,AOX1,1Neigh,Folic acid-1Neigh
Folic acid,RDH11,1Neigh,Folic acid-1Neigh
Folic acid,CYP1A1,1Neigh,Folic acid-1Neigh
Folic acid,DHRS9,1Neigh,Folic acid-1Neigh
Folic acid,SDR16C5,1Neigh,Folic acid-1Neigh
Folic acid,HSD17B6,1Neigh,Folic acid-1Neigh
Folic acid,ENSP00000480571,1Neigh,Folic acid-1Neigh
Folic acid,CYP26C1,1Neigh,Folic acid-1Neigh
Folic acid,APEX1,1Neigh,Folic acid-1Neigh
Folic acid,XRCC1,1Neigh,Folic acid-1Neigh
Folic acid,FANCM,1Neigh,Folic acid-1Neigh
Folic acid,ATM,1Neigh,Folic acid-1Neigh
Folic acid,APLF,1Neigh,Folic acid-1Neigh
Folic acid,MUS81,1Neigh,Folic acid-1Neigh
Folic acid,ERCC4,1Neigh,Folic acid-1Neigh
Folic acid,PRKDC,1Neigh,Folic acid-1Neigh
Folic acid,PNKP,1Neigh,Folic acid-1Neigh
Folic acid,TOP1,1Neigh,Folic acid-1Neigh
Folic acid,PARP1,1Neigh,Folic acid-1Neigh
Folic acid,TDP2,1Neigh,Folic acid-1Neigh
Folic acid,XRCC5,1Neigh,Folic acid-1Neigh
Folic acid,HSD11B2,1Neigh,Folic acid-1Neigh
Folic acid,PARP2,1Neigh,Folic acid-1Neigh
Folic acid,LIG1,1Neigh,Folic acid-1Neigh
Folic acid,NEIL2,1Neigh,Folic acid-1Neigh
Folic acid,XPC,1Neigh,Folic acid-1Neigh
Folic acid,WRN,1Neigh,Folic acid-1Neigh
Folic acid,POLE,1Neigh,Folic acid-1Neigh
Folic acid,LIG3,1Neigh,Folic acid-1Neigh
Folic acid,DHDH,1Neigh,Folic acid-1Neigh
Folic acid,GCK,1Neigh,Folic acid-1Neigh
Folic acid,SPR,1Neigh,Folic acid-1Neigh
Folic acid,AKR7A2,1Neigh,Folic acid-1Neigh
Folic acid,TPH1,1Neigh,Folic acid-1Neigh
Folic acid,G6PC,1Neigh,Folic acid-1Neigh
Folic acid,ALDH2,1Neigh,Folic acid-1Neigh
Folic acid,LCT,1Neigh,Folic acid-1Neigh
Folic acid,MGLL,1Neigh,Folic acid-1Neigh
Folic acid,SORD,1Neigh,Folic acid-1Neigh
Folic acid,G6PC3,1Neigh,Folic acid-1Neigh
Folic acid,GALM,1Neigh,Folic acid-1Neigh
Folic acid,PTS,1Neigh,Folic acid-1Neigh
Folic acid,QDPR,1Neigh,Folic acid-1Neigh
Folic acid,CBR1,1Neigh,Folic acid-1Neigh
Folic acid,DCXR,1Neigh,Folic acid-1Neigh
Folic acid,GLB1,1Neigh,Folic acid-1Neigh
Folic acid,TPH2,1Neigh,Folic acid-1Neigh
Folic acid,ALDH3A2,1Neigh,Folic acid-1Neigh
Folic acid,ALDH9A1,1Neigh,Folic acid-1Neigh
Folic acid,GK2,1Neigh,Folic acid-1Neigh
Folic acid,AKR1B10,1Neigh,Folic acid-1Neigh
Folic acid,G6PC2,1Neigh,Folic acid-1Neigh
Folic acid,TH,1Neigh,Folic acid-1Neigh
Folic acid,CDK2,1Neigh,Folic acid-1Neigh
Folic acid,IFNA1,1Neigh,Folic acid-1Neigh
Folic acid,DDB1,1Neigh,Folic acid-1Neigh
Folic acid,RNASEH2C,1Neigh,Folic acid-1Neigh
Folic acid,MX2,1Neigh,Folic acid-1Neigh
Folic acid,OAS2,1Neigh,Folic acid-1Neigh
Folic acid,STAT1,1Neigh,Folic acid-1Neigh
Folic acid,IFIT1,1Neigh,Folic acid-1Neigh
Folic acid,IFIT3,1Neigh,Folic acid-1Neigh
Folic acid,CUL4A,1Neigh,Folic acid-1Neigh
Folic acid,IRF7,1Neigh,Folic acid-1Neigh
Folic acid,DCAF1,1Neigh,Folic acid-1Neigh
Folic acid,IRF3,1Neigh,Folic acid-1Neigh
Folic acid,CCNA2,1Neigh,Folic acid-1Neigh
Folic acid,CDKN1B,1Neigh,Folic acid-1Neigh
Folic acid,HCFC2,1Neigh,Folic acid-1Neigh
Folic acid,JUND,1Neigh,Folic acid-1Neigh
Folic acid,H3-3B,1Neigh,Folic acid-1Neigh
Folic acid,SMAD2,1Neigh,Folic acid-1Neigh
Folic acid,KMT2C,1Neigh,Folic acid-1Neigh
Folic acid,CDKN2C,1Neigh,Folic acid-1Neigh
Folic acid,RBBP5,1Neigh,Folic acid-1Neigh
Folic acid,DAXX,1Neigh,Folic acid-1Neigh
Folic acid,IQGAP1,1Neigh,Folic acid-1Neigh
Folic acid,KMT2D,1Neigh,Folic acid-1Neigh
Folic acid,HCFC1,1Neigh,Folic acid-1Neigh
Folic acid,SENP3,1Neigh,Folic acid-1Neigh
Folic acid,EZH2,1Neigh,Folic acid-1Neigh
Folic acid,WDR5B,1Neigh,Folic acid-1Neigh
Folic acid,SMAD3,1Neigh,Folic acid-1Neigh
Folic acid,H3C13,1Neigh,Folic acid-1Neigh
Folic acid,ASH2L,1Neigh,Folic acid-1Neigh
Folic acid,HOXA9,1Neigh,Folic acid-1Neigh
Folic acid,DPY30,1Neigh,Folic acid-1Neigh
Folic acid,WDR5,1Neigh,Folic acid-1Neigh
Folic acid,H3C12,1Neigh,Folic acid-1Neigh
Folic acid,H3-4,1Neigh,Folic acid-1Neigh
Folic acid,PYGO2,1Neigh,Folic acid-1Neigh
Folic acid,PSIP1,1Neigh,Folic acid-1Neigh
Folic acid,CXXC1,1Neigh,Folic acid-1Neigh
Folic acid,CASR,1Neigh,Folic acid-1Neigh
Folic acid,MGA,1Neigh,Folic acid-1Neigh
Folic acid,MLLT1,1Neigh,Folic acid-1Neigh
Folic acid,TAF4,1Neigh,Folic acid-1Neigh
Folic acid,SETD1A,1Neigh,Folic acid-1Neigh
Folic acid,ELL,1Neigh,Folic acid-1Neigh
Folic acid,BRD4,1Neigh,Folic acid-1Neigh
Folic acid,DNMT3A,1Neigh,Folic acid-1Neigh
Folic acid,AFF4,1Neigh,Folic acid-1Neigh
Folic acid,KAT6A,1Neigh,Folic acid-1Neigh
Folic acid,MEIS1,1Neigh,Folic acid-1Neigh
Folic acid,RUNX1,1Neigh,Folic acid-1Neigh
Folic acid,PELP1,1Neigh,Folic acid-1Neigh
Folic acid,H2AC8,1Neigh,Folic acid-1Neigh
Folic acid,MLLT10,1Neigh,Folic acid-1Neigh
Folic acid,KMT2E,1Neigh,Folic acid-1Neigh
Folic acid,TAF7,1Neigh,Folic acid-1Neigh
Folic acid,RUVBL1,1Neigh,Folic acid-1Neigh
Folic acid,PRPF31,1Neigh,Folic acid-1Neigh
Folic acid,H3-5,1Neigh,Folic acid-1Neigh
Folic acid,MYB,1Neigh,Folic acid-1Neigh
Folic acid,SMARCB1,1Neigh,Folic acid-1Neigh
Folic acid,H4C11,1Neigh,Folic acid-1Neigh
Folic acid,MCRS1,1Neigh,Folic acid-1Neigh
Folic acid,PHF8,1Neigh,Folic acid-1Neigh
Folic acid,MAX,1Neigh,Folic acid-1Neigh
Folic acid,H2AC13,1Neigh,Folic acid-1Neigh
Folic acid,H2AC11,1Neigh,Folic acid-1Neigh
Folic acid,H2AC17,1Neigh,Folic acid-1Neigh
Folic acid,H3-3A,1Neigh,Folic acid-1Neigh
Folic acid,RNF2,1Neigh,Folic acid-1Neigh
Folic acid,H3C14,1Neigh,Folic acid-1Neigh
Folic acid,H3C10,1Neigh,Folic acid-1Neigh
Folic acid,PPIE,1Neigh,Folic acid-1Neigh
Folic acid,CDK9,1Neigh,Folic acid-1Neigh
Folic acid,PHF20,1Neigh,Folic acid-1Neigh
Folic acid,LAS1L,1Neigh,Folic acid-1Neigh
Folic acid,TEX10,1Neigh,Folic acid-1Neigh
Folic acid,H4C2,1Neigh,Folic acid-1Neigh
Folic acid,H3C4,1Neigh,Folic acid-1Neigh
Folic acid,H2AC6,1Neigh,Folic acid-1Neigh
Folic acid,H4C3,1Neigh,Folic acid-1Neigh
Folic acid,KDM6A,1Neigh,Folic acid-1Neigh
Folic acid,MLLT3,1Neigh,Folic acid-1Neigh
Folic acid,TAF9,1Neigh,Folic acid-1Neigh
Folic acid,E2F6,1Neigh,Folic acid-1Neigh
Folic acid,DOT1L,1Neigh,Folic acid-1Neigh
Folic acid,H3C15,1Neigh,Folic acid-1Neigh
Folic acid,KANSL1,1Neigh,Folic acid-1Neigh
Folic acid,CREB1,1Neigh,Folic acid-1Neigh
Folic acid,INO80C,1Neigh,Folic acid-1Neigh
Folic acid,TAF6,1Neigh,Folic acid-1Neigh
Folic acid,KAT8,1Neigh,Folic acid-1Neigh
Folic acid,TAF1,1Neigh,Folic acid-1Neigh
Folic acid,H4-16,1Neigh,Folic acid-1Neigh
Folic acid,C17ORF49,1Neigh,Folic acid-1Neigh
Folic acid,H4C15,1Neigh,Folic acid-1Neigh
Folic acid,H4C14,1Neigh,Folic acid-1Neigh
Folic acid,RUVBL2,1Neigh,Folic acid-1Neigh
Folic acid,H4C1,1Neigh,Folic acid-1Neigh
Folic acid,H4C4,1Neigh,Folic acid-1Neigh
Folic acid,H4C12,1Neigh,Folic acid-1Neigh
Folic acid,H3C1,1Neigh,Folic acid-1Neigh
Folic acid,H4C13,1Neigh,Folic acid-1Neigh
Folic acid,H4C9,1Neigh,Folic acid-1Neigh
Folic acid,H2AC15,1Neigh,Folic acid-1Neigh
Folic acid,H2AC16,1Neigh,Folic acid-1Neigh
Folic acid,H3C11,1Neigh,Folic acid-1Neigh
Folic acid,H2AC4,1Neigh,Folic acid-1Neigh
Folic acid,H3C7,1Neigh,Folic acid-1Neigh
Folic acid,H3C8,1Neigh,Folic acid-1Neigh
Folic acid,H3C3,1Neigh,Folic acid-1Neigh
Folic acid,H4C5,1Neigh,Folic acid-1Neigh
Folic acid,H3C2,1Neigh,Folic acid-1Neigh
Folic acid,H4C8,1Neigh,Folic acid-1Neigh
Folic acid,H3C6,1Neigh,Folic acid-1Neigh
Folic acid,TSHB,1Neigh,Folic acid-1Neigh
Folic acid,GNAQ,1Neigh,Folic acid-1Neigh
Folic acid,LHCGR,1Neigh,Folic acid-1Neigh
Folic acid,TRH,1Neigh,Folic acid-1Neigh
Folic acid,GNG2,1Neigh,Folic acid-1Neigh
Folic acid,GIP,1Neigh,Folic acid-1Neigh
Folic acid,VIP,1Neigh,Folic acid-1Neigh
Folic acid,GNAS,1Neigh,Folic acid-1Neigh
Folic acid,NPPA,1Neigh,Folic acid-1Neigh
Folic acid,GNB1,1Neigh,Folic acid-1Neigh
Folic acid,POMC,1Neigh,Folic acid-1Neigh
Folic acid,GCG,1Neigh,Folic acid-1Neigh
Folic acid,FSHB,1Neigh,Folic acid-1Neigh
Folic acid,IGLL5,1Neigh,Folic acid-1Neigh
Folic acid,ADCYAP1,1Neigh,Folic acid-1Neigh
Folic acid,LOC102723407,1Neigh,Folic acid-1Neigh
Folic acid,IGHV3-16,1Neigh,Folic acid-1Neigh
Folic acid,MTHFD1,1Neigh,Folic acid-1Neigh
Folic acid,GCH1,1Neigh,Folic acid-1Neigh
Folic acid,CTBP2,1Neigh,Folic acid-1Neigh
Folic acid,BCAT1,1Neigh,Folic acid-1Neigh
Folic acid,ALOX12B,1Neigh,Folic acid-1Neigh
Folic acid,PTGES3,1Neigh,Folic acid-1Neigh
Folic acid,MT-ND3,1Neigh,Folic acid-1Neigh
Folic acid,PLB1,1Neigh,Folic acid-1Neigh
Folic acid,MT-ATP8,1Neigh,Folic acid-1Neigh
Folic acid,PLA2G4C,1Neigh,Folic acid-1Neigh
Folic acid,NT5C3A,1Neigh,Folic acid-1Neigh
Folic acid,TK1,1Neigh,Folic acid-1Neigh
Folic acid,ZWINT,1Neigh,Folic acid-1Neigh
Folic acid,RAD51,1Neigh,Folic acid-1Neigh
Folic acid,AURKB,1Neigh,Folic acid-1Neigh
Folic acid,CTPS1,1Neigh,Folic acid-1Neigh
Folic acid,SMUG1,1Neigh,Folic acid-1Neigh
Folic acid,PRIM2,1Neigh,Folic acid-1Neigh
Folic acid,MTRR,1Neigh,Folic acid-1Neigh
Folic acid,PTTG1,1Neigh,Folic acid-1Neigh
Folic acid,RFC4,1Neigh,Folic acid-1Neigh
Folic acid,ENSP00000492798,1Neigh,Folic acid-1Neigh
Folic acid,ENSP00000491651,1Neigh,Folic acid-1Neigh
Folic acid,ACO1,1Neigh,Folic acid-1Neigh
Folic acid,HAMP,1Neigh,Folic acid-1Neigh
Folic acid,NCOA4,1Neigh,Folic acid-1Neigh
Folic acid,PANK2,1Neigh,Folic acid-1Neigh
Folic acid,HFE,1Neigh,Folic acid-1Neigh
Folic acid,PLA2G4B,1Neigh,Folic acid-1Neigh
Folic acid,PLA2G4A,1Neigh,Folic acid-1Neigh
Folic acid,MYC,1Neigh,Folic acid-1Neigh
Folic acid,AKT1,1Neigh,Folic acid-1Neigh
Folic acid,IL4,1Neigh,Folic acid-1Neigh
Folic acid,CCL5,1Neigh,Folic acid-1Neigh
Folic acid,CTNNB1,1Neigh,Folic acid-1Neigh
Folic acid,TNF,1Neigh,Folic acid-1Neigh
Folic acid,PTGER4,1Neigh,Folic acid-1Neigh
Folic acid,ICAM1,1Neigh,Folic acid-1Neigh
Folic acid,MYD88,1Neigh,Folic acid-1Neigh
Folic acid,STAT6,1Neigh,Folic acid-1Neigh
Folic acid,ACTB,1Neigh,Folic acid-1Neigh
Folic acid,IL10,1Neigh,Folic acid-1Neigh
Folic acid,SLC22A7,1Neigh,Folic acid-1Neigh
Folic acid,SIRT2,1Neigh,Folic acid-1Neigh
Folic acid,ATXN3,1Neigh,Folic acid-1Neigh
Folic acid,HDAC2,1Neigh,Folic acid-1Neigh
Folic acid,H2BC15,1Neigh,Folic acid-1Neigh
Folic acid,H2BU1,1Neigh,Folic acid-1Neigh
Folic acid,TUBA1A,1Neigh,Folic acid-1Neigh
Folic acid,SNCA,1Neigh,Folic acid-1Neigh
Folic acid,DYNLL1,1Neigh,Folic acid-1Neigh
Folic acid,H2BS1,1Neigh,Folic acid-1Neigh
Folic acid,HDAC9,1Neigh,Folic acid-1Neigh
Folic acid,SPTLC3,1Neigh,Folic acid-1Neigh
Folic acid,TKT,1Neigh,Folic acid-1Neigh
Folic acid,ALAS2,1Neigh,Folic acid-1Neigh
Folic acid,ADSL,1Neigh,Folic acid-1Neigh
Folic acid,MAT1A,1Neigh,Folic acid-1Neigh
Folic acid,BRCC3,1Neigh,Folic acid-1Neigh
Folic acid,FCGR3B,1Neigh,Folic acid-1Neigh
Folic acid,PHGDH,1Neigh,Folic acid-1Neigh
Folic acid,CBSL,1Neigh,Folic acid-1Neigh
Folic acid,ABCG2,1Neigh,Folic acid-1Neigh
Folic acid,RPP38,1Neigh,Folic acid-1Neigh
Folic acid,HADHA,1Neigh,Folic acid-1Neigh
Folic acid,ECI1,1Neigh,Folic acid-1Neigh
Folic acid,HK1,1Neigh,Folic acid-1Neigh
Folic acid,AMY2A,1Neigh,Folic acid-1Neigh
Folic acid,GYG1,1Neigh,Folic acid-1Neigh
Folic acid,CYP3A4,1Neigh,Folic acid-1Neigh
Folic acid,ADH1C,1Neigh,Folic acid-1Neigh
Folic acid,ADH4,1Neigh,Folic acid-1Neigh
Folic acid,ADH7,1Neigh,Folic acid-1Neigh
Folic acid,RDH8,1Neigh,Folic acid-1Neigh
Folic acid,RDH12,1Neigh,Folic acid-1Neigh
Folic acid,RDH16,1Neigh,Folic acid-1Neigh
Folic acid,ADH6,1Neigh,Folic acid-1Neigh
Folic acid,DHRS3,1Neigh,Folic acid-1Neigh
Folic acid,CD44,1Neigh,Folic acid-1Neigh
Folic acid,SOX2,1Neigh,Folic acid-1Neigh
Folic acid,EPHX2,1Neigh,Folic acid-1Neigh
Folic acid,APEX2,1Neigh,Folic acid-1Neigh
Folic acid,APTX,1Neigh,Folic acid-1Neigh
Folic acid,LIG4,1Neigh,Folic acid-1Neigh
Folic acid,TOP2A,1Neigh,Folic acid-1Neigh
Folic acid,HSD11B1,1Neigh,Folic acid-1Neigh
Folic acid,PARG,1Neigh,Folic acid-1Neigh
Folic acid,TPP2,1Neigh,Folic acid-1Neigh
Folic acid,USP47,1Neigh,Folic acid-1Neigh
Folic acid,NEIL1,1Neigh,Folic acid-1Neigh
Folic acid,POLD1,1Neigh,Folic acid-1Neigh
Folic acid,AKR1C3,1Neigh,Folic acid-1Neigh
Folic acid,PAH,1Neigh,Folic acid-1Neigh
Folic acid,AKR7A3,1Neigh,Folic acid-1Neigh
Folic acid,ALDH1B1,1Neigh,Folic acid-1Neigh
Folic acid,GK,1Neigh,Folic acid-1Neigh
Folic acid,ALDH7A1,1Neigh,Folic acid-1Neigh
Folic acid,CBR3,1Neigh,Folic acid-1Neigh
Folic acid,RNASEH2B,1Neigh,Folic acid-1Neigh
Folic acid,ISG15,1Neigh,Folic acid-1Neigh
Folic acid,MX1,1Neigh,Folic acid-1Neigh
Folic acid,OAS1,1Neigh,Folic acid-1Neigh
Folic acid,IRF9,1Neigh,Folic acid-1Neigh
Folic acid,IFIT2,1Neigh,Folic acid-1Neigh
Folic acid,KMT2B,1Neigh,Folic acid-1Neigh
Folic acid,CDC73,1Neigh,Folic acid-1Neigh
Folic acid,FOSL1,1Neigh,Folic acid-1Neigh
Folic acid,ATRX,1Neigh,Folic acid-1Neigh
Folic acid,SMAD4,1Neigh,Folic acid-1Neigh
Folic acid,PAXIP1,1Neigh,Folic acid-1Neigh
Folic acid,SETD1B,1Neigh,Folic acid-1Neigh
Folic acid,ESR1,1Neigh,Folic acid-1Neigh
Folic acid,PLCB3,1Neigh,Folic acid-1Neigh
Folic acid,CHD8,1Neigh,Folic acid-1Neigh
Folic acid,H3-2,1Neigh,Folic acid-1Neigh
Folic acid,AFF1,1Neigh,Folic acid-1Neigh
Folic acid,PBX1,1Neigh,Folic acid-1Neigh
Folic acid,GATA2,1Neigh,Folic acid-1Neigh
Folic acid,CBFB,1Neigh,Folic acid-1Neigh
Folic acid,MLLT6,1Neigh,Folic acid-1Neigh
Folic acid,SIN3A,1Neigh,Folic acid-1Neigh
Folic acid,CGA,1Neigh,Folic acid-1Neigh
Folic acid,TRHR,1Neigh,Folic acid-1Neigh
Folic acid,IGF1R,1Neigh,Folic acid-1Neigh
Folic acid,CTLA4,1Neigh,Folic acid-1Neigh
Folic acid,CA5B,1Neigh,Folic acid-1Neigh
Folic acid,FPGS,Target,Folic acid-Target
Folic acid,PTGS1,Target,Folic acid-Target
Folic acid,TYMS,Target,Folic acid-Target
Folic acid,FTL,Target,Folic acid-Target
Folic acid,PTGS2,Target,Folic acid-Target
Folic acid,ABCC4,Target,Folic acid-Target
Folic acid,HDAC6,Target,Folic acid-Target
Folic acid,SHMT2,Target,Folic acid-Target
Folic acid,SLC22A1,Target,Folic acid-Target
Folic acid,HSD17B10,Target,Folic acid-Target
Folic acid,KDM4E,Target,Folic acid-Target
Folic acid,GAA,Target,Folic acid-Target
Folic acid,ALDH1A1,Target,Folic acid-Target
Folic acid,TDP1,Target,Folic acid-Target
Folic acid,HPGD,Target,Folic acid-Target
Folic acid,POLB,Target,Folic acid-Target
Folic acid,AKR1B1,Target,Folic acid-Target
Folic acid,SAMHD1,Target,Folic acid-Target
Folic acid,MEN1,Target,Folic acid-Target
Folic acid,KMT2A,Target,Folic acid-Target
Folic acid,TSHR,Target,Folic acid-Target
Folic acid,CA5A,Target,Folic acid-Target
