Compound,Protein,Neighborhood_1,Tag
Nootropic,IDUA,1Neigh,1Neigh-Nootropic
Nootropic,ARSB,1Neigh,1Neigh-Nootropic
Nootropic,GUSB,1Neigh,1Neigh-Nootropic
Nootropic,ITGB4,1Neigh,1Neigh-Nootropic
Nootropic,LAMB1,1Neigh,1Neigh-Nootropic
Nootropic,ITGB8,1Neigh,1Neigh-Nootropic
Nootropic,LAMA4,1Neigh,1Neigh-Nootropic
Nootropic,LAMA5,1Neigh,1Neigh-Nootropic
Nootropic,ITGAV,1Neigh,1Neigh-Nootropic
Nootropic,ITGA9,1Neigh,1Neigh-Nootropic
Nootropic,ITGB7,1Neigh,1Neigh-Nootropic
Nootropic,EGFR,1Neigh,1Neigh-Nootropic
Nootropic,ITGA1,1Neigh,1Neigh-Nootropic
Nootropic,ITGA5,1Neigh,1Neigh-Nootropic
Nootropic,ITGB5,1Neigh,1Neigh-Nootropic
Nootropic,ITGA2,1Neigh,1Neigh-Nootropic
Nootropic,ITGA3,1Neigh,1Neigh-Nootropic
Nootropic,LAMA3,1Neigh,1Neigh-Nootropic
Nootropic,ITGA11,1Neigh,1Neigh-Nootropic
Nootropic,PTK2,1Neigh,1Neigh-Nootropic
Nootropic,SV2A,1Neigh,1Neigh-Nootropic
Nootropic,ITGA10,1Neigh,1Neigh-Nootropic
Nootropic,COL4A1,1Neigh,1Neigh-Nootropic
Nootropic,ITGA8,1Neigh,1Neigh-Nootropic
Nootropic,LAMB3,1Neigh,1Neigh-Nootropic
Nootropic,SV2B,1Neigh,1Neigh-Nootropic
Nootropic,ITGB1,1Neigh,1Neigh-Nootropic
Nootropic,ITGA4,1Neigh,1Neigh-Nootropic
Nootropic,CD44,1Neigh,1Neigh-Nootropic
Nootropic,LAMA2,1Neigh,1Neigh-Nootropic
Nootropic,CACNG1,1Neigh,1Neigh-Nootropic
Nootropic,GRIN3B,1Neigh,1Neigh-Nootropic
Nootropic,CACNG6,1Neigh,1Neigh-Nootropic
Nootropic,CATSPERB,1Neigh,1Neigh-Nootropic
Nootropic,CACNG4,1Neigh,1Neigh-Nootropic
Nootropic,GRIN2D,1Neigh,1Neigh-Nootropic
Nootropic,OLFM2,1Neigh,1Neigh-Nootropic
Nootropic,CACNA1C,1Neigh,1Neigh-Nootropic
Nootropic,CACNG8,1Neigh,1Neigh-Nootropic
Nootropic,CNIH3,1Neigh,1Neigh-Nootropic
Nootropic,CATSPER3,1Neigh,1Neigh-Nootropic
Nootropic,GRIN2C,1Neigh,1Neigh-Nootropic
Nootropic,GRIA2,1Neigh,1Neigh-Nootropic
Nootropic,CACNG2,1Neigh,1Neigh-Nootropic
Nootropic,CACNB3,1Neigh,1Neigh-Nootropic
Nootropic,CATSPER1,1Neigh,1Neigh-Nootropic
Nootropic,CNIH2,1Neigh,1Neigh-Nootropic
Nootropic,CACNB2,1Neigh,1Neigh-Nootropic
Nootropic,STAC3,1Neigh,1Neigh-Nootropic
Nootropic,CACNA1H,1Neigh,1Neigh-Nootropic
Nootropic,HTR3A,1Neigh,1Neigh-Nootropic
Nootropic,CACNA2D1,1Neigh,1Neigh-Nootropic
Nootropic,RYR1,1Neigh,1Neigh-Nootropic
Nootropic,GRIN3A,1Neigh,1Neigh-Nootropic
Nootropic,CACNA1S,1Neigh,1Neigh-Nootropic
Nootropic,CATSPERE,1Neigh,1Neigh-Nootropic
Nootropic,GRIN1,1Neigh,1Neigh-Nootropic
Nootropic,CACNA1F,1Neigh,1Neigh-Nootropic
Nootropic,CATSPERD,1Neigh,1Neigh-Nootropic
Nootropic,CACNA2D4,1Neigh,1Neigh-Nootropic
Nootropic,CACNG7,1Neigh,1Neigh-Nootropic
Nootropic,HSPA2,1Neigh,1Neigh-Nootropic
Nootropic,CAMK2B,1Neigh,1Neigh-Nootropic
Nootropic,EFCAB9,1Neigh,1Neigh-Nootropic
Nootropic,FKBP1A,1Neigh,1Neigh-Nootropic
Nootropic,CATSPERG,1Neigh,1Neigh-Nootropic
Nootropic,CATSPER4,1Neigh,1Neigh-Nootropic
Nootropic,GRIA1,1Neigh,1Neigh-Nootropic
Nootropic,TMEM262,1Neigh,1Neigh-Nootropic
Nootropic,CACNG5,1Neigh,1Neigh-Nootropic
Nootropic,CACNB4,1Neigh,1Neigh-Nootropic
Nootropic,SHISA9,1Neigh,1Neigh-Nootropic
Nootropic,TMEM249,1Neigh,1Neigh-Nootropic
Nootropic,GRIN2B,1Neigh,1Neigh-Nootropic
Nootropic,PSMA4,1Neigh,1Neigh-Nootropic
Nootropic,PSMC4,1Neigh,1Neigh-Nootropic
Nootropic,PSMD8,1Neigh,1Neigh-Nootropic
Nootropic,PSMA3,1Neigh,1Neigh-Nootropic
Nootropic,PSME2,1Neigh,1Neigh-Nootropic
Nootropic,PSMD7,1Neigh,1Neigh-Nootropic
Nootropic,PSMA2,1Neigh,1Neigh-Nootropic
Nootropic,CSF3,1Neigh,1Neigh-Nootropic
Nootropic,NEDD8,1Neigh,1Neigh-Nootropic
Nootropic,EIF2S1,1Neigh,1Neigh-Nootropic
Nootropic,SORT1,1Neigh,1Neigh-Nootropic
Nootropic,AKIRIN2,1Neigh,1Neigh-Nootropic
Nootropic,CCT7,1Neigh,1Neigh-Nootropic
Nootropic,PSMB7,1Neigh,1Neigh-Nootropic
Nootropic,PSMC1,1Neigh,1Neigh-Nootropic
Nootropic,PSMA6,1Neigh,1Neigh-Nootropic
Nootropic,USP14,1Neigh,1Neigh-Nootropic
Nootropic,PSMD11,1Neigh,1Neigh-Nootropic
Nootropic,PSMB1,1Neigh,1Neigh-Nootropic
Nootropic,DESI1,1Neigh,1Neigh-Nootropic
Nootropic,PSMD3,1Neigh,1Neigh-Nootropic
Nootropic,PSMB6,1Neigh,1Neigh-Nootropic
Nootropic,RPS27A,1Neigh,1Neigh-Nootropic
Nootropic,CCT5,1Neigh,1Neigh-Nootropic
Nootropic,CCT8,1Neigh,1Neigh-Nootropic
Nootropic,PSMG3,1Neigh,1Neigh-Nootropic
Nootropic,PSMB4,1Neigh,1Neigh-Nootropic
Nootropic,PSME3,1Neigh,1Neigh-Nootropic
Nootropic,CCT3,1Neigh,1Neigh-Nootropic
Nootropic,UBXN7,1Neigh,1Neigh-Nootropic
Nootropic,CCT2,1Neigh,1Neigh-Nootropic
Nootropic,RPL15,1Neigh,1Neigh-Nootropic
Nootropic,PSMD1,1Neigh,1Neigh-Nootropic
Nootropic,PSMD2,1Neigh,1Neigh-Nootropic
Nootropic,PSMC5,1Neigh,1Neigh-Nootropic
Nootropic,PSMA8,1Neigh,1Neigh-Nootropic
Nootropic,PSMG2,1Neigh,1Neigh-Nootropic
Nootropic,PSMG1,1Neigh,1Neigh-Nootropic
Nootropic,EEF1G,1Neigh,1Neigh-Nootropic
Nootropic,PSMF1,1Neigh,1Neigh-Nootropic
Nootropic,EEF1A1,1Neigh,1Neigh-Nootropic
Nootropic,RPS2,1Neigh,1Neigh-Nootropic
Nootropic,PSMD12,1Neigh,1Neigh-Nootropic
Nootropic,PSMB10,1Neigh,1Neigh-Nootropic
Nootropic,VCP,1Neigh,1Neigh-Nootropic
Nootropic,PSMB5,1Neigh,1Neigh-Nootropic
Nootropic,PRKN,1Neigh,1Neigh-Nootropic
Nootropic,UCHL5,1Neigh,1Neigh-Nootropic
Nootropic,UBQLN4,1Neigh,1Neigh-Nootropic
Nootropic,PSMD4,1Neigh,1Neigh-Nootropic
Nootropic,PSMA7,1Neigh,1Neigh-Nootropic
Nootropic,PSMB2,1Neigh,1Neigh-Nootropic
Nootropic,EIF3I,1Neigh,1Neigh-Nootropic
Nootropic,PSMB9,1Neigh,1Neigh-Nootropic
Nootropic,PSMB8,1Neigh,1Neigh-Nootropic
Nootropic,POMP,1Neigh,1Neigh-Nootropic
Nootropic,PSME1,1Neigh,1Neigh-Nootropic
Nootropic,PSME4,1Neigh,1Neigh-Nootropic
Nootropic,PSMB11,1Neigh,1Neigh-Nootropic
Nootropic,PSMD14,1Neigh,1Neigh-Nootropic
Nootropic,UBA52,1Neigh,1Neigh-Nootropic
Nootropic,RPSA,1Neigh,1Neigh-Nootropic
Nootropic,PSMC2,1Neigh,1Neigh-Nootropic
Nootropic,PSMD13,1Neigh,1Neigh-Nootropic
Nootropic,PSMA1,1Neigh,1Neigh-Nootropic
Nootropic,PSMD6,1Neigh,1Neigh-Nootropic
Nootropic,KIAA2012,1Neigh,1Neigh-Nootropic
Nootropic,RACK1,1Neigh,1Neigh-Nootropic
Nootropic,UBE2V2,1Neigh,1Neigh-Nootropic
Nootropic,RPS20,1Neigh,1Neigh-Nootropic
Nootropic,UBC,1Neigh,1Neigh-Nootropic
Nootropic,UBB,1Neigh,1Neigh-Nootropic
Nootropic,ADRM1,1Neigh,1Neigh-Nootropic
Nootropic,PSMC3,1Neigh,1Neigh-Nootropic
Nootropic,PSMB3,1Neigh,1Neigh-Nootropic
Nootropic,TGFB1,1Neigh,1Neigh-Nootropic
Nootropic,COL1A1,1Neigh,1Neigh-Nootropic
Nootropic,VTN,1Neigh,1Neigh-Nootropic
Nootropic,TGFB3,1Neigh,1Neigh-Nootropic
Nootropic,TNN,1Neigh,1Neigh-Nootropic
Nootropic,VASP,1Neigh,1Neigh-Nootropic
Nootropic,THBS1,1Neigh,1Neigh-Nootropic
Nootropic,VWF,1Neigh,1Neigh-Nootropic
Nootropic,ITGA2B,1Neigh,1Neigh-Nootropic
Nootropic,TNC,1Neigh,1Neigh-Nootropic
Nootropic,COL6A3,1Neigh,1Neigh-Nootropic
Nootropic,COL1A2,1Neigh,1Neigh-Nootropic
Nootropic,LTBP3,1Neigh,1Neigh-Nootropic
Nootropic,TLN1,1Neigh,1Neigh-Nootropic
Nootropic,FLNC,1Neigh,1Neigh-Nootropic
Nootropic,PARVA,1Neigh,1Neigh-Nootropic
Nootropic,CAV1,1Neigh,1Neigh-Nootropic
Nootropic,THBS4,1Neigh,1Neigh-Nootropic
Nootropic,CRKL,1Neigh,1Neigh-Nootropic
Nootropic,FN1,1Neigh,1Neigh-Nootropic
Nootropic,ITGAL,1Neigh,1Neigh-Nootropic
Nootropic,COL4A2,1Neigh,1Neigh-Nootropic
Nootropic,LAMC3,1Neigh,1Neigh-Nootropic
Nootropic,THBS2,1Neigh,1Neigh-Nootropic
Nootropic,TNR,1Neigh,1Neigh-Nootropic
Nootropic,THBS3,1Neigh,1Neigh-Nootropic
Nootropic,FLNA,1Neigh,1Neigh-Nootropic
Nootropic,SRC,1Neigh,1Neigh-Nootropic
Nootropic,ITGAD,1Neigh,1Neigh-Nootropic
Nootropic,ACTN1,1Neigh,1Neigh-Nootropic
Nootropic,SPP1,1Neigh,1Neigh-Nootropic
Nootropic,COL4A3,1Neigh,1Neigh-Nootropic
Nootropic,ITGB2,1Neigh,1Neigh-Nootropic
Nootropic,PARVB,1Neigh,1Neigh-Nootropic
Nootropic,PARVG,1Neigh,1Neigh-Nootropic
Nootropic,TNXB,1Neigh,1Neigh-Nootropic
Nootropic,ITGB3,1Neigh,1Neigh-Nootropic
Nootropic,TLN2,1Neigh,1Neigh-Nootropic
Nootropic,ACTG1,1Neigh,1Neigh-Nootropic
Nootropic,CACNA1E,1Neigh,1Neigh-Nootropic
Nootropic,CACNA1B,1Neigh,1Neigh-Nootropic
Nootropic,SESN1,1Neigh,1Neigh-Nootropic
Nootropic,ADCY8,1Neigh,1Neigh-Nootropic
Nootropic,DCK,1Neigh,1Neigh-Nootropic
Nootropic,ADCY9,1Neigh,1Neigh-Nootropic
Nootropic,ADCY1,1Neigh,1Neigh-Nootropic
Nootropic,ADRB2,1Neigh,1Neigh-Nootropic
Nootropic,PRKACA,1Neigh,1Neigh-Nootropic
Nootropic,ADCY6,1Neigh,1Neigh-Nootropic
Nootropic,ADCY4,1Neigh,1Neigh-Nootropic
Nootropic,PDE4B,1Neigh,1Neigh-Nootropic
Nootropic,ADCY2,1Neigh,1Neigh-Nootropic
Nootropic,AKAP9,1Neigh,1Neigh-Nootropic
Nootropic,PDE4DIP,1Neigh,1Neigh-Nootropic
Nootropic,PRKACB,1Neigh,1Neigh-Nootropic
Nootropic,PRKACG,1Neigh,1Neigh-Nootropic
Nootropic,APRT,1Neigh,1Neigh-Nootropic
Nootropic,AK3,1Neigh,1Neigh-Nootropic
Nootropic,ADCY3,1Neigh,1Neigh-Nootropic
Nootropic,RAPGEF3,1Neigh,1Neigh-Nootropic
Nootropic,ARRB2,1Neigh,1Neigh-Nootropic
Nootropic,ENPP3,1Neigh,1Neigh-Nootropic
Nootropic,ADK,1Neigh,1Neigh-Nootropic
Nootropic,ADSL,1Neigh,1Neigh-Nootropic
Nootropic,STX1A,1Neigh,1Neigh-Nootropic
Nootropic,GNB3,1Neigh,1Neigh-Nootropic
Nootropic,SNAP25,1Neigh,1Neigh-Nootropic
Nootropic,KCNMB4,1Neigh,1Neigh-Nootropic
Nootropic,HTR2B,1Neigh,1Neigh-Nootropic
Nootropic,PRKCG,1Neigh,1Neigh-Nootropic
Nootropic,ATP2B3,1Neigh,1Neigh-Nootropic
Nootropic,PRKG2,1Neigh,1Neigh-Nootropic
Nootropic,KCNN2,1Neigh,1Neigh-Nootropic
Nootropic,KCNMB1,1Neigh,1Neigh-Nootropic
Nootropic,HTR2C,1Neigh,1Neigh-Nootropic
Nootropic,KCNMA1,1Neigh,1Neigh-Nootropic
Nootropic,CALM3,1Neigh,1Neigh-Nootropic
Nootropic,SHANK1,1Neigh,1Neigh-Nootropic
Nootropic,CALML6,1Neigh,1Neigh-Nootropic
Nootropic,ITPR1,1Neigh,1Neigh-Nootropic
Nootropic,LRRC7,1Neigh,1Neigh-Nootropic
Nootropic,GNAI2,1Neigh,1Neigh-Nootropic
Nootropic,CALML3,1Neigh,1Neigh-Nootropic
Nootropic,PPP1CA,1Neigh,1Neigh-Nootropic
Nootropic,PPP1CC,1Neigh,1Neigh-Nootropic
Nootropic,CACNA1G,1Neigh,1Neigh-Nootropic
Nootropic,RYR2,1Neigh,1Neigh-Nootropic
Nootropic,ATP1A4,1Neigh,1Neigh-Nootropic
Nootropic,PRKG1,1Neigh,1Neigh-Nootropic
Nootropic,CALML5,1Neigh,1Neigh-Nootropic
Nootropic,PPP3CB,1Neigh,1Neigh-Nootropic
Nootropic,PPP3CA,1Neigh,1Neigh-Nootropic
Nootropic,PPP1CB,1Neigh,1Neigh-Nootropic
Nootropic,PPP3CC,1Neigh,1Neigh-Nootropic
Nootropic,KCNU1,1Neigh,1Neigh-Nootropic
Nootropic,RASGRF1,1Neigh,1Neigh-Nootropic
Nootropic,KCNMB2,1Neigh,1Neigh-Nootropic
Nootropic,PRKCA,1Neigh,1Neigh-Nootropic
Nootropic,CALML4,1Neigh,1Neigh-Nootropic
Nootropic,ATP1A3,1Neigh,1Neigh-Nootropic
Nootropic,NOS1,1Neigh,1Neigh-Nootropic
Nootropic,PRKCB,1Neigh,1Neigh-Nootropic
Nootropic,KCNN4,1Neigh,1Neigh-Nootropic
Nootropic,CALM1,1Neigh,1Neigh-Nootropic
Nootropic,CALM2,1Neigh,1Neigh-Nootropic
Nootropic,CPB2,1Neigh,1Neigh-Nootropic
Nootropic,APOH,1Neigh,1Neigh-Nootropic
Nootropic,SERPIND1,1Neigh,1Neigh-Nootropic
Nootropic,BDKRB1,1Neigh,1Neigh-Nootropic
Nootropic,PROCR,1Neigh,1Neigh-Nootropic
Nootropic,F9,1Neigh,1Neigh-Nootropic
Nootropic,SERPINE1,1Neigh,1Neigh-Nootropic
Nootropic,C5,1Neigh,1Neigh-Nootropic
Nootropic,APOC3,1Neigh,1Neigh-Nootropic
Nootropic,HRG,1Neigh,1Neigh-Nootropic
Nootropic,TFPI,1Neigh,1Neigh-Nootropic
Nootropic,APOB,1Neigh,1Neigh-Nootropic
Nootropic,GGCX,1Neigh,1Neigh-Nootropic
Nootropic,PROC,1Neigh,1Neigh-Nootropic
Nootropic,APOA1,1Neigh,1Neigh-Nootropic
Nootropic,C3,1Neigh,1Neigh-Nootropic
Nootropic,F2RL3,1Neigh,1Neigh-Nootropic
Nootropic,F12,1Neigh,1Neigh-Nootropic
Nootropic,CRP,1Neigh,1Neigh-Nootropic
Nootropic,KLKB1,1Neigh,1Neigh-Nootropic
Nootropic,F13A1,1Neigh,1Neigh-Nootropic
Nootropic,F2RL2,1Neigh,1Neigh-Nootropic
Nootropic,FGB,1Neigh,1Neigh-Nootropic
Nootropic,PLG,1Neigh,1Neigh-Nootropic
Nootropic,EDNRA,1Neigh,1Neigh-Nootropic
Nootropic,F2R,1Neigh,1Neigh-Nootropic
Nootropic,LPA,1Neigh,1Neigh-Nootropic
Nootropic,SERPINF2,1Neigh,1Neigh-Nootropic
Nootropic,F3,1Neigh,1Neigh-Nootropic
Nootropic,FGG,1Neigh,1Neigh-Nootropic
Nootropic,GPT2,1Neigh,1Neigh-Nootropic
Nootropic,F8,1Neigh,1Neigh-Nootropic
Nootropic,AGT,1Neigh,1Neigh-Nootropic
Nootropic,CFH,1Neigh,1Neigh-Nootropic
Nootropic,F5,1Neigh,1Neigh-Nootropic
Nootropic,APOA2,1Neigh,1Neigh-Nootropic
Nootropic,LPAR3,1Neigh,1Neigh-Nootropic
Nootropic,MBL2,1Neigh,1Neigh-Nootropic
Nootropic,LPAR1,1Neigh,1Neigh-Nootropic
Nootropic,F10,1Neigh,1Neigh-Nootropic
Nootropic,F7,1Neigh,1Neigh-Nootropic
Nootropic,EDNRB,1Neigh,1Neigh-Nootropic
Nootropic,LPAR6,1Neigh,1Neigh-Nootropic
Nootropic,LPAR5,1Neigh,1Neigh-Nootropic
Nootropic,LPAR4,1Neigh,1Neigh-Nootropic
Nootropic,BDKRB2,1Neigh,1Neigh-Nootropic
Nootropic,DRD4,1Neigh,1Neigh-Nootropic
Nootropic,TPH1,1Neigh,1Neigh-Nootropic
Nootropic,ALDH2,1Neigh,1Neigh-Nootropic
Nootropic,LRTOMT,1Neigh,1Neigh-Nootropic
Nootropic,TPH2,1Neigh,1Neigh-Nootropic
Nootropic,MAOA,1Neigh,1Neigh-Nootropic
Nootropic,COMT,1Neigh,1Neigh-Nootropic
Nootropic,MAOB,1Neigh,1Neigh-Nootropic
Nootropic,MAP2K5,1Neigh,1Neigh-Nootropic
Nootropic,YWHAE,1Neigh,1Neigh-Nootropic
Nootropic,PAK1,1Neigh,1Neigh-Nootropic
Nootropic,MAP2K1,1Neigh,1Neigh-Nootropic
Nootropic,PAK2,1Neigh,1Neigh-Nootropic
Nootropic,MAP2K3,1Neigh,1Neigh-Nootropic
Nootropic,ITGB1BP1,1Neigh,1Neigh-Nootropic
Nootropic,CD247,1Neigh,1Neigh-Nootropic
Nootropic,MAP3K7,1Neigh,1Neigh-Nootropic
Nootropic,CCM2,1Neigh,1Neigh-Nootropic
Nootropic,SQSTM1,1Neigh,1Neigh-Nootropic
Nootropic,MAP3K2,1Neigh,1Neigh-Nootropic
Nootropic,IKBKB,1Neigh,1Neigh-Nootropic
Nootropic,TRAF6,1Neigh,1Neigh-Nootropic
Nootropic,AKT1,1Neigh,1Neigh-Nootropic
Nootropic,TAB1,1Neigh,1Neigh-Nootropic
Nootropic,GNB4,1Neigh,1Neigh-Nootropic
Nootropic,GABBR2,1Neigh,1Neigh-Nootropic
Nootropic,GNB5,1Neigh,1Neigh-Nootropic
Nootropic,KCNJ3,1Neigh,1Neigh-Nootropic
Nootropic,GNG8,1Neigh,1Neigh-Nootropic
Nootropic,GNB2,1Neigh,1Neigh-Nootropic
Nootropic,AURKB,1Neigh,1Neigh-Nootropic
Nootropic,GNG2,1Neigh,1Neigh-Nootropic
Nootropic,DRD2,1Neigh,1Neigh-Nootropic
Nootropic,KCNJ9,1Neigh,1Neigh-Nootropic
Nootropic,GNAI3,1Neigh,1Neigh-Nootropic
Nootropic,CDCA8,1Neigh,1Neigh-Nootropic
Nootropic,GNB1,1Neigh,1Neigh-Nootropic
Nootropic,GNG7,1Neigh,1Neigh-Nootropic
Nootropic,GNG4,1Neigh,1Neigh-Nootropic
Nootropic,KCNJ5,1Neigh,1Neigh-Nootropic
Nootropic,CREB3L3,1Neigh,1Neigh-Nootropic
Nootropic,HDAC7,1Neigh,1Neigh-Nootropic
Nootropic,SIRT1,1Neigh,1Neigh-Nootropic
Nootropic,MAPK1,1Neigh,1Neigh-Nootropic
Nootropic,APEX1,1Neigh,1Neigh-Nootropic
Nootropic,NFKBIA,1Neigh,1Neigh-Nootropic
Nootropic,STAG2,1Neigh,1Neigh-Nootropic
Nootropic,USF2,1Neigh,1Neigh-Nootropic
Nootropic,DDX5,1Neigh,1Neigh-Nootropic
Nootropic,KAT2A,1Neigh,1Neigh-Nootropic
Nootropic,HDAC5,1Neigh,1Neigh-Nootropic
Nootropic,NFKB1,1Neigh,1Neigh-Nootropic
Nootropic,SPI1,1Neigh,1Neigh-Nootropic
Nootropic,CCND1,1Neigh,1Neigh-Nootropic
Nootropic,MAPK14,1Neigh,1Neigh-Nootropic
Nootropic,TBP,1Neigh,1Neigh-Nootropic
Nootropic,SKP1,1Neigh,1Neigh-Nootropic
Nootropic,NR3C1,1Neigh,1Neigh-Nootropic
Nootropic,EGR1,1Neigh,1Neigh-Nootropic
Nootropic,NFYB,1Neigh,1Neigh-Nootropic
Nootropic,TWIST1,1Neigh,1Neigh-Nootropic
Nootropic,EGR2,1Neigh,1Neigh-Nootropic
Nootropic,SNAI1,1Neigh,1Neigh-Nootropic
Nootropic,H4C6,1Neigh,1Neigh-Nootropic
Nootropic,IRF1,1Neigh,1Neigh-Nootropic
Nootropic,SOX9,1Neigh,1Neigh-Nootropic
Nootropic,FOSB,1Neigh,1Neigh-Nootropic
Nootropic,NR1D1,1Neigh,1Neigh-Nootropic
Nootropic,KLF2,1Neigh,1Neigh-Nootropic
Nootropic,SIRT2,1Neigh,1Neigh-Nootropic
Nootropic,MYOD1,1Neigh,1Neigh-Nootropic
Nootropic,FOXA1,1Neigh,1Neigh-Nootropic
Nootropic,APOE,1Neigh,1Neigh-Nootropic
Nootropic,JUND,1Neigh,1Neigh-Nootropic
Nootropic,RARA,1Neigh,1Neigh-Nootropic
Nootropic,FUS,1Neigh,1Neigh-Nootropic
Nootropic,SMARCC1,1Neigh,1Neigh-Nootropic
Nootropic,H3-3B,1Neigh,1Neigh-Nootropic
Nootropic,KDM6B,1Neigh,1Neigh-Nootropic
Nootropic,KRAS,1Neigh,1Neigh-Nootropic
Nootropic,CCNB1,1Neigh,1Neigh-Nootropic
Nootropic,VHL,1Neigh,1Neigh-Nootropic
Nootropic,NOTCH2,1Neigh,1Neigh-Nootropic
Nootropic,DDB2,1Neigh,1Neigh-Nootropic
Nootropic,MDM2,1Neigh,1Neigh-Nootropic
Nootropic,MED4,1Neigh,1Neigh-Nootropic
Nootropic,TTC5,1Neigh,1Neigh-Nootropic
Nootropic,KAT7,1Neigh,1Neigh-Nootropic
Nootropic,RORA,1Neigh,1Neigh-Nootropic
Nootropic,ANAPC5,1Neigh,1Neigh-Nootropic
Nootropic,ATF1,1Neigh,1Neigh-Nootropic
Nootropic,SMAD7,1Neigh,1Neigh-Nootropic
Nootropic,SMAD2,1Neigh,1Neigh-Nootropic
Nootropic,KMT2C,1Neigh,1Neigh-Nootropic
Nootropic,YY1,1Neigh,1Neigh-Nootropic
Nootropic,CREBBP,1Neigh,1Neigh-Nootropic
Nootropic,SRCAP,1Neigh,1Neigh-Nootropic
Nootropic,SETD1A,1Neigh,1Neigh-Nootropic
Nootropic,ELL,1Neigh,1Neigh-Nootropic
Nootropic,TCF3,1Neigh,1Neigh-Nootropic
Nootropic,MED15,1Neigh,1Neigh-Nootropic
Nootropic,IL1B,1Neigh,1Neigh-Nootropic
Nootropic,BRD4,1Neigh,1Neigh-Nootropic
Nootropic,EPAS1,1Neigh,1Neigh-Nootropic
Nootropic,KAT2B,1Neigh,1Neigh-Nootropic
Nootropic,ATF2,1Neigh,1Neigh-Nootropic
Nootropic,RBBP5,1Neigh,1Neigh-Nootropic
Nootropic,HDAC4,1Neigh,1Neigh-Nootropic
Nootropic,THRA,1Neigh,1Neigh-Nootropic
Nootropic,STAT3,1Neigh,1Neigh-Nootropic
Nootropic,TP63,1Neigh,1Neigh-Nootropic
Nootropic,KLF1,1Neigh,1Neigh-Nootropic
Nootropic,PPARGC1A,1Neigh,1Neigh-Nootropic
Nootropic,LEF1,1Neigh,1Neigh-Nootropic
Nootropic,KAT6A,1Neigh,1Neigh-Nootropic
Nootropic,ASCL1,1Neigh,1Neigh-Nootropic
Nootropic,RB1,1Neigh,1Neigh-Nootropic
Nootropic,PML,1Neigh,1Neigh-Nootropic
Nootropic,NCOR1,1Neigh,1Neigh-Nootropic
Nootropic,TP53,1Neigh,1Neigh-Nootropic
Nootropic,MEF2D,1Neigh,1Neigh-Nootropic
Nootropic,CREB3L4,1Neigh,1Neigh-Nootropic
Nootropic,SKP2,1Neigh,1Neigh-Nootropic
Nootropic,ATM,1Neigh,1Neigh-Nootropic
Nootropic,MED13L,1Neigh,1Neigh-Nootropic
Nootropic,TCF7L1,1Neigh,1Neigh-Nootropic
Nootropic,CAMK4,1Neigh,1Neigh-Nootropic
Nootropic,SMARCA5,1Neigh,1Neigh-Nootropic
Nootropic,APP,1Neigh,1Neigh-Nootropic
Nootropic,KAT6B,1Neigh,1Neigh-Nootropic
Nootropic,PPARG,1Neigh,1Neigh-Nootropic
Nootropic,CTBP1,1Neigh,1Neigh-Nootropic
Nootropic,MAML1,1Neigh,1Neigh-Nootropic
Nootropic,STAT5B,1Neigh,1Neigh-Nootropic
Nootropic,TAL1,1Neigh,1Neigh-Nootropic
Nootropic,REL,1Neigh,1Neigh-Nootropic
Nootropic,NEUROD1,1Neigh,1Neigh-Nootropic
Nootropic,SNIP1,1Neigh,1Neigh-Nootropic
Nootropic,H2AZ1,1Neigh,1Neigh-Nootropic
Nootropic,NPM1,1Neigh,1Neigh-Nootropic
Nootropic,RAD21,1Neigh,1Neigh-Nootropic
Nootropic,STAT6,1Neigh,1Neigh-Nootropic
Nootropic,RUNX1,1Neigh,1Neigh-Nootropic
Nootropic,MED1,1Neigh,1Neigh-Nootropic
Nootropic,KMT2D,1Neigh,1Neigh-Nootropic
Nootropic,DDB1,1Neigh,1Neigh-Nootropic
Nootropic,HDAC3,1Neigh,1Neigh-Nootropic
Nootropic,JUNB,1Neigh,1Neigh-Nootropic
Nootropic,H2AC8,1Neigh,1Neigh-Nootropic
Nootropic,CDC25A,1Neigh,1Neigh-Nootropic
Nootropic,CEBPB,1Neigh,1Neigh-Nootropic
Nootropic,FEN1,1Neigh,1Neigh-Nootropic
Nootropic,SMAD1,1Neigh,1Neigh-Nootropic
Nootropic,FOS,1Neigh,1Neigh-Nootropic
Nootropic,ING2,1Neigh,1Neigh-Nootropic
Nootropic,ARNT2,1Neigh,1Neigh-Nootropic
Nootropic,TADA3,1Neigh,1Neigh-Nootropic
Nootropic,HCFC1,1Neigh,1Neigh-Nootropic
Nootropic,FOSL1,1Neigh,1Neigh-Nootropic
Nootropic,SP3,1Neigh,1Neigh-Nootropic
Nootropic,REST,1Neigh,1Neigh-Nootropic
Nootropic,CTBP2,1Neigh,1Neigh-Nootropic
Nootropic,KMT2E,1Neigh,1Neigh-Nootropic
Nootropic,HNF4A,1Neigh,1Neigh-Nootropic
Nootropic,STAT2,1Neigh,1Neigh-Nootropic
Nootropic,SUZ12,1Neigh,1Neigh-Nootropic
Nootropic,PRMT5,1Neigh,1Neigh-Nootropic
Nootropic,PCK1,1Neigh,1Neigh-Nootropic
Nootropic,EZH2,1Neigh,1Neigh-Nootropic
Nootropic,PKM,1Neigh,1Neigh-Nootropic
Nootropic,ARID1A,1Neigh,1Neigh-Nootropic
Nootropic,EBF1,1Neigh,1Neigh-Nootropic
Nootropic,SMC1A,1Neigh,1Neigh-Nootropic
Nootropic,SOX2,1Neigh,1Neigh-Nootropic
Nootropic,PGR,1Neigh,1Neigh-Nootropic
Nootropic,CARM1,1Neigh,1Neigh-Nootropic
Nootropic,MAF,1Neigh,1Neigh-Nootropic
Nootropic,NRIP1,1Neigh,1Neigh-Nootropic
Nootropic,CREB3L2,1Neigh,1Neigh-Nootropic
Nootropic,SP1,1Neigh,1Neigh-Nootropic
Nootropic,H2AC20,1Neigh,1Neigh-Nootropic
Nootropic,H2AC21,1Neigh,1Neigh-Nootropic
Nootropic,SMAD3,1Neigh,1Neigh-Nootropic
Nootropic,H3C13,1Neigh,1Neigh-Nootropic
Nootropic,HSP90AA1,1Neigh,1Neigh-Nootropic
Nootropic,ATF4,1Neigh,1Neigh-Nootropic
Nootropic,SUV39H1,1Neigh,1Neigh-Nootropic
Nootropic,ZBTB16,1Neigh,1Neigh-Nootropic
Nootropic,HEY1,1Neigh,1Neigh-Nootropic
Nootropic,NPAS2,1Neigh,1Neigh-Nootropic
Nootropic,RERE,1Neigh,1Neigh-Nootropic
Nootropic,FOXO3,1Neigh,1Neigh-Nootropic
Nootropic,H3-5,1Neigh,1Neigh-Nootropic
Nootropic,MYB,1Neigh,1Neigh-Nootropic
Nootropic,KAT5,1Neigh,1Neigh-Nootropic
Nootropic,TCF7,1Neigh,1Neigh-Nootropic
Nootropic,MAPT,1Neigh,1Neigh-Nootropic
Nootropic,MEF2C,1Neigh,1Neigh-Nootropic
Nootropic,ASH2L,1Neigh,1Neigh-Nootropic
Nootropic,STAT5A,1Neigh,1Neigh-Nootropic
Nootropic,RBPJL,1Neigh,1Neigh-Nootropic
Nootropic,SMAD4,1Neigh,1Neigh-Nootropic
Nootropic,CREB3,1Neigh,1Neigh-Nootropic
Nootropic,BAZ1B,1Neigh,1Neigh-Nootropic
Nootropic,SMARCA4,1Neigh,1Neigh-Nootropic
Nootropic,ESR2,1Neigh,1Neigh-Nootropic
Nootropic,MAFK,1Neigh,1Neigh-Nootropic
Nootropic,RBPJ,1Neigh,1Neigh-Nootropic
Nootropic,E2F1,1Neigh,1Neigh-Nootropic
Nootropic,H4C11,1Neigh,1Neigh-Nootropic
Nootropic,MAGEA11,1Neigh,1Neigh-Nootropic
Nootropic,UBE2I,1Neigh,1Neigh-Nootropic
Nootropic,SREBF1,1Neigh,1Neigh-Nootropic
Nootropic,ERCC6,1Neigh,1Neigh-Nootropic
Nootropic,H2BC12,1Neigh,1Neigh-Nootropic
Nootropic,CREB5,1Neigh,1Neigh-Nootropic
Nootropic,STAT4,1Neigh,1Neigh-Nootropic
Nootropic,ARNT,1Neigh,1Neigh-Nootropic
Nootropic,WDR5,1Neigh,1Neigh-Nootropic
Nootropic,MAX,1Neigh,1Neigh-Nootropic
Nootropic,H3C12,1Neigh,1Neigh-Nootropic
Nootropic,RXRG,1Neigh,1Neigh-Nootropic
Nootropic,TRRAP,1Neigh,1Neigh-Nootropic
Nootropic,TEAD4,1Neigh,1Neigh-Nootropic
Nootropic,ETS2,1Neigh,1Neigh-Nootropic
Nootropic,STAT1,1Neigh,1Neigh-Nootropic
Nootropic,H3-4,1Neigh,1Neigh-Nootropic
Nootropic,PARP1,1Neigh,1Neigh-Nootropic
Nootropic,POU2F1,1Neigh,1Neigh-Nootropic
Nootropic,CRTC2,1Neigh,1Neigh-Nootropic
Nootropic,H2BC21,1Neigh,1Neigh-Nootropic
Nootropic,H2AC18,1Neigh,1Neigh-Nootropic
Nootropic,H3C10,1Neigh,1Neigh-Nootropic
Nootropic,BTRC,1Neigh,1Neigh-Nootropic
Nootropic,GTF2B,1Neigh,1Neigh-Nootropic
Nootropic,GADD45A,1Neigh,1Neigh-Nootropic
Nootropic,JUN,1Neigh,1Neigh-Nootropic
Nootropic,RUNX2,1Neigh,1Neigh-Nootropic
Nootropic,HSP90AB1,1Neigh,1Neigh-Nootropic
Nootropic,NCOA3,1Neigh,1Neigh-Nootropic
Nootropic,CDC20,1Neigh,1Neigh-Nootropic
Nootropic,YBX1,1Neigh,1Neigh-Nootropic
Nootropic,CDK9,1Neigh,1Neigh-Nootropic
Nootropic,HDAC1,1Neigh,1Neigh-Nootropic
Nootropic,MED12,1Neigh,1Neigh-Nootropic
Nootropic,FOXO4,1Neigh,1Neigh-Nootropic
Nootropic,KLF4,1Neigh,1Neigh-Nootropic
Nootropic,AR,1Neigh,1Neigh-Nootropic
Nootropic,NCOA6,1Neigh,1Neigh-Nootropic
Nootropic,NOTCH4,1Neigh,1Neigh-Nootropic
Nootropic,XPA,1Neigh,1Neigh-Nootropic
Nootropic,ZBTB17,1Neigh,1Neigh-Nootropic
Nootropic,FOXP3,1Neigh,1Neigh-Nootropic
Nootropic,HDAC6,1Neigh,1Neigh-Nootropic
Nootropic,KLF5,1Neigh,1Neigh-Nootropic
Nootropic,H4C2,1Neigh,1Neigh-Nootropic
Nootropic,H3C4,1Neigh,1Neigh-Nootropic
Nootropic,H4C3,1Neigh,1Neigh-Nootropic
Nootropic,KDM6A,1Neigh,1Neigh-Nootropic
Nootropic,PCNA,1Neigh,1Neigh-Nootropic
Nootropic,GATA3,1Neigh,1Neigh-Nootropic
Nootropic,FOXO1,1Neigh,1Neigh-Nootropic
Nootropic,HMGN1,1Neigh,1Neigh-Nootropic
Nootropic,EP400,1Neigh,1Neigh-Nootropic
Nootropic,XRCC5,1Neigh,1Neigh-Nootropic
Nootropic,SUMO1,1Neigh,1Neigh-Nootropic
Nootropic,PIAS3,1Neigh,1Neigh-Nootropic
Nootropic,BRD7,1Neigh,1Neigh-Nootropic
Nootropic,SIN3A,1Neigh,1Neigh-Nootropic
Nootropic,CDK1,1Neigh,1Neigh-Nootropic
Nootropic,MAPK8,1Neigh,1Neigh-Nootropic
Nootropic,EHMT2,1Neigh,1Neigh-Nootropic
Nootropic,GPS2,1Neigh,1Neigh-Nootropic
Nootropic,ING4,1Neigh,1Neigh-Nootropic
Nootropic,NFE2L2,1Neigh,1Neigh-Nootropic
Nootropic,IRF7,1Neigh,1Neigh-Nootropic
Nootropic,BCL2,1Neigh,1Neigh-Nootropic
Nootropic,RUNX3,1Neigh,1Neigh-Nootropic
Nootropic,KDM1A,1Neigh,1Neigh-Nootropic
Nootropic,NCOR2,1Neigh,1Neigh-Nootropic
Nootropic,RELA,1Neigh,1Neigh-Nootropic
Nootropic,ARNTL,1Neigh,1Neigh-Nootropic
Nootropic,CDKN1A,1Neigh,1Neigh-Nootropic
Nootropic,NCOA1,1Neigh,1Neigh-Nootropic
Nootropic,PPARA,1Neigh,1Neigh-Nootropic
Nootropic,HIPK2,1Neigh,1Neigh-Nootropic
Nootropic,SETD2,1Neigh,1Neigh-Nootropic
Nootropic,CREB1,1Neigh,1Neigh-Nootropic
Nootropic,NFATC1,1Neigh,1Neigh-Nootropic
Nootropic,NCOA2,1Neigh,1Neigh-Nootropic
Nootropic,ESR1,1Neigh,1Neigh-Nootropic
Nootropic,PRMT1,1Neigh,1Neigh-Nootropic
Nootropic,CDKN2A,1Neigh,1Neigh-Nootropic
Nootropic,BRCA1,1Neigh,1Neigh-Nootropic
Nootropic,RXRA,1Neigh,1Neigh-Nootropic
Nootropic,MAML3,1Neigh,1Neigh-Nootropic
Nootropic,TCEA1,1Neigh,1Neigh-Nootropic
Nootropic,HDAC2,1Neigh,1Neigh-Nootropic
Nootropic,H2AX,1Neigh,1Neigh-Nootropic
Nootropic,MAML2,1Neigh,1Neigh-Nootropic
Nootropic,KMT2A,1Neigh,1Neigh-Nootropic
Nootropic,HIF1A,1Neigh,1Neigh-Nootropic
Nootropic,CHD4,1Neigh,1Neigh-Nootropic
Nootropic,NR4A1,1Neigh,1Neigh-Nootropic
Nootropic,H4-16,1Neigh,1Neigh-Nootropic
Nootropic,CITED2,1Neigh,1Neigh-Nootropic
Nootropic,SNW1,1Neigh,1Neigh-Nootropic
Nootropic,TLE3,1Neigh,1Neigh-Nootropic
Nootropic,H4C15,1Neigh,1Neigh-Nootropic
Nootropic,H4C14,1Neigh,1Neigh-Nootropic
Nootropic,FBXW7,1Neigh,1Neigh-Nootropic
Nootropic,H2BC11,1Neigh,1Neigh-Nootropic
Nootropic,H4C1,1Neigh,1Neigh-Nootropic
Nootropic,H4C4,1Neigh,1Neigh-Nootropic
Nootropic,RPS6KA5,1Neigh,1Neigh-Nootropic
Nootropic,H4C12,1Neigh,1Neigh-Nootropic
Nootropic,H3C1,1Neigh,1Neigh-Nootropic
Nootropic,H4C13,1Neigh,1Neigh-Nootropic
Nootropic,H4C9,1Neigh,1Neigh-Nootropic
Nootropic,MED6,1Neigh,1Neigh-Nootropic
Nootropic,H2BC3,1Neigh,1Neigh-Nootropic
Nootropic,H3C11,1Neigh,1Neigh-Nootropic
Nootropic,H2AC4,1Neigh,1Neigh-Nootropic
Nootropic,H3C7,1Neigh,1Neigh-Nootropic
Nootropic,H3C8,1Neigh,1Neigh-Nootropic
Nootropic,H3C3,1Neigh,1Neigh-Nootropic
Nootropic,H4C5,1Neigh,1Neigh-Nootropic
Nootropic,H3C2,1Neigh,1Neigh-Nootropic
Nootropic,TCF7L2,1Neigh,1Neigh-Nootropic
Nootropic,H4C8,1Neigh,1Neigh-Nootropic
Nootropic,H3C6,1Neigh,1Neigh-Nootropic
Nootropic,DEK,1Neigh,1Neigh-Nootropic
Nootropic,PDE4C-2,1Neigh,1Neigh-Nootropic
Nootropic,CASP3,1Neigh,1Neigh-Nootropic
Nootropic,SAV1,1Neigh,1Neigh-Nootropic
Nootropic,RASSF4,1Neigh,1Neigh-Nootropic
Nootropic,RASSF6,1Neigh,1Neigh-Nootropic
Nootropic,RASSF1,1Neigh,1Neigh-Nootropic
Nootropic,AMOT,1Neigh,1Neigh-Nootropic
Nootropic,RASSF2,1Neigh,1Neigh-Nootropic
Nootropic,LATS2,1Neigh,1Neigh-Nootropic
Nootropic,MOB1A,1Neigh,1Neigh-Nootropic
Nootropic,MOB1B,1Neigh,1Neigh-Nootropic
Nootropic,WWTR1,1Neigh,1Neigh-Nootropic
Nootropic,STK3,1Neigh,1Neigh-Nootropic
Nootropic,LATS1,1Neigh,1Neigh-Nootropic
Nootropic,GABRA1,1Neigh,1Neigh-Nootropic
Nootropic,UMPS,1Neigh,1Neigh-Nootropic
Nootropic,NT5E,1Neigh,1Neigh-Nootropic
Nootropic,PPAT,1Neigh,1Neigh-Nootropic
Nootropic,CAD,1Neigh,1Neigh-Nootropic
Nootropic,DPYS,1Neigh,1Neigh-Nootropic
Nootropic,DPYSL5,1Neigh,1Neigh-Nootropic
Nootropic,DHFR2,1Neigh,1Neigh-Nootropic
Nootropic,CRMP1,1Neigh,1Neigh-Nootropic
Nootropic,UPP1,1Neigh,1Neigh-Nootropic
Nootropic,DPYSL3,1Neigh,1Neigh-Nootropic
Nootropic,GART,1Neigh,1Neigh-Nootropic
Nootropic,TYMP,1Neigh,1Neigh-Nootropic
Nootropic,CTPS2,1Neigh,1Neigh-Nootropic
Nootropic,FDXR,1Neigh,1Neigh-Nootropic
Nootropic,GMPS,1Neigh,1Neigh-Nootropic
Nootropic,RAMP3,1Neigh,1Neigh-Nootropic
Nootropic,RAMP2,1Neigh,1Neigh-Nootropic
Nootropic,RAMP1,1Neigh,1Neigh-Nootropic
Nootropic,GABRA4,1Neigh,1Neigh-Nootropic
Nootropic,GABRB2,1Neigh,1Neigh-Nootropic
Nootropic,GRM1,1Neigh,1Neigh-Nootropic
Nootropic,SST,1Neigh,1Neigh-Nootropic
Nootropic,GABRB1,1Neigh,1Neigh-Nootropic
Nootropic,GABRB3,1Neigh,1Neigh-Nootropic
Nootropic,GHRL,1Neigh,1Neigh-Nootropic
Nootropic,KCNJ11,1Neigh,1Neigh-Nootropic
Nootropic,CALCR,1Neigh,1Neigh-Nootropic
Nootropic,NPY,1Neigh,1Neigh-Nootropic
Nootropic,CASR,1Neigh,1Neigh-Nootropic
Nootropic,EBI3,1Neigh,1Neigh-Nootropic
Nootropic,IL23A,1Neigh,1Neigh-Nootropic
Nootropic,IL12RB2,1Neigh,1Neigh-Nootropic
Nootropic,IL27RA,1Neigh,1Neigh-Nootropic
Nootropic,IGHV3-16,1Neigh,1Neigh-Nootropic
Nootropic,PIK3R2,1Neigh,1Neigh-Nootropic
Nootropic,PIK3R3,1Neigh,1Neigh-Nootropic
Nootropic,MAPK3,1Neigh,1Neigh-Nootropic
Nootropic,PIK3CA,1Neigh,1Neigh-Nootropic
Nootropic,PIK3CD,1Neigh,1Neigh-Nootropic
Nootropic,PIK3R1,1Neigh,1Neigh-Nootropic
Nootropic,NTRK2,1Neigh,1Neigh-Nootropic
Nootropic,INSR,1Neigh,1Neigh-Nootropic
Nootropic,IRS1,1Neigh,1Neigh-Nootropic
Nootropic,PPFIA3,1Neigh,1Neigh-Nootropic
Nootropic,PTPN1,1Neigh,1Neigh-Nootropic
Nootropic,IRS4,1Neigh,1Neigh-Nootropic
Nootropic,MEP1A,1Neigh,1Neigh-Nootropic
Nootropic,FOLH1,1Neigh,1Neigh-Nootropic
Nootropic,GLP2R,1Neigh,1Neigh-Nootropic
Nootropic,SI,1Neigh,1Neigh-Nootropic
Nootropic,MEP1B,1Neigh,1Neigh-Nootropic
Nootropic,CXCL10,1Neigh,1Neigh-Nootropic
Nootropic,BSG,1Neigh,1Neigh-Nootropic
Nootropic,GIP,1Neigh,1Neigh-Nootropic
Nootropic,XPNPEP2,1Neigh,1Neigh-Nootropic
Nootropic,GLP1R,1Neigh,1Neigh-Nootropic
Nootropic,CD9,1Neigh,1Neigh-Nootropic
Nootropic,PRCP,1Neigh,1Neigh-Nootropic
Nootropic,CXCL12,1Neigh,1Neigh-Nootropic
Nootropic,GCG,1Neigh,1Neigh-Nootropic
Nootropic,ACE2,1Neigh,1Neigh-Nootropic
Nootropic,HCRT,1Neigh,1Neigh-Nootropic
Nootropic,CYP3A5,1Neigh,1Neigh-Nootropic
Nootropic,CYP26A1,1Neigh,1Neigh-Nootropic
Nootropic,RDH10,1Neigh,1Neigh-Nootropic
Nootropic,ALDH1A2,1Neigh,1Neigh-Nootropic
Nootropic,CYP2C9,1Neigh,1Neigh-Nootropic
Nootropic,CYP2C18,1Neigh,1Neigh-Nootropic
Nootropic,ALDH1A1,1Neigh,1Neigh-Nootropic
Nootropic,CYP2A6,1Neigh,1Neigh-Nootropic
Nootropic,UGT1A6,1Neigh,1Neigh-Nootropic
Nootropic,UGT2B7,1Neigh,1Neigh-Nootropic
Nootropic,CYP2S1,1Neigh,1Neigh-Nootropic
Nootropic,CYP4A11,1Neigh,1Neigh-Nootropic
Nootropic,CYP2B6,1Neigh,1Neigh-Nootropic
Nootropic,ALDH1A3,1Neigh,1Neigh-Nootropic
Nootropic,CYP3A7,1Neigh,1Neigh-Nootropic
Nootropic,CYP1A2,1Neigh,1Neigh-Nootropic
Nootropic,CYP2C8,1Neigh,1Neigh-Nootropic
Nootropic,CYP4A22,1Neigh,1Neigh-Nootropic
Nootropic,AOX1,1Neigh,1Neigh-Nootropic
Nootropic,CYP1A1,1Neigh,1Neigh-Nootropic
Nootropic,UGT2A2,1Neigh,1Neigh-Nootropic
Nootropic,ENSP00000480571,1Neigh,1Neigh-Nootropic
Nootropic,CYP26C1,1Neigh,1Neigh-Nootropic
Nootropic,CD74,1Neigh,1Neigh-Nootropic
Nootropic,CD4,1Neigh,1Neigh-Nootropic
Nootropic,IL2,1Neigh,1Neigh-Nootropic
Nootropic,HLA-DOA,1Neigh,1Neigh-Nootropic
Nootropic,CANX,1Neigh,1Neigh-Nootropic
Nootropic,GYPC,1Neigh,1Neigh-Nootropic
Nootropic,HLA-F,1Neigh,1Neigh-Nootropic
Nootropic,TAPBPL,1Neigh,1Neigh-Nootropic
Nootropic,ERBB2,1Neigh,1Neigh-Nootropic
Nootropic,KIR3DL3,1Neigh,1Neigh-Nootropic
Nootropic,CSF2,1Neigh,1Neigh-Nootropic
Nootropic,PDIA3,1Neigh,1Neigh-Nootropic
Nootropic,CD3D,1Neigh,1Neigh-Nootropic
Nootropic,KLRC4,1Neigh,1Neigh-Nootropic
Nootropic,LILRB1,1Neigh,1Neigh-Nootropic
Nootropic,CALR,1Neigh,1Neigh-Nootropic
Nootropic,KIR3DL2,1Neigh,1Neigh-Nootropic
Nootropic,CD8B,1Neigh,1Neigh-Nootropic
Nootropic,KIR2DL1,1Neigh,1Neigh-Nootropic
Nootropic,KLRD1,1Neigh,1Neigh-Nootropic
Nootropic,HLA-DQA1,1Neigh,1Neigh-Nootropic
Nootropic,KIR2DL3,1Neigh,1Neigh-Nootropic
Nootropic,TAP1,1Neigh,1Neigh-Nootropic
Nootropic,AP1B1,1Neigh,1Neigh-Nootropic
Nootropic,HLA-DRB1,1Neigh,1Neigh-Nootropic
Nootropic,CD3E,1Neigh,1Neigh-Nootropic
Nootropic,HLA-DMA,1Neigh,1Neigh-Nootropic
Nootropic,TAP2,1Neigh,1Neigh-Nootropic
Nootropic,HLA-DQA2,1Neigh,1Neigh-Nootropic
Nootropic,HLA-DQB1,1Neigh,1Neigh-Nootropic
Nootropic,HLA-DRB5,1Neigh,1Neigh-Nootropic
Nootropic,HLA-E,1Neigh,1Neigh-Nootropic
Nootropic,HLA-G,1Neigh,1Neigh-Nootropic
Nootropic,LSP1,1Neigh,1Neigh-Nootropic
Nootropic,KLRC2,1Neigh,1Neigh-Nootropic
Nootropic,KIR3DL1,1Neigh,1Neigh-Nootropic
Nootropic,LILRB4,1Neigh,1Neigh-Nootropic
Nootropic,LILRB2,1Neigh,1Neigh-Nootropic
Nootropic,AP1G1,1Neigh,1Neigh-Nootropic
Nootropic,HLA-DRA,1Neigh,1Neigh-Nootropic
Nootropic,AP1S3,1Neigh,1Neigh-Nootropic
Nootropic,CD8A,1Neigh,1Neigh-Nootropic
Nootropic,AP1M1,1Neigh,1Neigh-Nootropic
Nootropic,HLA-DPA1,1Neigh,1Neigh-Nootropic
Nootropic,TNF,1Neigh,1Neigh-Nootropic
Nootropic,HLA-DMB,1Neigh,1Neigh-Nootropic
Nootropic,HLA-B,1Neigh,1Neigh-Nootropic
Nootropic,TAPBP,1Neigh,1Neigh-Nootropic
Nootropic,HLA-DPB1,1Neigh,1Neigh-Nootropic
Nootropic,RAB9A,1Neigh,1Neigh-Nootropic
Nootropic,IGLL5,1Neigh,1Neigh-Nootropic
Nootropic,CD3G,1Neigh,1Neigh-Nootropic
Nootropic,KLRC3-2,1Neigh,1Neigh-Nootropic
Nootropic,KLRC1,1Neigh,1Neigh-Nootropic
Nootropic,LOC102723407,1Neigh,1Neigh-Nootropic
Nootropic,IGHV3-43D,1Neigh,1Neigh-Nootropic
Nootropic,TRDV1,1Neigh,1Neigh-Nootropic
Nootropic,HLA-DOB,1Neigh,1Neigh-Nootropic
Nootropic,CETP,1Neigh,1Neigh-Nootropic
Nootropic,NR0B2,1Neigh,1Neigh-Nootropic
Nootropic,ABCG8,1Neigh,1Neigh-Nootropic
Nootropic,OGT,1Neigh,1Neigh-Nootropic
Nootropic,RXRB,1Neigh,1Neigh-Nootropic
Nootropic,ABCA1,1Neigh,1Neigh-Nootropic
Nootropic,ADH1A,1Neigh,1Neigh-Nootropic
Nootropic,GSTA3,1Neigh,1Neigh-Nootropic
Nootropic,GSR,1Neigh,1Neigh-Nootropic
Nootropic,GSTM2,1Neigh,1Neigh-Nootropic
Nootropic,GGT1,1Neigh,1Neigh-Nootropic
Nootropic,GSTM5,1Neigh,1Neigh-Nootropic
Nootropic,AP5M1,1Neigh,1Neigh-Nootropic
Nootropic,NAT2,1Neigh,1Neigh-Nootropic
Nootropic,GSTT2B,1Neigh,1Neigh-Nootropic
Nootropic,HPGDS,1Neigh,1Neigh-Nootropic
Nootropic,ADH5,1Neigh,1Neigh-Nootropic
Nootropic,ADH1B,1Neigh,1Neigh-Nootropic
Nootropic,CYP2A13,1Neigh,1Neigh-Nootropic
Nootropic,CYP2F1,1Neigh,1Neigh-Nootropic
Nootropic,GSTA1,1Neigh,1Neigh-Nootropic
Nootropic,GGT7,1Neigh,1Neigh-Nootropic
Nootropic,PRDX6,1Neigh,1Neigh-Nootropic
Nootropic,GSTO2,1Neigh,1Neigh-Nootropic
Nootropic,GPX4,1Neigh,1Neigh-Nootropic
Nootropic,GSTM3,1Neigh,1Neigh-Nootropic
Nootropic,GPX6,1Neigh,1Neigh-Nootropic
Nootropic,GPX7,1Neigh,1Neigh-Nootropic
Nootropic,MGST3,1Neigh,1Neigh-Nootropic
Nootropic,GSTO1,1Neigh,1Neigh-Nootropic
Nootropic,GSTM4,1Neigh,1Neigh-Nootropic
Nootropic,GSTA4,1Neigh,1Neigh-Nootropic
Nootropic,GSTA5,1Neigh,1Neigh-Nootropic
Nootropic,CYP2C19,1Neigh,1Neigh-Nootropic
Nootropic,TXNDC12,1Neigh,1Neigh-Nootropic
Nootropic,GGT6,1Neigh,1Neigh-Nootropic
Nootropic,GPX3,1Neigh,1Neigh-Nootropic
Nootropic,GPX2,1Neigh,1Neigh-Nootropic
Nootropic,ADH6,1Neigh,1Neigh-Nootropic
Nootropic,MGST1,1Neigh,1Neigh-Nootropic
Nootropic,GGT5,1Neigh,1Neigh-Nootropic
Nootropic,GSTP1,1Neigh,1Neigh-Nootropic
Nootropic,GPX5,1Neigh,1Neigh-Nootropic
Nootropic,AP2M1,1Neigh,1Neigh-Nootropic
Nootropic,AP4M1,1Neigh,1Neigh-Nootropic
Nootropic,ALDH3A1,1Neigh,1Neigh-Nootropic
Nootropic,GSTA2,1Neigh,1Neigh-Nootropic
Nootropic,ADH7,1Neigh,1Neigh-Nootropic
Nootropic,GPX8,1Neigh,1Neigh-Nootropic
Nootropic,ADH4,1Neigh,1Neigh-Nootropic
Nootropic,ADH1C,1Neigh,1Neigh-Nootropic
Nootropic,CYP2E1,1Neigh,1Neigh-Nootropic
Nootropic,CYP1B1,1Neigh,1Neigh-Nootropic
Nootropic,EPHX1,1Neigh,1Neigh-Nootropic
Nootropic,MGST2,1Neigh,1Neigh-Nootropic
Nootropic,TYROBP,1Neigh,1Neigh-Nootropic
Nootropic,MR1,1Neigh,1Neigh-Nootropic
Nootropic,PON1,1Neigh,1Neigh-Nootropic
Nootropic,SCARB1,1Neigh,1Neigh-Nootropic
Nootropic,LCAT,1Neigh,1Neigh-Nootropic
Nootropic,PLA2G7,1Neigh,1Neigh-Nootropic
Nootropic,LIPC,1Neigh,1Neigh-Nootropic
Nootropic,CLU,1Neigh,1Neigh-Nootropic
Nootropic,APOL1,1Neigh,1Neigh-Nootropic
Nootropic,APOA4,1Neigh,1Neigh-Nootropic
Nootropic,PEX3,1Neigh,1Neigh-Nootropic
Nootropic,APOM,1Neigh,1Neigh-Nootropic
Nootropic,SELENOS,1Neigh,1Neigh-Nootropic
Nootropic,PCYOX1,1Neigh,1Neigh-Nootropic
Nootropic,HPR,1Neigh,1Neigh-Nootropic
Nootropic,APOA5,1Neigh,1Neigh-Nootropic
Nootropic,APOC1,1Neigh,1Neigh-Nootropic
Nootropic,APOC2,1Neigh,1Neigh-Nootropic
Nootropic,APOC4,1Neigh,1Neigh-Nootropic
Nootropic,CPN2,1Neigh,1Neigh-Nootropic
Nootropic,TBCD,1Neigh,1Neigh-Nootropic
Nootropic,TBCE,1Neigh,1Neigh-Nootropic
Nootropic,MMP2,1Neigh,1Neigh-Nootropic
Nootropic,MMP15,1Neigh,1Neigh-Nootropic
Nootropic,HGF,1Neigh,1Neigh-Nootropic
Nootropic,EREG,1Neigh,1Neigh-Nootropic
Nootropic,ADAM10,1Neigh,1Neigh-Nootropic
Nootropic,GPC1,1Neigh,1Neigh-Nootropic
Nootropic,EGF,1Neigh,1Neigh-Nootropic
Nootropic,ERBB3,1Neigh,1Neigh-Nootropic
Nootropic,NRG1,1Neigh,1Neigh-Nootropic
Nootropic,MMP3,1Neigh,1Neigh-Nootropic
Nootropic,ERBB4,1Neigh,1Neigh-Nootropic
Nootropic,NRG2,1Neigh,1Neigh-Nootropic
Nootropic,MMP9,1Neigh,1Neigh-Nootropic
Nootropic,GRM7,1Neigh,1Neigh-Nootropic
Nootropic,FKBP4,1Neigh,1Neigh-Nootropic
Nootropic,TNFRSF1A,1Neigh,1Neigh-Nootropic
Nootropic,BCL3,1Neigh,1Neigh-Nootropic
Nootropic,EIF2AK1,1Neigh,1Neigh-Nootropic
Nootropic,USP18,1Neigh,1Neigh-Nootropic
Nootropic,RIPK2,1Neigh,1Neigh-Nootropic
Nootropic,RELB,1Neigh,1Neigh-Nootropic
Nootropic,CDC37,1Neigh,1Neigh-Nootropic
Nootropic,NOD1,1Neigh,1Neigh-Nootropic
Nootropic,LTBR,1Neigh,1Neigh-Nootropic
Nootropic,EIF2AK2,1Neigh,1Neigh-Nootropic
Nootropic,GPR83,1Neigh,1Neigh-Nootropic
Nootropic,PYCARD,1Neigh,1Neigh-Nootropic
Nootropic,TRAF2,1Neigh,1Neigh-Nootropic
Nootropic,IRAK2,1Neigh,1Neigh-Nootropic
Nootropic,TANK,1Neigh,1Neigh-Nootropic
Nootropic,RIPK1,1Neigh,1Neigh-Nootropic
Nootropic,TRAF5,1Neigh,1Neigh-Nootropic
Nootropic,NLRC5,1Neigh,1Neigh-Nootropic
Nootropic,MAP3K8,1Neigh,1Neigh-Nootropic
Nootropic,PRKCQ,1Neigh,1Neigh-Nootropic
Nootropic,IL1A,1Neigh,1Neigh-Nootropic
Nootropic,BIRC3,1Neigh,1Neigh-Nootropic
Nootropic,EIF2AK4,1Neigh,1Neigh-Nootropic
Nootropic,NFKBIE,1Neigh,1Neigh-Nootropic
Nootropic,PPM1B,1Neigh,1Neigh-Nootropic
Nootropic,LRRC14,1Neigh,1Neigh-Nootropic
Nootropic,TLR3,1Neigh,1Neigh-Nootropic
Nootropic,IKBIP,1Neigh,1Neigh-Nootropic
Nootropic,NOD2,1Neigh,1Neigh-Nootropic
Nootropic,FADD,1Neigh,1Neigh-Nootropic
Nootropic,HSPA4,1Neigh,1Neigh-Nootropic
Nootropic,PYDC1,1Neigh,1Neigh-Nootropic
Nootropic,EIF2AK3,1Neigh,1Neigh-Nootropic
Nootropic,NFKBIB,1Neigh,1Neigh-Nootropic
Nootropic,RNF31,1Neigh,1Neigh-Nootropic
Nootropic,UBE2N,1Neigh,1Neigh-Nootropic
Nootropic,TNIP2,1Neigh,1Neigh-Nootropic
Nootropic,TRIM25,1Neigh,1Neigh-Nootropic
Nootropic,CUL1,1Neigh,1Neigh-Nootropic
Nootropic,RNF135,1Neigh,1Neigh-Nootropic
Nootropic,TBK1,1Neigh,1Neigh-Nootropic
Nootropic,UBE2V1,1Neigh,1Neigh-Nootropic
Nootropic,TRADD,1Neigh,1Neigh-Nootropic
Nootropic,TRAF3IP2,1Neigh,1Neigh-Nootropic
Nootropic,RBCK1,1Neigh,1Neigh-Nootropic
Nootropic,CASP8,1Neigh,1Neigh-Nootropic
Nootropic,PELI1,1Neigh,1Neigh-Nootropic
Nootropic,ERC1,1Neigh,1Neigh-Nootropic
Nootropic,MTOR,1Neigh,1Neigh-Nootropic
Nootropic,TAB2,1Neigh,1Neigh-Nootropic
Nootropic,NFKB2,1Neigh,1Neigh-Nootropic
Nootropic,IRAK1,1Neigh,1Neigh-Nootropic
Nootropic,XIAP,1Neigh,1Neigh-Nootropic
Nootropic,CARD9,1Neigh,1Neigh-Nootropic
Nootropic,PTEN,1Neigh,1Neigh-Nootropic
Nootropic,CD40,1Neigh,1Neigh-Nootropic
Nootropic,TRAF1,1Neigh,1Neigh-Nootropic
Nootropic,TLR4,1Neigh,1Neigh-Nootropic
Nootropic,IRS2,1Neigh,1Neigh-Nootropic
Nootropic,TAB3,1Neigh,1Neigh-Nootropic
Nootropic,DDX58,1Neigh,1Neigh-Nootropic
Nootropic,TLR7,1Neigh,1Neigh-Nootropic
Nootropic,AKT2,1Neigh,1Neigh-Nootropic
Nootropic,TRAF3,1Neigh,1Neigh-Nootropic
Nootropic,CARD11,1Neigh,1Neigh-Nootropic
Nootropic,SHARPIN,1Neigh,1Neigh-Nootropic
Nootropic,MAP3K1,1Neigh,1Neigh-Nootropic
Nootropic,CYLD,1Neigh,1Neigh-Nootropic
Nootropic,DIABLO-2,1Neigh,1Neigh-Nootropic
Nootropic,MAVS,1Neigh,1Neigh-Nootropic
Nootropic,IKBKE,1Neigh,1Neigh-Nootropic
Nootropic,IRF3,1Neigh,1Neigh-Nootropic
Nootropic,BIRC2,1Neigh,1Neigh-Nootropic
Nootropic,IRAK4,1Neigh,1Neigh-Nootropic
Nootropic,TNFAIP3,1Neigh,1Neigh-Nootropic
Nootropic,MAP3K14,1Neigh,1Neigh-Nootropic
Nootropic,BTK,1Neigh,1Neigh-Nootropic
Nootropic,IKBKG,1Neigh,1Neigh-Nootropic
Nootropic,MALT1,1Neigh,1Neigh-Nootropic
Nootropic,ARHGEF6,1Neigh,1Neigh-Nootropic
Nootropic,CXCR1,1Neigh,1Neigh-Nootropic
Nootropic,GIT2,1Neigh,1Neigh-Nootropic
Nootropic,GRK5,1Neigh,1Neigh-Nootropic
Nootropic,OPRM1,1Neigh,1Neigh-Nootropic
Nootropic,KIF5B,1Neigh,1Neigh-Nootropic
Nootropic,DLG1,1Neigh,1Neigh-Nootropic
Nootropic,KIF5C,1Neigh,1Neigh-Nootropic
Nootropic,KIF5A,1Neigh,1Neigh-Nootropic
Nootropic,TRPM4,1Neigh,1Neigh-Nootropic
Nootropic,HCN4,1Neigh,1Neigh-Nootropic
Nootropic,SCN2B,1Neigh,1Neigh-Nootropic
Nootropic,ANK3,1Neigh,1Neigh-Nootropic
Nootropic,SCN3A,1Neigh,1Neigh-Nootropic
Nootropic,SCNN1G,1Neigh,1Neigh-Nootropic
Nootropic,SCN1A,1Neigh,1Neigh-Nootropic
Nootropic,SCN4B,1Neigh,1Neigh-Nootropic
Nootropic,SCN5A,1Neigh,1Neigh-Nootropic
Nootropic,CALHM1,1Neigh,1Neigh-Nootropic
Nootropic,NFASC,1Neigh,1Neigh-Nootropic
Nootropic,SCNN1B,1Neigh,1Neigh-Nootropic
Nootropic,ANK2,1Neigh,1Neigh-Nootropic
Nootropic,KCNQ2,1Neigh,1Neigh-Nootropic
Nootropic,SCNN1A,1Neigh,1Neigh-Nootropic
Nootropic,SCNN1D,1Neigh,1Neigh-Nootropic
Nootropic,KCNQ3,1Neigh,1Neigh-Nootropic
Nootropic,SCN3B,1Neigh,1Neigh-Nootropic
Nootropic,SCN9A,1Neigh,1Neigh-Nootropic
Nootropic,SCN10A,1Neigh,1Neigh-Nootropic
Nootropic,SCN4A,1Neigh,1Neigh-Nootropic
Nootropic,SCN1B,1Neigh,1Neigh-Nootropic
Nootropic,SPTBN4,1Neigh,1Neigh-Nootropic
Nootropic,SPTAN1,1Neigh,1Neigh-Nootropic
Nootropic,NT5C1A,1Neigh,1Neigh-Nootropic
Nootropic,ATIC,1Neigh,1Neigh-Nootropic
Nootropic,NT5C,1Neigh,1Neigh-Nootropic
Nootropic,GMPR,1Neigh,1Neigh-Nootropic
Nootropic,ANKRD9,1Neigh,1Neigh-Nootropic
Nootropic,HPRT1,1Neigh,1Neigh-Nootropic
Nootropic,ENTPD3,1Neigh,1Neigh-Nootropic
Nootropic,CANT1,1Neigh,1Neigh-Nootropic
Nootropic,TPMT,1Neigh,1Neigh-Nootropic
Nootropic,ADSS1,1Neigh,1Neigh-Nootropic
Nootropic,ENTPD5,1Neigh,1Neigh-Nootropic
Nootropic,NT5C2,1Neigh,1Neigh-Nootropic
Nootropic,IMPDH1,1Neigh,1Neigh-Nootropic
Nootropic,ENTPD4,1Neigh,1Neigh-Nootropic
Nootropic,NT5C1B,1Neigh,1Neigh-Nootropic
Nootropic,PNP,1Neigh,1Neigh-Nootropic
Nootropic,ADSS2,1Neigh,1Neigh-Nootropic
Nootropic,ENTPD1,1Neigh,1Neigh-Nootropic
Nootropic,ENTPD8,1Neigh,1Neigh-Nootropic
Nootropic,ENTPD6,1Neigh,1Neigh-Nootropic
Nootropic,ITPA,1Neigh,1Neigh-Nootropic
Nootropic,NT5M,1Neigh,1Neigh-Nootropic
Nootropic,AMPD3,1Neigh,1Neigh-Nootropic
Nootropic,PAICS,1Neigh,1Neigh-Nootropic
Nootropic,NT5C3B,1Neigh,1Neigh-Nootropic
Nootropic,NUDT16,1Neigh,1Neigh-Nootropic
Nootropic,AMPD1,1Neigh,1Neigh-Nootropic
Nootropic,EPHX2,1Neigh,1Neigh-Nootropic
Nootropic,NT5C1B-RDH14,1Neigh,1Neigh-Nootropic
Nootropic,NT5C3A,1Neigh,1Neigh-Nootropic
Nootropic,RANBP2,1Neigh,1Neigh-Nootropic
Nootropic,PYCR3,1Neigh,1Neigh-Nootropic
Nootropic,GOT2,1Neigh,1Neigh-Nootropic
Nootropic,CDO1,1Neigh,1Neigh-Nootropic
Nootropic,KYAT3,1Neigh,1Neigh-Nootropic
Nootropic,P4HA1,1Neigh,1Neigh-Nootropic
Nootropic,NAT8,1Neigh,1Neigh-Nootropic
Nootropic,GGCT,1Neigh,1Neigh-Nootropic
Nootropic,CHAC2,1Neigh,1Neigh-Nootropic
Nootropic,ANPEP,1Neigh,1Neigh-Nootropic
Nootropic,GOT1L1,1Neigh,1Neigh-Nootropic
Nootropic,PYCR2,1Neigh,1Neigh-Nootropic
Nootropic,PRODH,1Neigh,1Neigh-Nootropic
Nootropic,GCLM,1Neigh,1Neigh-Nootropic
Nootropic,GOT1,1Neigh,1Neigh-Nootropic
Nootropic,CTH,1Neigh,1Neigh-Nootropic
Nootropic,PYCR1,1Neigh,1Neigh-Nootropic
Nootropic,P4HA2,1Neigh,1Neigh-Nootropic
Nootropic,KYAT1,1Neigh,1Neigh-Nootropic
Nootropic,CHAC1,1Neigh,1Neigh-Nootropic
Nootropic,GSS,1Neigh,1Neigh-Nootropic
Nootropic,GFPT2,1Neigh,1Neigh-Nootropic
Nootropic,HEXB,1Neigh,1Neigh-Nootropic
Nootropic,ALB,1Neigh,1Neigh-Nootropic
Nootropic,UNC93B1,1Neigh,1Neigh-Nootropic
Nootropic,TICAM1,1Neigh,1Neigh-Nootropic
Nootropic,TLR2,1Neigh,1Neigh-Nootropic
Nootropic,CD80,1Neigh,1Neigh-Nootropic
Nootropic,ICAM1,1Neigh,1Neigh-Nootropic
Nootropic,FCGR2A,1Neigh,1Neigh-Nootropic
Nootropic,IL18,1Neigh,1Neigh-Nootropic
Nootropic,LY96,1Neigh,1Neigh-Nootropic
Nootropic,HSP90B1,1Neigh,1Neigh-Nootropic
Nootropic,CLEC7A,1Neigh,1Neigh-Nootropic
Nootropic,TLR8,1Neigh,1Neigh-Nootropic
Nootropic,EEA1,1Neigh,1Neigh-Nootropic
Nootropic,NLRP3,1Neigh,1Neigh-Nootropic
Nootropic,HMGB1,1Neigh,1Neigh-Nootropic
Nootropic,BECN1,1Neigh,1Neigh-Nootropic
Nootropic,FCGR3A,1Neigh,1Neigh-Nootropic
Nootropic,AIM2,1Neigh,1Neigh-Nootropic
Nootropic,CD40LG,1Neigh,1Neigh-Nootropic
Nootropic,SYK,1Neigh,1Neigh-Nootropic
Nootropic,TIRAP,1Neigh,1Neigh-Nootropic
Nootropic,IL6,1Neigh,1Neigh-Nootropic
Nootropic,IL1R1,1Neigh,1Neigh-Nootropic
Nootropic,TICAM2,1Neigh,1Neigh-Nootropic
Nootropic,DLL3,1Neigh,1Neigh-Nootropic
Nootropic,NOTCH3,1Neigh,1Neigh-Nootropic
Nootropic,KDR,1Neigh,1Neigh-Nootropic
Nootropic,NRARP,1Neigh,1Neigh-Nootropic
Nootropic,DLL1,1Neigh,1Neigh-Nootropic
Nootropic,CTNNB1,1Neigh,1Neigh-Nootropic
Nootropic,PPARGC1B,1Neigh,1Neigh-Nootropic
Nootropic,NID1,1Neigh,1Neigh-Nootropic
Nootropic,HSPG2,1Neigh,1Neigh-Nootropic
Nootropic,LAMA1,1Neigh,1Neigh-Nootropic
Nootropic,P2RX5,1Neigh,1Neigh-Nootropic
Nootropic,P2RX1,1Neigh,1Neigh-Nootropic
Nootropic,PPP1R1B,1Neigh,1Neigh-Nootropic
Nootropic,P2RX3,1Neigh,1Neigh-Nootropic
Nootropic,PTPN4,1Neigh,1Neigh-Nootropic
Nootropic,RASGRF2,1Neigh,1Neigh-Nootropic
Nootropic,GRM5,1Neigh,1Neigh-Nootropic
Nootropic,DLGAP1,1Neigh,1Neigh-Nootropic
Nootropic,CAMK2G,1Neigh,1Neigh-Nootropic
Nootropic,P2RX7,1Neigh,1Neigh-Nootropic
Nootropic,FYN,1Neigh,1Neigh-Nootropic
Nootropic,P2RX4,1Neigh,1Neigh-Nootropic
Nootropic,DLG3,1Neigh,1Neigh-Nootropic
Nootropic,MECP2,1Neigh,1Neigh-Nootropic
Nootropic,GRIK2,1Neigh,1Neigh-Nootropic
Nootropic,CDK5,1Neigh,1Neigh-Nootropic
Nootropic,CAMK2D,1Neigh,1Neigh-Nootropic
Nootropic,PDYN,1Neigh,1Neigh-Nootropic
Nootropic,PKD2,1Neigh,1Neigh-Nootropic
Nootropic,PLCG1,1Neigh,1Neigh-Nootropic
Nootropic,RAP1B,1Neigh,1Neigh-Nootropic
Nootropic,PXN,1Neigh,1Neigh-Nootropic
Nootropic,RAP1A,1Neigh,1Neigh-Nootropic
Nootropic,PRKD3,1Neigh,1Neigh-Nootropic
Nootropic,PRKD2,1Neigh,1Neigh-Nootropic
Nootropic,CDC6,1Neigh,1Neigh-Nootropic
Nootropic,MCM5,1Neigh,1Neigh-Nootropic
Nootropic,RBX1,1Neigh,1Neigh-Nootropic
Nootropic,AURKA,1Neigh,1Neigh-Nootropic
Nootropic,MYBL2,1Neigh,1Neigh-Nootropic
Nootropic,CDKN1B,1Neigh,1Neigh-Nootropic
Nootropic,GMNN,1Neigh,1Neigh-Nootropic
Nootropic,MLH1,1Neigh,1Neigh-Nootropic
Nootropic,ORC2,1Neigh,1Neigh-Nootropic
Nootropic,H1-1,1Neigh,1Neigh-Nootropic
Nootropic,CDC25B,1Neigh,1Neigh-Nootropic
Nootropic,RPA1,1Neigh,1Neigh-Nootropic
Nootropic,CCNA1,1Neigh,1Neigh-Nootropic
Nootropic,CDK7,1Neigh,1Neigh-Nootropic
Nootropic,CABLES1,1Neigh,1Neigh-Nootropic
Nootropic,CDK4,1Neigh,1Neigh-Nootropic
Nootropic,SPDYE1,1Neigh,1Neigh-Nootropic
Nootropic,KIF11,1Neigh,1Neigh-Nootropic
Nootropic,BARD1,1Neigh,1Neigh-Nootropic
Nootropic,CCND2,1Neigh,1Neigh-Nootropic
Nootropic,CCNT1,1Neigh,1Neigh-Nootropic
Nootropic,MCM4,1Neigh,1Neigh-Nootropic
Nootropic,RBL2,1Neigh,1Neigh-Nootropic
Nootropic,CCNE1,1Neigh,1Neigh-Nootropic
Nootropic,E2F3,1Neigh,1Neigh-Nootropic
Nootropic,MCM6,1Neigh,1Neigh-Nootropic
Nootropic,MCM2,1Neigh,1Neigh-Nootropic
Nootropic,NBN,1Neigh,1Neigh-Nootropic
Nootropic,DBF4,1Neigh,1Neigh-Nootropic
Nootropic,CDK6,1Neigh,1Neigh-Nootropic
Nootropic,CDKN2B,1Neigh,1Neigh-Nootropic
Nootropic,CCNB2,1Neigh,1Neigh-Nootropic
Nootropic,MAD2L1,1Neigh,1Neigh-Nootropic
Nootropic,PLK1,1Neigh,1Neigh-Nootropic
Nootropic,CDT1,1Neigh,1Neigh-Nootropic
Nootropic,LIN37,1Neigh,1Neigh-Nootropic
Nootropic,BUB1,1Neigh,1Neigh-Nootropic
Nootropic,MCM7,1Neigh,1Neigh-Nootropic
Nootropic,CKS1B,1Neigh,1Neigh-Nootropic
Nootropic,CLSPN,1Neigh,1Neigh-Nootropic
Nootropic,ANAPC2,1Neigh,1Neigh-Nootropic
Nootropic,CDK5R1,1Neigh,1Neigh-Nootropic
Nootropic,CDC25C,1Neigh,1Neigh-Nootropic
Nootropic,ATRIP,1Neigh,1Neigh-Nootropic
Nootropic,GSK3B,1Neigh,1Neigh-Nootropic
Nootropic,MRE11,1Neigh,1Neigh-Nootropic
Nootropic,LIN9,1Neigh,1Neigh-Nootropic
Nootropic,SPDYE4,1Neigh,1Neigh-Nootropic
Nootropic,SPDYE3,1Neigh,1Neigh-Nootropic
Nootropic,H1-5,1Neigh,1Neigh-Nootropic
Nootropic,CDKN3,1Neigh,1Neigh-Nootropic
Nootropic,SPDYA,1Neigh,1Neigh-Nootropic
Nootropic,ANAPC1,1Neigh,1Neigh-Nootropic
Nootropic,SFN,1Neigh,1Neigh-Nootropic
Nootropic,ATR,1Neigh,1Neigh-Nootropic
Nootropic,H1-0,1Neigh,1Neigh-Nootropic
Nootropic,CDC16,1Neigh,1Neigh-Nootropic
Nootropic,UBE2C,1Neigh,1Neigh-Nootropic
Nootropic,XRCC6,1Neigh,1Neigh-Nootropic
Nootropic,RRM2,1Neigh,1Neigh-Nootropic
Nootropic,E2F2,1Neigh,1Neigh-Nootropic
Nootropic,EXO1,1Neigh,1Neigh-Nootropic
Nootropic,ORC1,1Neigh,1Neigh-Nootropic
Nootropic,CCND3,1Neigh,1Neigh-Nootropic
Nootropic,RBL1,1Neigh,1Neigh-Nootropic
Nootropic,RPA2,1Neigh,1Neigh-Nootropic
Nootropic,TFDP1,1Neigh,1Neigh-Nootropic
Nootropic,CKS2,1Neigh,1Neigh-Nootropic
Nootropic,CCNB3,1Neigh,1Neigh-Nootropic
Nootropic,MDC1,1Neigh,1Neigh-Nootropic
Nootropic,SPDYC,1Neigh,1Neigh-Nootropic
Nootropic,POLA1,1Neigh,1Neigh-Nootropic
Nootropic,E2F4,1Neigh,1Neigh-Nootropic
Nootropic,ARIH1,1Neigh,1Neigh-Nootropic
Nootropic,BRCA2,1Neigh,1Neigh-Nootropic
Nootropic,TP53BP1,1Neigh,1Neigh-Nootropic
Nootropic,CDC23,1Neigh,1Neigh-Nootropic
Nootropic,FZR1,1Neigh,1Neigh-Nootropic
Nootropic,RBBP8,1Neigh,1Neigh-Nootropic
Nootropic,CHEK1,1Neigh,1Neigh-Nootropic
Nootropic,CDC7,1Neigh,1Neigh-Nootropic
Nootropic,E2F5,1Neigh,1Neigh-Nootropic
Nootropic,CDC45,1Neigh,1Neigh-Nootropic
Nootropic,CDK3,1Neigh,1Neigh-Nootropic
Nootropic,CDKN1C,1Neigh,1Neigh-Nootropic
Nootropic,MCM10,1Neigh,1Neigh-Nootropic
Nootropic,ANAPC13,1Neigh,1Neigh-Nootropic
Nootropic,ANAPC4,1Neigh,1Neigh-Nootropic
Nootropic,CDC27,1Neigh,1Neigh-Nootropic
Nootropic,POLR2A,1Neigh,1Neigh-Nootropic
Nootropic,ANAPC10,1Neigh,1Neigh-Nootropic
Nootropic,MCM3,1Neigh,1Neigh-Nootropic
Nootropic,CCNA2,1Neigh,1Neigh-Nootropic
Nootropic,SLC4A1,1Neigh,1Neigh-Nootropic
Nootropic,CA2,1Neigh,1Neigh-Nootropic
Nootropic,GYPB,1Neigh,1Neigh-Nootropic
Nootropic,VCL,1Neigh,1Neigh-Nootropic
Nootropic,MYH9,1Neigh,1Neigh-Nootropic
Nootropic,ACTA2,1Neigh,1Neigh-Nootropic
Nootropic,MYL2,1Neigh,1Neigh-Nootropic
Nootropic,MYL9,1Neigh,1Neigh-Nootropic
Nootropic,PRKCE,1Neigh,1Neigh-Nootropic
Nootropic,MYLPF,1Neigh,1Neigh-Nootropic
Nootropic,MYL4,1Neigh,1Neigh-Nootropic
Nootropic,TPM1,1Neigh,1Neigh-Nootropic
Nootropic,MYH10,1Neigh,1Neigh-Nootropic
Nootropic,CALD1,1Neigh,1Neigh-Nootropic
Nootropic,LMOD1,1Neigh,1Neigh-Nootropic
Nootropic,PPP1R12B,1Neigh,1Neigh-Nootropic
Nootropic,MYH11,1Neigh,1Neigh-Nootropic
Nootropic,ACTG2,1Neigh,1Neigh-Nootropic
Nootropic,PPP1R12A,1Neigh,1Neigh-Nootropic
Nootropic,MYL6,1Neigh,1Neigh-Nootropic
Nootropic,MYL6B,1Neigh,1Neigh-Nootropic
Nootropic,MYL12B,1Neigh,1Neigh-Nootropic
Nootropic,TPM4,1Neigh,1Neigh-Nootropic
Nootropic,TPM2,1Neigh,1Neigh-Nootropic
Nootropic,TNFRSF17,1Neigh,1Neigh-Nootropic
Nootropic,CD22,1Neigh,1Neigh-Nootropic
Nootropic,CD79A,1Neigh,1Neigh-Nootropic
Nootropic,BLNK,1Neigh,1Neigh-Nootropic
Nootropic,IL4,1Neigh,1Neigh-Nootropic
Nootropic,FLT3,1Neigh,1Neigh-Nootropic
Nootropic,TNFSF9,1Neigh,1Neigh-Nootropic
Nootropic,CCR7,1Neigh,1Neigh-Nootropic
Nootropic,VPREB3,1Neigh,1Neigh-Nootropic
Nootropic,TNFRSF13B,1Neigh,1Neigh-Nootropic
Nootropic,CD81,1Neigh,1Neigh-Nootropic
Nootropic,IL7,1Neigh,1Neigh-Nootropic
Nootropic,THY1,1Neigh,1Neigh-Nootropic
Nootropic,CXCL13,1Neigh,1Neigh-Nootropic
Nootropic,KIT,1Neigh,1Neigh-Nootropic
Nootropic,TNFRSF13C,1Neigh,1Neigh-Nootropic
Nootropic,NCR1,1Neigh,1Neigh-Nootropic
Nootropic,CD34,1Neigh,1Neigh-Nootropic
Nootropic,CD7,1Neigh,1Neigh-Nootropic
Nootropic,ICOS,1Neigh,1Neigh-Nootropic
Nootropic,CD28,1Neigh,1Neigh-Nootropic
Nootropic,CD86,1Neigh,1Neigh-Nootropic
Nootropic,PDCD1,1Neigh,1Neigh-Nootropic
Nootropic,PIK3AP1,1Neigh,1Neigh-Nootropic
Nootropic,FCGR2B,1Neigh,1Neigh-Nootropic
Nootropic,CXCL9,1Neigh,1Neigh-Nootropic
Nootropic,FCGR1A,1Neigh,1Neigh-Nootropic
Nootropic,CD2,1Neigh,1Neigh-Nootropic
Nootropic,VAV3,1Neigh,1Neigh-Nootropic
Nootropic,VAV2,1Neigh,1Neigh-Nootropic
Nootropic,GRB2,1Neigh,1Neigh-Nootropic
Nootropic,CD79B,1Neigh,1Neigh-Nootropic
Nootropic,PTPRC,1Neigh,1Neigh-Nootropic
Nootropic,LYN,1Neigh,1Neigh-Nootropic
Nootropic,FCGR3B,1Neigh,1Neigh-Nootropic
Nootropic,VAV1,1Neigh,1Neigh-Nootropic
Nootropic,PLCG2,1Neigh,1Neigh-Nootropic
Nootropic,ITGAM,1Neigh,1Neigh-Nootropic
Nootropic,NGFR,1Neigh,1Neigh-Nootropic
Nootropic,SHC2,1Neigh,1Neigh-Nootropic
Nootropic,BAX,1Neigh,1Neigh-Nootropic
Nootropic,EML4,1Neigh,1Neigh-Nootropic
Nootropic,SH2B1,1Neigh,1Neigh-Nootropic
Nootropic,SHC4,1Neigh,1Neigh-Nootropic
Nootropic,NELFB,1Neigh,1Neigh-Nootropic
Nootropic,SH2B3,1Neigh,1Neigh-Nootropic
Nootropic,NGF,1Neigh,1Neigh-Nootropic
Nootropic,NRAS,1Neigh,1Neigh-Nootropic
Nootropic,ABL1,1Neigh,1Neigh-Nootropic
Nootropic,SHC3,1Neigh,1Neigh-Nootropic
Nootropic,MATK,1Neigh,1Neigh-Nootropic
Nootropic,NTF3,1Neigh,1Neigh-Nootropic
Nootropic,SHC1,1Neigh,1Neigh-Nootropic
Nootropic,BDNF,1Neigh,1Neigh-Nootropic
Nootropic,NTRK1,1Neigh,1Neigh-Nootropic
Nootropic,WASL,1Neigh,1Neigh-Nootropic
Nootropic,NCK2,1Neigh,1Neigh-Nootropic
Nootropic,RAC2,1Neigh,1Neigh-Nootropic
Nootropic,NAA25,1Neigh,1Neigh-Nootropic
Nootropic,CFL2,1Neigh,1Neigh-Nootropic
Nootropic,RAC3,1Neigh,1Neigh-Nootropic
Nootropic,RHOJ,1Neigh,1Neigh-Nootropic
Nootropic,LIMK1,1Neigh,1Neigh-Nootropic
Nootropic,RAC1,1Neigh,1Neigh-Nootropic
Nootropic,ARHGEF11,1Neigh,1Neigh-Nootropic
Nootropic,GNG12,1Neigh,1Neigh-Nootropic
Nootropic,PAK5,1Neigh,1Neigh-Nootropic
Nootropic,RAF1,1Neigh,1Neigh-Nootropic
Nootropic,NCK1,1Neigh,1Neigh-Nootropic
Nootropic,ROBO2,1Neigh,1Neigh-Nootropic
Nootropic,ROBO1,1Neigh,1Neigh-Nootropic
Nootropic,PAK6,1Neigh,1Neigh-Nootropic
Nootropic,ARHGEF7,1Neigh,1Neigh-Nootropic
Nootropic,XYLB,1Neigh,1Neigh-Nootropic
Nootropic,LPIN2,1Neigh,1Neigh-Nootropic
Nootropic,DGKD,1Neigh,1Neigh-Nootropic
Nootropic,GPAT3,1Neigh,1Neigh-Nootropic
Nootropic,SDHA,1Neigh,1Neigh-Nootropic
Nootropic,DGKG,1Neigh,1Neigh-Nootropic
Nootropic,GPAM,1Neigh,1Neigh-Nootropic
Nootropic,IMPA2,1Neigh,1Neigh-Nootropic
Nootropic,DGKQ,1Neigh,1Neigh-Nootropic
Nootropic,GPD1L,1Neigh,1Neigh-Nootropic
Nootropic,DGKE,1Neigh,1Neigh-Nootropic
Nootropic,AGPAT5,1Neigh,1Neigh-Nootropic
Nootropic,DGKI,1Neigh,1Neigh-Nootropic
Nootropic,AGPAT3,1Neigh,1Neigh-Nootropic
Nootropic,RETSAT,1Neigh,1Neigh-Nootropic
Nootropic,GPD1,1Neigh,1Neigh-Nootropic
Nootropic,MBOAT2,1Neigh,1Neigh-Nootropic
Nootropic,UQCRFS1,1Neigh,1Neigh-Nootropic
Nootropic,LCLAT1,1Neigh,1Neigh-Nootropic
Nootropic,AGPAT4,1Neigh,1Neigh-Nootropic
Nootropic,NDUFS8,1Neigh,1Neigh-Nootropic
Nootropic,CYC1,1Neigh,1Neigh-Nootropic
Nootropic,MBOAT1,1Neigh,1Neigh-Nootropic
Nootropic,PLPP2,1Neigh,1Neigh-Nootropic
Nootropic,DGKH,1Neigh,1Neigh-Nootropic
Nootropic,GK2,1Neigh,1Neigh-Nootropic
Nootropic,MT-CO1,1Neigh,1Neigh-Nootropic
Nootropic,MT-CO2,1Neigh,1Neigh-Nootropic
Nootropic,MT-CO3,1Neigh,1Neigh-Nootropic
Nootropic,GNPAT,1Neigh,1Neigh-Nootropic
Nootropic,SDHC,1Neigh,1Neigh-Nootropic
Nootropic,PLPP3,1Neigh,1Neigh-Nootropic
Nootropic,AGPAT2,1Neigh,1Neigh-Nootropic
Nootropic,ADPRM,1Neigh,1Neigh-Nootropic
Nootropic,AGPAT1,1Neigh,1Neigh-Nootropic
Nootropic,GPAT4,1Neigh,1Neigh-Nootropic
Nootropic,PLPP4,1Neigh,1Neigh-Nootropic
Nootropic,GPAT2,1Neigh,1Neigh-Nootropic
Nootropic,PLPP5,1Neigh,1Neigh-Nootropic
Nootropic,LPIN1,1Neigh,1Neigh-Nootropic
Nootropic,HSPD1,1Neigh,1Neigh-Nootropic
Nootropic,S100A8,1Neigh,1Neigh-Nootropic
Nootropic,SRSF9,1Neigh,1Neigh-Nootropic
Nootropic,SRSF6,1Neigh,1Neigh-Nootropic
Nootropic,SNRNP27,1Neigh,1Neigh-Nootropic
Nootropic,RBM39,1Neigh,1Neigh-Nootropic
Nootropic,PRPF38A,1Neigh,1Neigh-Nootropic
Nootropic,SRSF1,1Neigh,1Neigh-Nootropic
Nootropic,ACIN1,1Neigh,1Neigh-Nootropic
Nootropic,U2AF1,1Neigh,1Neigh-Nootropic
Nootropic,LUC7L,1Neigh,1Neigh-Nootropic
Nootropic,ZRSR2,1Neigh,1Neigh-Nootropic
Nootropic,U2AF2,1Neigh,1Neigh-Nootropic
Nootropic,DDX23,1Neigh,1Neigh-Nootropic
Nootropic,SRRM1,1Neigh,1Neigh-Nootropic
Nootropic,LUC7L2,1Neigh,1Neigh-Nootropic
Nootropic,RBM23,1Neigh,1Neigh-Nootropic
Nootropic,CDC5L,1Neigh,1Neigh-Nootropic
Nootropic,SRSF3,1Neigh,1Neigh-Nootropic
Nootropic,SRSF4,1Neigh,1Neigh-Nootropic
Nootropic,SRPK1,1Neigh,1Neigh-Nootropic
Nootropic,SRSF2,1Neigh,1Neigh-Nootropic
Nootropic,CLK3,1Neigh,1Neigh-Nootropic
Nootropic,RNPS1,1Neigh,1Neigh-Nootropic
Nootropic,SYPL1,1Neigh,1Neigh-Nootropic
Nootropic,VAMP3,1Neigh,1Neigh-Nootropic
Nootropic,STX1B,1Neigh,1Neigh-Nootropic
Nootropic,SNAP29,1Neigh,1Neigh-Nootropic
Nootropic,SLC32A1,1Neigh,1Neigh-Nootropic
Nootropic,SLC17A7,1Neigh,1Neigh-Nootropic
Nootropic,RAB3A,1Neigh,1Neigh-Nootropic
Nootropic,BET1,1Neigh,1Neigh-Nootropic
Nootropic,YKT6,1Neigh,1Neigh-Nootropic
Nootropic,GOSR1,1Neigh,1Neigh-Nootropic
Nootropic,BNIP1,1Neigh,1Neigh-Nootropic
Nootropic,VAMP4,1Neigh,1Neigh-Nootropic
Nootropic,SNAP23,1Neigh,1Neigh-Nootropic
Nootropic,SNX4,1Neigh,1Neigh-Nootropic
Nootropic,STX6,1Neigh,1Neigh-Nootropic
Nootropic,STX17,1Neigh,1Neigh-Nootropic
Nootropic,SYT1,1Neigh,1Neigh-Nootropic
Nootropic,VAMP7,1Neigh,1Neigh-Nootropic
Nootropic,SYP,1Neigh,1Neigh-Nootropic
Nootropic,NAPA,1Neigh,1Neigh-Nootropic
Nootropic,VAMP8,1Neigh,1Neigh-Nootropic
Nootropic,RAB10,1Neigh,1Neigh-Nootropic
Nootropic,OTOF,1Neigh,1Neigh-Nootropic
Nootropic,STX5,1Neigh,1Neigh-Nootropic
Nootropic,SYN1,1Neigh,1Neigh-Nootropic
Nootropic,RAB8A,1Neigh,1Neigh-Nootropic
Nootropic,STX8,1Neigh,1Neigh-Nootropic
Nootropic,CPLX1,1Neigh,1Neigh-Nootropic
Nootropic,SNAP47,1Neigh,1Neigh-Nootropic
Nootropic,SLC17A8,1Neigh,1Neigh-Nootropic
Nootropic,STX4,1Neigh,1Neigh-Nootropic
Nootropic,STX19,1Neigh,1Neigh-Nootropic
Nootropic,STXBP5,1Neigh,1Neigh-Nootropic
Nootropic,NAPG,1Neigh,1Neigh-Nootropic
Nootropic,EXOC7,1Neigh,1Neigh-Nootropic
Nootropic,STX3,1Neigh,1Neigh-Nootropic
Nootropic,DTNBP1,1Neigh,1Neigh-Nootropic
Nootropic,SYT5,1Neigh,1Neigh-Nootropic
Nootropic,AP2A1,1Neigh,1Neigh-Nootropic
Nootropic,CPLX2,1Neigh,1Neigh-Nootropic
Nootropic,DNAJC5,1Neigh,1Neigh-Nootropic
Nootropic,STX11,1Neigh,1Neigh-Nootropic
Nootropic,STX7,1Neigh,1Neigh-Nootropic
Nootropic,SNAPIN,1Neigh,1Neigh-Nootropic
Nootropic,OCRL,1Neigh,1Neigh-Nootropic
Nootropic,STX16,1Neigh,1Neigh-Nootropic
Nootropic,EPS15,1Neigh,1Neigh-Nootropic
Nootropic,STXBP1,1Neigh,1Neigh-Nootropic
Nootropic,STX12,1Neigh,1Neigh-Nootropic
Nootropic,SLC18A3,1Neigh,1Neigh-Nootropic
Nootropic,ITSN1,1Neigh,1Neigh-Nootropic
Nootropic,BET1L,1Neigh,1Neigh-Nootropic
Nootropic,STX2,1Neigh,1Neigh-Nootropic
Nootropic,VTI1A,1Neigh,1Neigh-Nootropic
Nootropic,PICALM,1Neigh,1Neigh-Nootropic
Nootropic,VAMP1,1Neigh,1Neigh-Nootropic
Nootropic,INS,1Neigh,1Neigh-Nootropic
Nootropic,NSF,1Neigh,1Neigh-Nootropic
Nootropic,TGOLN2,1Neigh,1Neigh-Nootropic
Nootropic,BLOC1S3,1Neigh,1Neigh-Nootropic
Nootropic,RIMS1,1Neigh,1Neigh-Nootropic
Nootropic,UNC13A,1Neigh,1Neigh-Nootropic
Nootropic,CLTCL1,1Neigh,1Neigh-Nootropic
Nootropic,BLOC1S1,1Neigh,1Neigh-Nootropic
Nootropic,VTI1B,1Neigh,1Neigh-Nootropic
Nootropic,GOSR2,1Neigh,1Neigh-Nootropic
Nootropic,SEC22B,1Neigh,1Neigh-Nootropic
Nootropic,SLC18A2,1Neigh,1Neigh-Nootropic
Nootropic,MC3R,1Neigh,1Neigh-Nootropic
Nootropic,MGRN1,1Neigh,1Neigh-Nootropic
Nootropic,GNAS,1Neigh,1Neigh-Nootropic
Nootropic,POMC,1Neigh,1Neigh-Nootropic
Nootropic,PLAT,1Neigh,1Neigh-Nootropic
Nootropic,PF4V1,1Neigh,1Neigh-Nootropic
Nootropic,TSC2,1Neigh,1Neigh-Nootropic
Nootropic,RPS6KB1,1Neigh,1Neigh-Nootropic
Nootropic,PKN3,1Neigh,1Neigh-Nootropic
Nootropic,RICTOR,1Neigh,1Neigh-Nootropic
Nootropic,RPS6KB2,1Neigh,1Neigh-Nootropic
Nootropic,SGK2,1Neigh,1Neigh-Nootropic
Nootropic,PKN1,1Neigh,1Neigh-Nootropic
Nootropic,SGK1,1Neigh,1Neigh-Nootropic
Nootropic,THEM4,1Neigh,1Neigh-Nootropic
Nootropic,PRKCZ,1Neigh,1Neigh-Nootropic
Nootropic,AKT1S1,1Neigh,1Neigh-Nootropic
Nootropic,ILK,1Neigh,1Neigh-Nootropic
Nootropic,PIK3R5,1Neigh,1Neigh-Nootropic
Nootropic,PIK3CG,1Neigh,1Neigh-Nootropic
Nootropic,PIK3R6,1Neigh,1Neigh-Nootropic
Nootropic,AKT3,1Neigh,1Neigh-Nootropic
Nootropic,GNG13,1Neigh,1Neigh-Nootropic
Nootropic,GNG3,1Neigh,1Neigh-Nootropic
Nootropic,HTR1E,1Neigh,1Neigh-Nootropic
Nootropic,GNAL,1Neigh,1Neigh-Nootropic
Nootropic,GRM2,1Neigh,1Neigh-Nootropic
Nootropic,GHSR,1Neigh,1Neigh-Nootropic
Nootropic,EPO,1Neigh,1Neigh-Nootropic
Nootropic,PRL,1Neigh,1Neigh-Nootropic
Nootropic,ADAM17,1Neigh,1Neigh-Nootropic
Nootropic,LEP,1Neigh,1Neigh-Nootropic
Nootropic,GH1,1Neigh,1Neigh-Nootropic
Nootropic,CSH1,1Neigh,1Neigh-Nootropic
Nootropic,GHRHR,1Neigh,1Neigh-Nootropic
Nootropic,SOCS3,1Neigh,1Neigh-Nootropic
Nootropic,GH2,1Neigh,1Neigh-Nootropic
Nootropic,IGFBP3,1Neigh,1Neigh-Nootropic
Nootropic,JAK2,1Neigh,1Neigh-Nootropic
Nootropic,CSH2,1Neigh,1Neigh-Nootropic
Nootropic,IGF1,1Neigh,1Neigh-Nootropic
Nootropic,CISH,1Neigh,1Neigh-Nootropic
Nootropic,TYK2,1Neigh,1Neigh-Nootropic
Nootropic,JAK3,1Neigh,1Neigh-Nootropic
Nootropic,SOCS2,1Neigh,1Neigh-Nootropic
Nootropic,PRLR,1Neigh,1Neigh-Nootropic
Nootropic,PTPN11,1Neigh,1Neigh-Nootropic
Nootropic,SOCS1,1Neigh,1Neigh-Nootropic
Nootropic,IGF1R,1Neigh,1Neigh-Nootropic
Nootropic,ANXA2,1Neigh,1Neigh-Nootropic
Nootropic,RHOC,1Neigh,1Neigh-Nootropic
Nootropic,ROCK2,1Neigh,1Neigh-Nootropic
Nootropic,ROCK1,1Neigh,1Neigh-Nootropic
Nootropic,FAM53C,1Neigh,1Neigh-Nootropic
Nootropic,PCBD1,1Neigh,1Neigh-Nootropic
Nootropic,C10ORF71,1Neigh,1Neigh-Nootropic
Nootropic,PCBD2,1Neigh,1Neigh-Nootropic
Nootropic,GNGT1,1Neigh,1Neigh-Nootropic
Nootropic,EDN3,1Neigh,1Neigh-Nootropic
Nootropic,HTR1B,1Neigh,1Neigh-Nootropic
Nootropic,SLC51A,1Neigh,1Neigh-Nootropic
Nootropic,INPP4A,1Neigh,1Neigh-Nootropic
Nootropic,MIOX,1Neigh,1Neigh-Nootropic
Nootropic,CDIPT,1Neigh,1Neigh-Nootropic
Nootropic,PIGL,1Neigh,1Neigh-Nootropic
Nootropic,IMPAD1,1Neigh,1Neigh-Nootropic
Nootropic,ISYNA1,1Neigh,1Neigh-Nootropic
Nootropic,TTF2,1Neigh,1Neigh-Nootropic
Nootropic,MTM1,1Neigh,1Neigh-Nootropic
Nootropic,INPP1,1Neigh,1Neigh-Nootropic
Nootropic,GPI,1Neigh,1Neigh-Nootropic
Nootropic,ITGA6,1Neigh,1Neigh-Nootropic
Nootropic,ITGA7,1Neigh,1Neigh-Nootropic
Nootropic,SV2C,1Neigh,1Neigh-Nootropic
Nootropic,DAG1,1Neigh,1Neigh-Nootropic
Nootropic,CATSPERZ,1Neigh,1Neigh-Nootropic
Nootropic,GRIA3,1Neigh,1Neigh-Nootropic
Nootropic,CACNB1,1Neigh,1Neigh-Nootropic
Nootropic,CACNA1A,1Neigh,1Neigh-Nootropic
Nootropic,CAMK2A,1Neigh,1Neigh-Nootropic
Nootropic,PSMC6,1Neigh,1Neigh-Nootropic
Nootropic,EIF3M,1Neigh,1Neigh-Nootropic
Nootropic,CCT4,1Neigh,1Neigh-Nootropic
Nootropic,EEF1B2,1Neigh,1Neigh-Nootropic
Nootropic,ITGAX,1Neigh,1Neigh-Nootropic
Nootropic,ACTB,1Neigh,1Neigh-Nootropic
Nootropic,COL2A1,1Neigh,1Neigh-Nootropic
Nootropic,DSPP,1Neigh,1Neigh-Nootropic
Nootropic,COL6A1,1Neigh,1Neigh-Nootropic
Nootropic,TGFB2,1Neigh,1Neigh-Nootropic
Nootropic,FLNB,1Neigh,1Neigh-Nootropic
Nootropic,COL4A4,1Neigh,1Neigh-Nootropic
Nootropic,SESN3,1Neigh,1Neigh-Nootropic
Nootropic,ENPP1,1Neigh,1Neigh-Nootropic
Nootropic,ARRB1,1Neigh,1Neigh-Nootropic
Nootropic,AKAP7,1Neigh,1Neigh-Nootropic
Nootropic,AKAP1,1Neigh,1Neigh-Nootropic
Nootropic,ADCY5,1Neigh,1Neigh-Nootropic
Nootropic,ADCY7,1Neigh,1Neigh-Nootropic
Nootropic,HTR2A,1Neigh,1Neigh-Nootropic
Nootropic,ATP1A1,1Neigh,1Neigh-Nootropic
Nootropic,PRNP,1Neigh,1Neigh-Nootropic
Nootropic,SHANK3,1Neigh,1Neigh-Nootropic
Nootropic,KNG1,1Neigh,1Neigh-Nootropic
Nootropic,THBD,1Neigh,1Neigh-Nootropic
Nootropic,FURIN,1Neigh,1Neigh-Nootropic
Nootropic,F11,1Neigh,1Neigh-Nootropic
Nootropic,AGTR1,1Neigh,1Neigh-Nootropic
Nootropic,ELANE,1Neigh,1Neigh-Nootropic
Nootropic,VKORC1,1Neigh,1Neigh-Nootropic
Nootropic,A2M,1Neigh,1Neigh-Nootropic
Nootropic,SERPINA1,1Neigh,1Neigh-Nootropic
Nootropic,SERPINA5,1Neigh,1Neigh-Nootropic
Nootropic,C4A,1Neigh,1Neigh-Nootropic
Nootropic,CFI,1Neigh,1Neigh-Nootropic
Nootropic,GP1BA,1Neigh,1Neigh-Nootropic
Nootropic,FGA,1Neigh,1Neigh-Nootropic
Nootropic,F13B,1Neigh,1Neigh-Nootropic
Nootropic,LPAR2,1Neigh,1Neigh-Nootropic
Nootropic,CXCR4,1Neigh,1Neigh-Nootropic
Nootropic,SERPINE2,1Neigh,1Neigh-Nootropic
Nootropic,GPT,1Neigh,1Neigh-Nootropic
Nootropic,DRD3,1Neigh,1Neigh-Nootropic
Nootropic,DDC,1Neigh,1Neigh-Nootropic
Nootropic,MAP2K6,1Neigh,1Neigh-Nootropic
Nootropic,KRIT1,1Neigh,1Neigh-Nootropic
Nootropic,PDCD10,1Neigh,1Neigh-Nootropic
Nootropic,GNAI1,1Neigh,1Neigh-Nootropic
Nootropic,INCENP,1Neigh,1Neigh-Nootropic
Nootropic,CREB3L1,1Neigh,1Neigh-Nootropic
Nootropic,MEF2A,1Neigh,1Neigh-Nootropic
Nootropic,CLOCK,1Neigh,1Neigh-Nootropic
Nootropic,MITF,1Neigh,1Neigh-Nootropic
Nootropic,MYC,1Neigh,1Neigh-Nootropic
Nootropic,ETS1,1Neigh,1Neigh-Nootropic
Nootropic,TXN,1Neigh,1Neigh-Nootropic
Nootropic,SMC3,1Neigh,1Neigh-Nootropic
Nootropic,CEBPA,1Neigh,1Neigh-Nootropic
Nootropic,TGFBR1,1Neigh,1Neigh-Nootropic
Nootropic,USF1,1Neigh,1Neigh-Nootropic
Nootropic,DDX17,1Neigh,1Neigh-Nootropic
Nootropic,GATA2,1Neigh,1Neigh-Nootropic
Nootropic,DDIT3,1Neigh,1Neigh-Nootropic
Nootropic,NFYA,1Neigh,1Neigh-Nootropic
Nootropic,KDM2A,1Neigh,1Neigh-Nootropic
Nootropic,EGR3,1Neigh,1Neigh-Nootropic
Nootropic,H4C7,1Neigh,1Neigh-Nootropic
Nootropic,GATA4,1Neigh,1Neigh-Nootropic
Nootropic,TCF12,1Neigh,1Neigh-Nootropic
Nootropic,TFAP2A,1Neigh,1Neigh-Nootropic
Nootropic,H3-2,1Neigh,1Neigh-Nootropic
Nootropic,NOTCH1,1Neigh,1Neigh-Nootropic
Nootropic,TP73,1Neigh,1Neigh-Nootropic
Nootropic,JMY,1Neigh,1Neigh-Nootropic
Nootropic,ING5,1Neigh,1Neigh-Nootropic
Nootropic,CPT1A,1Neigh,1Neigh-Nootropic
Nootropic,PAXIP1,1Neigh,1Neigh-Nootropic
Nootropic,PAX6,1Neigh,1Neigh-Nootropic
Nootropic,GREB1,1Neigh,1Neigh-Nootropic
Nootropic,TDG,1Neigh,1Neigh-Nootropic
Nootropic,SETD1B,1Neigh,1Neigh-Nootropic
Nootropic,LYL1,1Neigh,1Neigh-Nootropic
Nootropic,NAP1L1,1Neigh,1Neigh-Nootropic
Nootropic,MYSM1,1Neigh,1Neigh-Nootropic
Nootropic,ERCC5,1Neigh,1Neigh-Nootropic
Nootropic,EID1,1Neigh,1Neigh-Nootropic
Nootropic,FOXM1,1Neigh,1Neigh-Nootropic
Nootropic,CTCF,1Neigh,1Neigh-Nootropic
Nootropic,CITED1,1Neigh,1Neigh-Nootropic
Nootropic,HIF3A,1Neigh,1Neigh-Nootropic
Nootropic,KMT2B,1Neigh,1Neigh-Nootropic
Nootropic,GABPA,1Neigh,1Neigh-Nootropic
Nootropic,GAPDH,1Neigh,1Neigh-Nootropic
Nootropic,NR2F2,1Neigh,1Neigh-Nootropic
Nootropic,CEBPD,1Neigh,1Neigh-Nootropic
Nootropic,KDM3A,1Neigh,1Neigh-Nootropic
Nootropic,ZEB1,1Neigh,1Neigh-Nootropic
Nootropic,CBFB,1Neigh,1Neigh-Nootropic
Nootropic,HNF1A,1Neigh,1Neigh-Nootropic
Nootropic,HNRNPU,1Neigh,1Neigh-Nootropic
Nootropic,HDAC9,1Neigh,1Neigh-Nootropic
Nootropic,RASSF5,1Neigh,1Neigh-Nootropic
Nootropic,YAP1,1Neigh,1Neigh-Nootropic
Nootropic,RASSF3,1Neigh,1Neigh-Nootropic
Nootropic,GABRG2,1Neigh,1Neigh-Nootropic
Nootropic,OPLAH,1Neigh,1Neigh-Nootropic
Nootropic,UPP2,1Neigh,1Neigh-Nootropic
Nootropic,NUDT15,1Neigh,1Neigh-Nootropic
Nootropic,CPS1,1Neigh,1Neigh-Nootropic
Nootropic,DPYSL2,1Neigh,1Neigh-Nootropic
Nootropic,DPYSL4,1Neigh,1Neigh-Nootropic
Nootropic,DHFR,1Neigh,1Neigh-Nootropic
Nootropic,FADS6,1Neigh,1Neigh-Nootropic
Nootropic,CTPS1,1Neigh,1Neigh-Nootropic
Nootropic,CALCRL,1Neigh,1Neigh-Nootropic
Nootropic,GABRA2,1Neigh,1Neigh-Nootropic
Nootropic,GPR156,1Neigh,1Neigh-Nootropic
Nootropic,GABRD,1Neigh,1Neigh-Nootropic
Nootropic,IL6ST,1Neigh,1Neigh-Nootropic
Nootropic,IL12RB1,1Neigh,1Neigh-Nootropic
Nootropic,CRLF1,1Neigh,1Neigh-Nootropic
Nootropic,PIK3CB,1Neigh,1Neigh-Nootropic
Nootropic,LRRC4B,1Neigh,1Neigh-Nootropic
Nootropic,MME,1Neigh,1Neigh-Nootropic
Nootropic,NAALAD2,1Neigh,1Neigh-Nootropic
Nootropic,MGAM,1Neigh,1Neigh-Nootropic
Nootropic,ADORA2A,1Neigh,1Neigh-Nootropic
Nootropic,ADA,1Neigh,1Neigh-Nootropic
Nootropic,CXCL2,1Neigh,1Neigh-Nootropic
Nootropic,HCRTR2,1Neigh,1Neigh-Nootropic
Nootropic,CYP3A4,1Neigh,1Neigh-Nootropic
Nootropic,CD8B2,1Neigh,1Neigh-Nootropic
Nootropic,B2M,1Neigh,1Neigh-Nootropic
Nootropic,ARF1,1Neigh,1Neigh-Nootropic
Nootropic,IRF9,1Neigh,1Neigh-Nootropic
Nootropic,ABCG5,1Neigh,1Neigh-Nootropic
Nootropic,SREBF2,1Neigh,1Neigh-Nootropic
Nootropic,SCD,1Neigh,1Neigh-Nootropic
Nootropic,NR1H2,1Neigh,1Neigh-Nootropic
Nootropic,AP3M2,1Neigh,1Neigh-Nootropic
Nootropic,DBI,1Neigh,1Neigh-Nootropic
Nootropic,APOF,1Neigh,1Neigh-Nootropic
Nootropic,LPL,1Neigh,1Neigh-Nootropic
Nootropic,SAA1,1Neigh,1Neigh-Nootropic
Nootropic,CPB1,1Neigh,1Neigh-Nootropic
Nootropic,TBCE-2,1Neigh,1Neigh-Nootropic
Nootropic,MMP7,1Neigh,1Neigh-Nootropic
Nootropic,MMP14,1Neigh,1Neigh-Nootropic
Nootropic,S1PR3,1Neigh,1Neigh-Nootropic
Nootropic,MMP25,1Neigh,1Neigh-Nootropic
Nootropic,MMP24,1Neigh,1Neigh-Nootropic
Nootropic,MMP16,1Neigh,1Neigh-Nootropic
Nootropic,MMP17,1Neigh,1Neigh-Nootropic
Nootropic,FGF2,1Neigh,1Neigh-Nootropic
Nootropic,TGFA,1Neigh,1Neigh-Nootropic
Nootropic,EPGN,1Neigh,1Neigh-Nootropic
Nootropic,BTC,1Neigh,1Neigh-Nootropic
Nootropic,AREG,1Neigh,1Neigh-Nootropic
Nootropic,NRG4,1Neigh,1Neigh-Nootropic
Nootropic,GRM4,1Neigh,1Neigh-Nootropic
Nootropic,FKBP5,1Neigh,1Neigh-Nootropic
Nootropic,SPATA2,1Neigh,1Neigh-Nootropic
Nootropic,MYD88,1Neigh,1Neigh-Nootropic
Nootropic,BCL10,1Neigh,1Neigh-Nootropic
Nootropic,DIABLO,1Neigh,1Neigh-Nootropic
Nootropic,PIAS1,1Neigh,1Neigh-Nootropic
Nootropic,COPS5,1Neigh,1Neigh-Nootropic
Nootropic,TRIM27,1Neigh,1Neigh-Nootropic
Nootropic,IFIH1,1Neigh,1Neigh-Nootropic
Nootropic,GIT1,1Neigh,1Neigh-Nootropic
Nootropic,CXCR2,1Neigh,1Neigh-Nootropic
Nootropic,DLG4,1Neigh,1Neigh-Nootropic
Nootropic,PICK1,1Neigh,1Neigh-Nootropic
Nootropic,GRIP1,1Neigh,1Neigh-Nootropic
Nootropic,NRCAM,1Neigh,1Neigh-Nootropic
Nootropic,AMPD2,1Neigh,1Neigh-Nootropic
Nootropic,SMCR8,1Neigh,1Neigh-Nootropic
Nootropic,SLC25A44,1Neigh,1Neigh-Nootropic
Nootropic,RANGAP1,1Neigh,1Neigh-Nootropic
Nootropic,LOC102724788,1Neigh,1Neigh-Nootropic
Nootropic,GCLC,1Neigh,1Neigh-Nootropic
Nootropic,GFPT1,1Neigh,1Neigh-Nootropic
Nootropic,GM2A,1Neigh,1Neigh-Nootropic
Nootropic,CAMP,1Neigh,1Neigh-Nootropic
Nootropic,CXCL8,1Neigh,1Neigh-Nootropic
Nootropic,CASP1,1Neigh,1Neigh-Nootropic
Nootropic,CNPY3,1Neigh,1Neigh-Nootropic
Nootropic,IL10,1Neigh,1Neigh-Nootropic
Nootropic,CDH5,1Neigh,1Neigh-Nootropic
Nootropic,HEY2,1Neigh,1Neigh-Nootropic
Nootropic,ESRRA,1Neigh,1Neigh-Nootropic
Nootropic,NR0B1,1Neigh,1Neigh-Nootropic
Nootropic,COL5A1,1Neigh,1Neigh-Nootropic
Nootropic,P2RX6,1Neigh,1Neigh-Nootropic
Nootropic,HOMER1,1Neigh,1Neigh-Nootropic
Nootropic,DLG2,1Neigh,1Neigh-Nootropic
Nootropic,CASK,1Neigh,1Neigh-Nootropic
Nootropic,PTK2B,1Neigh,1Neigh-Nootropic
Nootropic,PKD1,1Neigh,1Neigh-Nootropic
Nootropic,UBE2L5,1Neigh,1Neigh-Nootropic
Nootropic,CCNE2,1Neigh,1Neigh-Nootropic
Nootropic,CDKN2D,1Neigh,1Neigh-Nootropic
Nootropic,CCNF,1Neigh,1Neigh-Nootropic
Nootropic,RCC1,1Neigh,1Neigh-Nootropic
Nootropic,CCNH,1Neigh,1Neigh-Nootropic
Nootropic,PRIM2,1Neigh,1Neigh-Nootropic
Nootropic,RAD51,1Neigh,1Neigh-Nootropic
Nootropic,WEE1,1Neigh,1Neigh-Nootropic
Nootropic,TFDP2,1Neigh,1Neigh-Nootropic
Nootropic,SPDYE16,1Neigh,1Neigh-Nootropic
Nootropic,SPDYE6,1Neigh,1Neigh-Nootropic
Nootropic,SPDYE2,1Neigh,1Neigh-Nootropic
Nootropic,SPDYE2B,1Neigh,1Neigh-Nootropic
Nootropic,SPDYE5,1Neigh,1Neigh-Nootropic
Nootropic,SPDYE11,1Neigh,1Neigh-Nootropic
Nootropic,SUN1,1Neigh,1Neigh-Nootropic
Nootropic,BIRC5,1Neigh,1Neigh-Nootropic
Nootropic,CCNG1,1Neigh,1Neigh-Nootropic
Nootropic,SAMHD1,1Neigh,1Neigh-Nootropic
Nootropic,EPB42,1Neigh,1Neigh-Nootropic
Nootropic,MYL3,1Neigh,1Neigh-Nootropic
Nootropic,MYL12A,1Neigh,1Neigh-Nootropic
Nootropic,TPM3,1Neigh,1Neigh-Nootropic
Nootropic,CD5,1Neigh,1Neigh-Nootropic
Nootropic,TNFSF13B,1Neigh,1Neigh-Nootropic
Nootropic,IGHD,1Neigh,1Neigh-Nootropic
Nootropic,CD36,1Neigh,1Neigh-Nootropic
Nootropic,TNFRSF9,1Neigh,1Neigh-Nootropic
Nootropic,CR1,1Neigh,1Neigh-Nootropic
Nootropic,CR2,1Neigh,1Neigh-Nootropic
Nootropic,CCL19,1Neigh,1Neigh-Nootropic
Nootropic,IGLL1,1Neigh,1Neigh-Nootropic
Nootropic,IFITM1,1Neigh,1Neigh-Nootropic
Nootropic,IL7R,1Neigh,1Neigh-Nootropic
Nootropic,CTLA4,1Neigh,1Neigh-Nootropic
Nootropic,CD274,1Neigh,1Neigh-Nootropic
Nootropic,PRDM1,1Neigh,1Neigh-Nootropic
Nootropic,IL21R,1Neigh,1Neigh-Nootropic
Nootropic,CXCR3,1Neigh,1Neigh-Nootropic
Nootropic,CXCR5,1Neigh,1Neigh-Nootropic
Nootropic,SELL,1Neigh,1Neigh-Nootropic
Nootropic,CD58,1Neigh,1Neigh-Nootropic
Nootropic,NTF4,1Neigh,1Neigh-Nootropic
Nootropic,HRAS,1Neigh,1Neigh-Nootropic
Nootropic,SH2B2,1Neigh,1Neigh-Nootropic
Nootropic,FRS2,1Neigh,1Neigh-Nootropic
Nootropic,PTPRS,1Neigh,1Neigh-Nootropic
Nootropic,CDC42,1Neigh,1Neigh-Nootropic
Nootropic,RHOU,1Neigh,1Neigh-Nootropic
Nootropic,CFL1,1Neigh,1Neigh-Nootropic
Nootropic,INKA1,1Neigh,1Neigh-Nootropic
Nootropic,LPIN3,1Neigh,1Neigh-Nootropic
Nootropic,GK,1Neigh,1Neigh-Nootropic
Nootropic,SDHB,1Neigh,1Neigh-Nootropic
Nootropic,TKFC,1Neigh,1Neigh-Nootropic
Nootropic,PYROXD2,1Neigh,1Neigh-Nootropic
Nootropic,DGKZ,1Neigh,1Neigh-Nootropic
Nootropic,DGKK,1Neigh,1Neigh-Nootropic
Nootropic,DGKB,1Neigh,1Neigh-Nootropic
Nootropic,DGKA,1Neigh,1Neigh-Nootropic
Nootropic,DOHH,1Neigh,1Neigh-Nootropic
Nootropic,CSF1R,1Neigh,1Neigh-Nootropic
Nootropic,TRIL,1Neigh,1Neigh-Nootropic
Nootropic,S100A9,1Neigh,1Neigh-Nootropic
Nootropic,SRSF5,1Neigh,1Neigh-Nootropic
Nootropic,TRA2B,1Neigh,1Neigh-Nootropic
Nootropic,SNRNP70,1Neigh,1Neigh-Nootropic
Nootropic,LUC7L3,1Neigh,1Neigh-Nootropic
Nootropic,CLK1,1Neigh,1Neigh-Nootropic
Nootropic,SRSF8,1Neigh,1Neigh-Nootropic
Nootropic,ARGLU1,1Neigh,1Neigh-Nootropic
Nootropic,DDX46,1Neigh,1Neigh-Nootropic
Nootropic,L7N2F9_HUMAN,1Neigh,1Neigh-Nootropic
Nootropic,STX10,1Neigh,1Neigh-Nootropic
Nootropic,NAPB,1Neigh,1Neigh-Nootropic
Nootropic,HSPA8,1Neigh,1Neigh-Nootropic
Nootropic,STON2,1Neigh,1Neigh-Nootropic
Nootropic,AGFG1,1Neigh,1Neigh-Nootropic
Nootropic,BLOC1S6,1Neigh,1Neigh-Nootropic
Nootropic,SLC2A4,1Neigh,1Neigh-Nootropic
Nootropic,SNCA,1Neigh,1Neigh-Nootropic
Nootropic,CPLX3,1Neigh,1Neigh-Nootropic
Nootropic,STXBP3,1Neigh,1Neigh-Nootropic
Nootropic,EXOC3,1Neigh,1Neigh-Nootropic
Nootropic,STXBP2,1Neigh,1Neigh-Nootropic
Nootropic,CLTC,1Neigh,1Neigh-Nootropic
Nootropic,UNC13B,1Neigh,1Neigh-Nootropic
Nootropic,ATRN,1Neigh,1Neigh-Nootropic
Nootropic,ASIP,1Neigh,1Neigh-Nootropic
Nootropic,PF4,1Neigh,1Neigh-Nootropic
Nootropic,PROS1,1Neigh,1Neigh-Nootropic
Nootropic,SERPING1,1Neigh,1Neigh-Nootropic
Nootropic,RPS6KA3,1Neigh,1Neigh-Nootropic
Nootropic,SOS1,1Neigh,1Neigh-Nootropic
Nootropic,PKN2,1Neigh,1Neigh-Nootropic
Nootropic,SGK3,1Neigh,1Neigh-Nootropic
Nootropic,FAM199X,1Neigh,1Neigh-Nootropic
Nootropic,JAK1,1Neigh,1Neigh-Nootropic
Nootropic,ENSP00000497443,1Neigh,1Neigh-Nootropic
Nootropic,GHRH,1Neigh,1Neigh-Nootropic
Nootropic,KCNK9,1Neigh,1Neigh-Nootropic
Nootropic,S100A10,1Neigh,1Neigh-Nootropic
Nootropic,PAK3,1Neigh,1Neigh-Nootropic
Nootropic,RHOA,1Neigh,1Neigh-Nootropic
Nootropic,DCAF7,1Neigh,1Neigh-Nootropic
Nootropic,EDN1,1Neigh,1Neigh-Nootropic
Nootropic,SLC51B,1Neigh,1Neigh-Nootropic
Nootropic,INPP4B,1Neigh,1Neigh-Nootropic
Nootropic,HYAL2,Target,Target-Nootropic
Nootropic,LAMC2,Target,Target-Nootropic
Nootropic,CACNG3,Target,Target-Nootropic
Nootropic,PSMA5,Target,Target-Nootropic
Nootropic,ITGB6,Target,Target-Nootropic
Nootropic,CACNA2D2,Target,Target-Nootropic
Nootropic,PDE4D,Target,Target-Nootropic
Nootropic,CACNA1D,Target,Target-Nootropic
Nootropic,F2,Target,Target-Nootropic
Nootropic,SLC6A4,Target,Target-Nootropic
Nootropic,MAP3K3,Target,Target-Nootropic
Nootropic,OPRL1,Target,Target-Nootropic
Nootropic,CA3,Target,Target-Nootropic
Nootropic,KCNJ6,Target,Target-Nootropic
Nootropic,EP300,Target,Target-Nootropic
Nootropic,PDE4C,Target,Target-Nootropic
Nootropic,STK4,Target,Target-Nootropic
Nootropic,CLCN2,Target,Target-Nootropic
Nootropic,DHODH,Target,Target-Nootropic
Nootropic,GABBR1,Target,Target-Nootropic
Nootropic,IL27,Target,Target-Nootropic
Nootropic,THRB,Target,Target-Nootropic
Nootropic,PTPRF,Target,Target-Nootropic
Nootropic,DPP4,Target,Target-Nootropic
Nootropic,HCRTR1,Target,Target-Nootropic
Nootropic,CYP26B1,Target,Target-Nootropic
Nootropic,HLA-A,Target,Target-Nootropic
Nootropic,NR1H3,Target,Target-Nootropic
Nootropic,GSTM1,Target,Target-Nootropic
Nootropic,HLA-C,Target,Target-Nootropic
Nootropic,PLTP,Target,Target-Nootropic
Nootropic,CPN1,Target,Target-Nootropic
Nootropic,CPNE1,Target,Target-Nootropic
Nootropic,HBEGF,Target,Target-Nootropic
Nootropic,GRM8,Target,Target-Nootropic
Nootropic,CHUK,Target,Target-Nootropic
Nootropic,GRK6,Target,Target-Nootropic
Nootropic,GRIA4,Target,Target-Nootropic
Nootropic,SCN2A,Target,Target-Nootropic
Nootropic,SLC6A9,Target,Target-Nootropic
Nootropic,IMPDH2,Target,Target-Nootropic
Nootropic,NISCH,Target,Target-Nootropic
Nootropic,LAP3,Target,Target-Nootropic
Nootropic,OGA,Target,Target-Nootropic
Nootropic,TLR9,Target,Target-Nootropic
Nootropic,DLL4,Target,Target-Nootropic
Nootropic,ESRRG,Target,Target-Nootropic
Nootropic,LAMC1,Target,Target-Nootropic
Nootropic,LAMB2,Target,Target-Nootropic
Nootropic,GRIN2A,Target,Target-Nootropic
Nootropic,PRKD1,Target,Target-Nootropic
Nootropic,CDK2,Target,Target-Nootropic
Nootropic,CA1,Target,Target-Nootropic
Nootropic,MYLK,Target,Target-Nootropic
Nootropic,CD19,Target,Target-Nootropic
Nootropic,NTRK3,Target,Target-Nootropic
Nootropic,PMEL,Target,Target-Nootropic
Nootropic,PAK4,Target,Target-Nootropic
Nootropic,GPD2,Target,Target-Nootropic
Nootropic,CD14,Target,Target-Nootropic
Nootropic,SRPK2,Target,Target-Nootropic
Nootropic,TESK2,Target,Target-Nootropic
Nootropic,VAMP2,Target,Target-Nootropic
Nootropic,MC1R,Target,Target-Nootropic
Nootropic,SERPINC1,Target,Target-Nootropic
Nootropic,PDPK1,Target,Target-Nootropic
Nootropic,CA4,Target,Target-Nootropic
Nootropic,HTR5A,Target,Target-Nootropic
Nootropic,CATSPER2,Target,Target-Nootropic
Nootropic,GRM3,Target,Target-Nootropic
Nootropic,CA13,Target,Target-Nootropic
Nootropic,GHR,Target,Target-Nootropic
Nootropic,KCNK3,Target,Target-Nootropic
Nootropic,LIMK2,Target,Target-Nootropic
Nootropic,DYRK1B,Target,Target-Nootropic
Nootropic,HTR1D,Target,Target-Nootropic
Nootropic,ABCC3,Target,Target-Nootropic
Nootropic,IMPA1,Target,Target-Nootropic
