Protein,Neighborhood_1,Compound,Tag
TRPM8,Target,Pain,Target-Pain
SCN4A,Target,Pain,Target-Pain
GABRB2,Target,Pain,Target-Pain
CACNA2D1,Target,Pain,Target-Pain
TRPV1,Target,Pain,Target-Pain
OPRM1,Target,Pain,Target-Pain
PTGS2,Target,Pain,Target-Pain
FA2H,Target,Pain,Target-Pain
FAAH,Target,Pain,Target-Pain
SCN9A,Target,Pain,Target-Pain
SCN3A,Target,Pain,Target-Pain
SCN10A,Target,Pain,Target-Pain
SCN11A,Target,Pain,Target-Pain
OPRD1,Target,Pain,Target-Pain
SCN8A,Target,Pain,Target-Pain
OPRK1,Target,Pain,Target-Pain
PTGS1,Target,Pain,Target-Pain
SCN2A,Target,Pain,Target-Pain
SCN5A,Target,Pain,Target-Pain
SCN1A,Target,Pain,Target-Pain
SCN7A,Target,Pain,Target-Pain
TRPA1,Target,Pain,Target-Pain
SLC6A2,Target,Pain,Target-Pain
SIGMAR1,Target,Pain,Target-Pain
ADRA2B,Target,Pain,Target-Pain
ADRA2A,Target,Pain,Target-Pain
ADRA2C,Target,Pain,Target-Pain
SLC6A4,Target,Pain,Target-Pain
ADRB2,Target,Pain,Target-Pain
ADRA1D,Target,Pain,Target-Pain
ADRA1A,Target,Pain,Target-Pain
ADRB1,Target,Pain,Target-Pain
ADRB3,Target,Pain,Target-Pain
ADRA1B,Target,Pain,Target-Pain
ADORA2A,Target,Pain,Target-Pain
ADORA3,Target,Pain,Target-Pain
ADORA1,Target,Pain,Target-Pain
GABRG2,Target,Pain,Target-Pain
GABRA1,Target,Pain,Target-Pain
GABRG3,Target,Pain,Target-Pain
GABRA3,Target,Pain,Target-Pain
GABRA2,Target,Pain,Target-Pain
GABRA5,Target,Pain,Target-Pain
GABRG1,Target,Pain,Target-Pain
ADORA2B,Target,Pain,Target-Pain
GABRB1,Target,Pain,Target-Pain
GABRQ,Target,Pain,Target-Pain
GABRB3,Target,Pain,Target-Pain
GABRE,Target,Pain,Target-Pain
GABRA4,Target,Pain,Target-Pain
GABRA6,Target,Pain,Target-Pain
GABRD,Target,Pain,Target-Pain
GABRP,Target,Pain,Target-Pain
HRH1,Target,Pain,Target-Pain
NR3C1,Target,Pain,Target-Pain
DCC,Target,Pain,Target-Pain
GLRA1,Target,Pain,Target-Pain
SLC39A8,Target,Pain,Target-Pain
OLFM4,Target,Pain,Target-Pain
APOE,Target,Pain,Target-Pain
CDH6,Target,Pain,Target-Pain
SOX5,Target,Pain,Target-Pain
FOXP2,Target,Pain,Target-Pain
GRIN1,Target,Pain,Target-Pain
GRIN2B,Target,Pain,Target-Pain
GRIN2C,Target,Pain,Target-Pain
GRIN2A,Target,Pain,Target-Pain
GRIN2D,Target,Pain,Target-Pain
GRIN3B,Target,Pain,Target-Pain
GRIN3A,Target,Pain,Target-Pain
NCAM1,Target,Pain,Target-Pain
GUCY1B1,Target,Pain,Target-Pain
GUCY1B2,Target,Pain,Target-Pain
SDK1,Target,Pain,Target-Pain
LRP1B,Target,Pain,Target-Pain
C8ORF34,Target,Pain,Target-Pain
ESR1,Target,Pain,Target-Pain
COL27A1,Target,Pain,Target-Pain
ZCWPW2,Target,Pain,Target-Pain
GRM8,Target,Pain,Target-Pain
NXPH2,Target,Pain,Target-Pain
MAGI2,Target,Pain,Target-Pain
CELF4,Target,Pain,Target-Pain
BRINP3,Target,Pain,Target-Pain
CNTNAP2,Target,Pain,Target-Pain
CEP170,Target,Pain,Target-Pain
POLA1,Target,Pain,Target-Pain
ANAPC4,Target,Pain,Target-Pain
NGF,Target,Pain,Target-Pain
HTRA1,Target,Pain,Target-Pain
LRRC3B,Target,Pain,Target-Pain
LRRC7,Target,Pain,Target-Pain
BCL11A,Target,Pain,Target-Pain
PKN2,Target,Pain,Target-Pain
IRAG1,Target,Pain,Target-Pain
HFE,Target,Pain,Target-Pain
UTRN,Target,Pain,Target-Pain
F5,Target,Pain,Target-Pain
DIAPH3,Target,Pain,Target-Pain
HHAT,Target,Pain,Target-Pain
BRINP1,Target,Pain,Target-Pain
GLIS3,Target,Pain,Target-Pain
DPYD,Target,Pain,Target-Pain
SOX6,Target,Pain,Target-Pain
AGBL1,Target,Pain,Target-Pain
MKRN1,Target,Pain,Target-Pain
RABGAP1L,Target,Pain,Target-Pain
SORCS3,Target,Pain,Target-Pain
FDPS,Target,Pain,Target-Pain
SPANXB1,Target,Pain,Target-Pain
KLHL29,Target,Pain,Target-Pain
HMBS,Target,Pain,Target-Pain
CCSER2,Target,Pain,Target-Pain
CA10,Target,Pain,Target-Pain
SNAP25,Target,Pain,Target-Pain
BBX,Target,Pain,Target-Pain
RAPGEF2,Target,Pain,Target-Pain
ROBO2,Target,Pain,Target-Pain
ABO,Target,Pain,Target-Pain
FGFR3,Target,Pain,Target-Pain
LAMA2,Target,Pain,Target-Pain
RNLS,Target,Pain,Target-Pain
SPON2,Target,Pain,Target-Pain
CALCA,Target,Pain,Target-Pain
MDGA2,Target,Pain,Target-Pain
CPA6,Target,Pain,Target-Pain
FHL5,Target,Pain,Target-Pain
CALCB,Target,Pain,Target-Pain
LRP1,Target,Pain,Target-Pain
GDF5,Target,Pain,Target-Pain
HTR3A,Target,Pain,Target-Pain
HTR2A,Target,Pain,Target-Pain
ASTN2,Target,Pain,Target-Pain
SLC25A13,Target,Pain,Target-Pain
PPARA,Target,Pain,Target-Pain
CNR1,Target,Pain,Target-Pain
HRH2,Target,Pain,Target-Pain
SERPINA1,Target,Pain,Target-Pain
CLCN2,Target,Pain,Target-Pain
USH2A,Target,Pain,Target-Pain
SNX8,Target,Pain,Target-Pain
MIPOL1,Target,Pain,Target-Pain
MLN,Target,Pain,Target-Pain
MRLN,Target,Pain,Target-Pain
ARHGAP15,Target,Pain,Target-Pain
NUDT12,Target,Pain,Target-Pain
GABBR1,Target,Pain,Target-Pain
NRG2,Target,Pain,Target-Pain
PCCA,Target,Pain,Target-Pain
GABBR2,Target,Pain,Target-Pain
GGH,Target,Pain,Target-Pain
SORT1,Target,Pain,Target-Pain
CPS1,Target,Pain,Target-Pain
SLC6A3,Target,Pain,Target-Pain
CACNA1B,Target,Pain,Target-Pain
CELSR2,Target,Pain,Target-Pain
MAML3,Target,Pain,Target-Pain
EYS,Target,Pain,Target-Pain
AVPR1B,Target,Pain,Target-Pain
CHRM2,Target,Pain,Target-Pain
HTR2C,Target,Pain,Target-Pain
AVPR2,Target,Pain,Target-Pain
AVPR1A,Target,Pain,Target-Pain
CHRM3,Target,Pain,Target-Pain
SLC14A1,Target,Pain,Target-Pain
LHFPL3,Target,Pain,Target-Pain
CHST3,Target,Pain,Target-Pain
CACNA2D2,Target,Pain,Target-Pain
BMAL1,Target,Pain,Target-Pain
ADGRL3,Target,Pain,Target-Pain
KLF7,Target,Pain,Target-Pain
NLGN1,Target,Pain,Target-Pain
TNP1,Target,Pain,Target-Pain
DPEP1,Target,Pain,Target-Pain
CHRM1,Target,Pain,Target-Pain
SLC25A21,Target,Pain,Target-Pain
FOXG1,Target,Pain,Target-Pain
PTGER3,Target,Pain,Target-Pain
TMPO,Target,Pain,Target-Pain
KCNA4,Target,Pain,Target-Pain
PGR,Target,Pain,Target-Pain
PHEX,Target,Pain,Target-Pain
MYOT,Target,Pain,Target-Pain
CPT2,Target,Pain,Target-Pain
PTPRQ,Target,Pain,Target-Pain
PTPRR,Target,Pain,Target-Pain
MYH7,Target,Pain,Target-Pain
PIK3C3,Target,Pain,Target-Pain
SPATA31D1,Target,Pain,Target-Pain
ZNF23,Target,Pain,Target-Pain
CA4,Target,Pain,Target-Pain
CA2,Target,Pain,Target-Pain
GRIA2,Target,Pain,Target-Pain
KCNK2,Target,Pain,Target-Pain
KCNAB2,Target,Pain,Target-Pain
COL11A1,Target,Pain,Target-Pain
GNRHR,Target,Pain,Target-Pain
GRIA1,Target,Pain,Target-Pain
RELN,Target,Pain,Target-Pain
PPOX,Target,Pain,Target-Pain
HCRT,Target,Pain,Target-Pain
KCNK18,Target,Pain,Target-Pain
WSCD2,Target,Pain,Target-Pain
KCNK10,Target,Pain,Target-Pain
GRIA4,Target,Pain,Target-Pain
GRIK2,Target,Pain,Target-Pain
GRIK5,Target,Pain,Target-Pain
CHRNG,Target,Pain,Target-Pain
KCNK9,Target,Pain,Target-Pain
CA1,Target,Pain,Target-Pain
CHRND,Target,Pain,Target-Pain
GRIK1,Target,Pain,Target-Pain
CHRNE,Target,Pain,Target-Pain
GRIA3,Target,Pain,Target-Pain
KCNK3,Target,Pain,Target-Pain
CHRNB1,Target,Pain,Target-Pain
GRIK3,Target,Pain,Target-Pain
CHRNA1,Target,Pain,Target-Pain
GRIK4,Target,Pain,Target-Pain
SLBP,Target,Pain,Target-Pain
TGFA,Target,Pain,Target-Pain
AFF3,Target,Pain,Target-Pain
HSD11B1,Target,Pain,Target-Pain
NFU1,Target,Pain,Target-Pain
TOP2A,Target,Pain,Target-Pain
SP4,Target,Pain,Target-Pain
MST1,Target,Pain,Target-Pain
STK4,Target,Pain,Target-Pain
PCLO,Target,Pain,Target-Pain
MEF2D,Target,Pain,Target-Pain
CADM2,Target,Pain,Target-Pain
LANCL1,Target,Pain,Target-Pain
ILRUN,Target,Pain,Target-Pain
ABCG8,Target,Pain,Target-Pain
SMAD3,Target,Pain,Target-Pain
SLC24A3,Target,Pain,Target-Pain
INO80D,Target,Pain,Target-Pain
GSDMC,Target,Pain,Target-Pain
TSPAN2,Target,Pain,Target-Pain
TMEM182,Target,Pain,Target-Pain
ZMIZ1,Target,Pain,Target-Pain
ZCCHC4,Target,Pain,Target-Pain
KCNG2,Target,Pain,Target-Pain
GFPT1,Target,Pain,Target-Pain
ZBBX,Target,Pain,Target-Pain
TNF,Target,Pain,Target-Pain
PHACTR1,Target,Pain,Target-Pain
PRPF3,Target,Pain,Target-Pain
DRD3,Target,Pain,Target-Pain
ITPK1,Target,Pain,Target-Pain
BTG4,Target,Pain,Target-Pain
ACHE,Target,Pain,Target-Pain
TYW1B,Target,Pain,Target-Pain
NEB,Target,Pain,Target-Pain
VDR,Target,Pain,Target-Pain
FGF18,Target,Pain,Target-Pain
DRD2,Target,Pain,Target-Pain
SUGCT,Target,Pain,Target-Pain
FAF2,Target,Pain,Target-Pain
DRD4,Target,Pain,Target-Pain
OPRL1,Target,Pain,Target-Pain
PRC1,Target,Pain,Target-Pain
TTPA,Target,Pain,Target-Pain
CDK5RAP2,Target,Pain,Target-Pain
PSRC1,Target,Pain,Target-Pain
ATP4A,Target,Pain,Target-Pain
CMIP,Target,Pain,Target-Pain
IQSEC3,Target,Pain,Target-Pain
RORA,Target,Pain,Target-Pain
RBMS3,Target,Pain,Target-Pain
FAM120AOS,Target,Pain,Target-Pain
EIF4E3,Target,Pain,Target-Pain
COMMD7,Target,Pain,Target-Pain
INKA2,Target,Pain,Target-Pain
PDZRN3,Target,Pain,Target-Pain
OR9Q1,Target,Pain,Target-Pain
MAOB,Target,Pain,Target-Pain
PPP1R3B,Target,Pain,Target-Pain
TOB1,Target,Pain,Target-Pain
ESR2,Target,Pain,Target-Pain
VRK2,Target,Pain,Target-Pain
TFAP2B,Target,Pain,Target-Pain
SPOCK2,Target,Pain,Target-Pain
NAA40,Target,Pain,Target-Pain
RPS21,Target,Pain,Target-Pain
TNRC18,Target,Pain,Target-Pain
MON1B,Target,Pain,Target-Pain
SDCCAG8,Target,Pain,Target-Pain
CARD16,Target,Pain,Target-Pain
COP1,Target,Pain,Target-Pain
PMFBP1,Target,Pain,Target-Pain
ZNF423,Target,Pain,Target-Pain
OAT,Target,Pain,Target-Pain
COL5A1,Target,Pain,Target-Pain
GJB1,Target,Pain,Target-Pain
CLCN1,Target,Pain,Target-Pain
PARD3B,Target,Pain,Target-Pain
TCF7L2,Target,Pain,Target-Pain
TCF4,Target,Pain,Target-Pain
AKAP13,Target,Pain,Target-Pain
ALDH1A2,Target,Pain,Target-Pain
PLG,Target,Pain,Target-Pain
CGREF1,Target,Pain,Target-Pain
TUBB4A,Target,Pain,Target-Pain
PTGER1,Target,Pain,Target-Pain
TUBB8,Target,Pain,Target-Pain
TUBB6,Target,Pain,Target-Pain
PTGER4,Target,Pain,Target-Pain
TUBB2B,Target,Pain,Target-Pain
TUBB2A,Target,Pain,Target-Pain
TUBB4B,Target,Pain,Target-Pain
PTH1R,Target,Pain,Target-Pain
TUBB1,Target,Pain,Target-Pain
CYSLTR1,Target,Pain,Target-Pain
PTGER2,Target,Pain,Target-Pain
RILPL2,Target,Pain,Target-Pain
PRDM16,Target,Pain,Target-Pain
HPSE2,Target,Pain,Target-Pain
COLGALT2,Target,Pain,Target-Pain
PIEZO1,Target,Pain,Target-Pain
MAD1L1,Target,Pain,Target-Pain
DENND3,Target,Pain,Target-Pain
DSC3,Target,Pain,Target-Pain
DSC2,Target,Pain,Target-Pain
NIBAN1,Target,Pain,Target-Pain
PHF3,Target,Pain,Target-Pain
NCOR2,Target,Pain,Target-Pain
TERF1,Target,Pain,Target-Pain
DPYSL4,Target,Pain,Target-Pain
SGIP1,Target,Pain,Target-Pain
BHLHE22,Target,Pain,Target-Pain
STAT6,Target,Pain,Target-Pain
SETBP1,Target,Pain,Target-Pain
SIX3,Target,Pain,Target-Pain
PTPN13,Target,Pain,Target-Pain
MACF1,Target,Pain,Target-Pain
IRS2,Target,Pain,Target-Pain
TMEM200C,Target,Pain,Target-Pain
MAPT,Target,Pain,Target-Pain
PHB1,Target,Pain,Target-Pain
CDKN2B,Target,Pain,Target-Pain
KMT2E,Target,Pain,Target-Pain
HIVEP1,Target,Pain,Target-Pain
MLLT10,Target,Pain,Target-Pain
PTP4A1,Target,Pain,Target-Pain
ECM1,Target,Pain,Target-Pain
HNMT,Target,Pain,Target-Pain
VIRMA,Target,Pain,Target-Pain
BARX1,Target,Pain,Target-Pain
ADAMTSL4,Target,Pain,Target-Pain
EXD3,Target,Pain,Target-Pain
STAG1,Target,Pain,Target-Pain
PMEPA1,Target,Pain,Target-Pain
MKX,Target,Pain,Target-Pain
ZNF829,Target,Pain,Target-Pain
FXN,Target,Pain,Target-Pain
NECTIN1,Target,Pain,Target-Pain
RERG,Target,Pain,Target-Pain
POLR1F,Target,Pain,Target-Pain
ZNF800,Target,Pain,Target-Pain
WNT3A,Target,Pain,Target-Pain
CTAGE1,Target,Pain,Target-Pain
SPMIP3,Target,Pain,Target-Pain
AKAP11,Target,Pain,Target-Pain
SREK1,Target,Pain,Target-Pain
CPSF6,Target,Pain,Target-Pain
PCDH9,Target,Pain,Target-Pain
JAKMIP3,Target,Pain,Target-Pain
ONECUT2,Target,Pain,Target-Pain
NOL4L,Target,Pain,Target-Pain
ACVR2A,Target,Pain,Target-Pain
CYB5D1,Target,Pain,Target-Pain
IGFBP3,Target,Pain,Target-Pain
KYNU,Target,Pain,Target-Pain
BLTP3A,Target,Pain,Target-Pain
PPIF,Target,Pain,Target-Pain
PTPRC,Target,Pain,Target-Pain
GCC1,Target,Pain,Target-Pain
MFSD9,Target,Pain,Target-Pain
NEK7,Target,Pain,Target-Pain
FAM120A,Target,Pain,Target-Pain
PAX4,Target,Pain,Target-Pain
SND1,Target,Pain,Target-Pain
ARF5,Target,Pain,Target-Pain
LRRC4,Target,Pain,Target-Pain
FSCN3,Target,Pain,Target-Pain
INTS1,Target,Pain,Target-Pain
DMRTA2,Target,Pain,Target-Pain
DCAF5,Target,Pain,Target-Pain
SLC35G2,Target,Pain,Target-Pain
ZNF429,Target,Pain,Target-Pain
SOX14,Target,Pain,Target-Pain
MPLKIP,Target,Pain,Target-Pain
UQCC1,Target,Pain,Target-Pain
ELFN1,Target,Pain,Target-Pain
TSKU,Target,Pain,Target-Pain
PKHD1,Target,Pain,Target-Pain
AKTIP,Target,Pain,Target-Pain
RMC1,Target,Pain,Target-Pain
CARD11,Target,Pain,Target-Pain
PITPNM2,Target,Pain,Target-Pain
LRCH1,Target,Pain,Target-Pain
PTPRU,Target,Pain,Target-Pain
PCP2,Target,Pain,Target-Pain
GJA1,Target,Pain,Target-Pain
CMC1,Target,Pain,Target-Pain
NPC1,Target,Pain,Target-Pain
AOPEP,Target,Pain,Target-Pain
TARS2,Target,Pain,Target-Pain
GSAP,Target,Pain,Target-Pain
GPR146,Target,Pain,Target-Pain
TMEM184A,Target,Pain,Target-Pain
CD79B,Target,Pain,Target-Pain
PSMG3,Target,Pain,Target-Pain
MRPS21,Target,Pain,Target-Pain
GRK4,Target,Pain,Target-Pain
IBSP,Target,Pain,Target-Pain
SCAI,Target,Pain,Target-Pain
KPNA2,Target,Pain,Target-Pain
NDUFV1,Target,Pain,Target-Pain
RTN4RL1,Target,Pain,Target-Pain
ZCCHC14,Target,Pain,Target-Pain
LFNG,Target,Pain,Target-Pain
PRKAR1B,Target,Pain,Target-Pain
IQCE,Target,Pain,Target-Pain
AMZ1,Target,Pain,Target-Pain
MRM2,Target,Pain,Target-Pain
MAFK,Target,Pain,Target-Pain
BRAT1,Target,Pain,Target-Pain
PDGFA,Target,Pain,Target-Pain
EIF3B,Target,Pain,Target-Pain
EIF5B,Target,Pain,Target-Pain
CHST12,Target,Pain,Target-Pain
MICALL2,Target,Pain,Target-Pain
NUDT1,Target,Pain,Target-Pain
FAM20C,Target,Pain,Target-Pain
GNA12,Target,Pain,Target-Pain
DNAAF5,Target,Pain,Target-Pain
LONRF2,Target,Pain,Target-Pain
REV1,Target,Pain,Target-Pain
TTYH3,Target,Pain,Target-Pain
FOXL3,Target,Pain,Target-Pain
GRIFIN,Target,Pain,Target-Pain
UNCX,Target,Pain,Target-Pain
APOC1,Target,Pain,Target-Pain
C8ORF90,Target,Pain,Target-Pain
MON1A,Target,Pain,Target-Pain
SLC25A3,Target,Pain,Target-Pain
AZI2,Target,Pain,Target-Pain
WWP2,Target,Pain,Target-Pain
DAG1,Target,Pain,Target-Pain
CYP2W1,Target,Pain,Target-Pain
COX19,Target,Pain,Target-Pain
ADAP1,Target,Pain,Target-Pain
COPRS,Target,Pain,Target-Pain
NCK1,Target,Pain,Target-Pain
TMEM129,Target,Pain,Target-Pain
PLXNA2,Target,Pain,Target-Pain
NAA38,Target,Pain,Target-Pain
SNRPC,Target,Pain,Target-Pain
RBMX,Target,Pain,Target-Pain
EXD2,Target,Pain,Target-Pain
XKR6,Target,Pain,Target-Pain
GLYATL2,Target,Pain,Target-Pain
KHK,Target,Pain,Target-Pain
LIPJ,Target,Pain,Target-Pain
NKAIN3,Target,Pain,Target-Pain
NMT1,Target,Pain,Target-Pain
PLEKHA1,Target,Pain,Target-Pain
TACC3,Target,Pain,Target-Pain
PKD1,Target,Pain,Target-Pain
PRKD1,Target,Pain,Target-Pain
ATXN2,Target,Pain,Target-Pain
IST1,Target,Pain,Target-Pain
BMP8A,Target,Pain,Target-Pain
RBM5,Target,Pain,Target-Pain
TRIM32,Target,Pain,Target-Pain
STXBP2,Target,Pain,Target-Pain
FAF1,Target,Pain,Target-Pain
PCYT1B,Target,Pain,Target-Pain
CDC5L,Target,Pain,Target-Pain
GET4,Target,Pain,Target-Pain
NOP14,Target,Pain,Target-Pain
GH1,Target,Pain,Target-Pain
SPPL2C,Target,Pain,Target-Pain
DDX20,Target,Pain,Target-Pain
GPR52,Target,Pain,Target-Pain
CYP20A1,Target,Pain,Target-Pain
PDK3,Target,Pain,Target-Pain
RPL10L,Target,Pain,Target-Pain
RIN2,Target,Pain,Target-Pain
CAMKV,Target,Pain,Target-Pain
AS3MT,Target,Pain,Target-Pain
PAPPA2,Target,Pain,Target-Pain
MAP2K2,Target,Pain,Target-Pain
KIF1B,Target,Pain,Target-Pain
OPA1,Target,Pain,Target-Pain
MYH8,Target,Pain,Target-Pain
MYH6,Target,Pain,Target-Pain
RYR1,Target,Pain,Target-Pain
SELENON,Target,Pain,Target-Pain
LYZ,Target,Pain,Target-Pain
ATP6V1G3,Target,Pain,Target-Pain
TMEM214,Target,Pain,Target-Pain
OXTR,Target,Pain,Target-Pain
DDC,Target,Pain,Target-Pain
FGF6,Target,Pain,Target-Pain
SLA,Target,Pain,Target-Pain
EGR1,Target,Pain,Target-Pain
MAPK14,Target,Pain,Target-Pain
GRM5,Target,Pain,Target-Pain
ARL6IP4,Target,Pain,Target-Pain
CACNA1H,Target,Pain,Target-Pain
BCAT1,Target,Pain,Target-Pain
CDKN2C,Target,Pain,Target-Pain
SPINK2,Target,Pain,Target-Pain
NEGR1,Target,Pain,Target-Pain
CCR2,Target,Pain,Target-Pain
DIXDC1,Target,Pain,Target-Pain
ILF3,Target,Pain,Target-Pain
RGS18,Target,Pain,Target-Pain
UFL1,Target,Pain,Target-Pain
ALDH5A1,Target,Pain,Target-Pain
TACR2,Target,Pain,Target-Pain
THAP7,Target,Pain,Target-Pain
KNG1,Target,Pain,Target-Pain
SYT7,Target,Pain,Target-Pain
MTNR1A,Target,Pain,Target-Pain
KCNH1,Target,Pain,Target-Pain
CNR2,Target,Pain,Target-Pain
VPS33B,Target,Pain,Target-Pain
NBEAL1,Target,Pain,Target-Pain
AMIGO3,Target,Pain,Target-Pain
MTNR1B,Target,Pain,Target-Pain
MMP1,Target,Pain,Target-Pain
MARK4,Target,Pain,Target-Pain
STH,Target,Pain,Target-Pain
CACNA1I,Target,Pain,Target-Pain
CACNA1G,Target,Pain,Target-Pain
EREG,Target,Pain,Target-Pain
MAOA,Target,Pain,Target-Pain
CACNA1C,Target,Pain,Target-Pain
MMP7,Target,Pain,Target-Pain
CACNA1F,Target,Pain,Target-Pain
AGTR1,Target,Pain,Target-Pain
MMP8,Target,Pain,Target-Pain
HTR1B,Target,Pain,Target-Pain
CBR4,Target,Pain,Target-Pain
HTR1D,Target,Pain,Target-Pain
CACNA1S,Target,Pain,Target-Pain
CACNA1D,Target,Pain,Target-Pain
INSR,Target,Pain,Target-Pain
MMP13,Target,Pain,Target-Pain
CDIPT,Target,Pain,Target-Pain
ARHGAP27,Target,Pain,Target-Pain
RPRD2,Target,Pain,Target-Pain
LRRC37A,Target,Pain,Target-Pain
C16ORF78,Target,Pain,Target-Pain
MRPS14,Target,Pain,Target-Pain
NUDT8,Target,Pain,Target-Pain
RBM6,Target,Pain,Target-Pain
ETNK1,Target,Pain,Target-Pain
CDK2AP1,Target,Pain,Target-Pain
SLC9A2,Target,Pain,Target-Pain
MET,Target,Pain,Target-Pain
SLTM,Target,Pain,Target-Pain
RGS12,Target,Pain,Target-Pain
NDUFB8,Target,Pain,Target-Pain
NDUFS7,Target,Pain,Target-Pain
MT-ND1,Target,Pain,Target-Pain
NDUFB7,Target,Pain,Target-Pain
NDUFA3,Target,Pain,Target-Pain
NDUFA10,Target,Pain,Target-Pain
NDUFAF2,Target,Pain,Target-Pain
NDUFB2,Target,Pain,Target-Pain
NDUFS6,Target,Pain,Target-Pain
NDUFAF4,Target,Pain,Target-Pain
NDUFC2,Target,Pain,Target-Pain
NDUFA6,Target,Pain,Target-Pain
NDUFS3,Target,Pain,Target-Pain
NDUFAB1,Target,Pain,Target-Pain
NDUFB3,Target,Pain,Target-Pain
NDUFAF1,Target,Pain,Target-Pain
NDUFV2,Target,Pain,Target-Pain
NDUFB11,Target,Pain,Target-Pain
NDUFA12,Target,Pain,Target-Pain
NDUFA9,Target,Pain,Target-Pain
NDUFS1,Target,Pain,Target-Pain
NDUFB5,Target,Pain,Target-Pain
NDUFB9,Target,Pain,Target-Pain
NDUFA11,Target,Pain,Target-Pain
NDUFS8,Target,Pain,Target-Pain
NDUFAF3,Target,Pain,Target-Pain
NDUFA13,Target,Pain,Target-Pain
NDUFB1,Target,Pain,Target-Pain
NDUFS2,Target,Pain,Target-Pain
GPD2,Target,Pain,Target-Pain
MT-ND2,Target,Pain,Target-Pain
NDUFA5,Target,Pain,Target-Pain
NDUFS5,Target,Pain,Target-Pain
MT-ND5,Target,Pain,Target-Pain
NDUFV3,Target,Pain,Target-Pain
NDUFA4L2,Target,Pain,Target-Pain
NDUFA8,Target,Pain,Target-Pain
MT-ND4L,Target,Pain,Target-Pain
NDUFA4,Target,Pain,Target-Pain
MT-ND6,Target,Pain,Target-Pain
NDUFC1,Target,Pain,Target-Pain
ABCG5,Target,Pain,Target-Pain
EHBP1L1,Target,Pain,Target-Pain
GPX1,Target,Pain,Target-Pain
ARMS2,Target,Pain,Target-Pain
GPX7,Target,Pain,Target-Pain
MST1R,Target,Pain,Target-Pain
NF1,Target,Pain,Target-Pain
TGFB1,Target,Pain,Target-Pain
HORMAD2,Target,Pain,Target-Pain
AR,Target,Pain,Target-Pain
CACYBP,Target,Pain,Target-Pain
RBL2,Target,Pain,Target-Pain
XAB2,Target,Pain,Target-Pain
KDM2A,Target,Pain,Target-Pain
ORC4,Target,Pain,Target-Pain
TACR1,Target,Pain,Target-Pain
AGBL5,Target,Pain,Target-Pain
APEH,Target,Pain,Target-Pain
PRKCE,Target,Pain,Target-Pain
CHRNA4,Target,Pain,Target-Pain
BDKRB1,Target,Pain,Target-Pain
CALCRL,Target,Pain,Target-Pain
ZNF738,Target,Pain,Target-Pain
CDK13,Target,Pain,Target-Pain
HTR3E,Target,Pain,Target-Pain
CHRNB2,Target,Pain,Target-Pain
CRBN,Target,Pain,Target-Pain
ESRRG,Target,Pain,Target-Pain
TRPV3,Target,Pain,Target-Pain
RBX1,Target,Pain,Target-Pain
MAPK11,Target,Pain,Target-Pain
HTR3C,Target,Pain,Target-Pain
GUCY1A2,Target,Pain,Target-Pain
CA12,Target,Pain,Target-Pain
GUCY1A1,Target,Pain,Target-Pain
DDB1,Target,Pain,Target-Pain
SSTR5,Target,Pain,Target-Pain
SSTR2,Target,Pain,Target-Pain
SSTR1,Target,Pain,Target-Pain
HTR3D,Target,Pain,Target-Pain
CUL4A,Target,Pain,Target-Pain
SSTR3,Target,Pain,Target-Pain
HTR4,Target,Pain,Target-Pain
HTR3B,Target,Pain,Target-Pain
NAA80,Target,Pain,Target-Pain
CFDP1,Target,Pain,Target-Pain
TBC1D7,Target,Pain,Target-Pain
GFOD1,Target,Pain,Target-Pain
CFAP337,Target,Pain,Target-Pain
SEMA3F,Target,Pain,Target-Pain
DYNLT5,Target,Pain,Target-Pain
SIGLEC12,Target,Pain,Target-Pain
SIGLECL1,Target,Pain,Target-Pain
CCDC71,Target,Pain,Target-Pain
RNF123,Target,Pain,Target-Pain
CALN1,Target,Pain,Target-Pain
MAPK10,Target,Pain,Target-Pain
LAMA5,Target,Pain,Target-Pain
SERPINI2,Target,Pain,Target-Pain
TRAPPC6A,Target,Pain,Target-Pain
FANCL,Target,Pain,Target-Pain
SYT14,Target,Pain,Target-Pain
RAB18,Target,Pain,Target-Pain
ZBTB46,Target,Pain,Target-Pain
CRHR1,Target,Pain,Target-Pain
CCN4,Target,Pain,Target-Pain
C17ORF58,Target,Pain,Target-Pain
IL20RB,Target,Pain,Target-Pain
ATP8B2,Target,Pain,Target-Pain
TDRD3,Target,Pain,Target-Pain
ST8SIA1,Target,Pain,Target-Pain
ABCC9,Target,Pain,Target-Pain
LMNTD1,Target,Pain,Target-Pain
RGS13,Target,Pain,Target-Pain
CMAS,Target,Pain,Target-Pain
RGS1,Target,Pain,Target-Pain
RGS2,Target,Pain,Target-Pain
SYCE1L,Target,Pain,Target-Pain
UVSSA,Target,Pain,Target-Pain
SUN1,Target,Pain,Target-Pain
UBA7,Target,Pain,Target-Pain
PCDH8,Target,Pain,Target-Pain
QTRT1,Target,Pain,Target-Pain
NSD1,Target,Pain,Target-Pain
HTT,Target,Pain,Target-Pain
SPOPL,Target,Pain,Target-Pain
BPTF,Target,Pain,Target-Pain
GPER1,Target,Pain,Target-Pain
IGFBP2,Target,Pain,Target-Pain
SLC45A4,Target,Pain,Target-Pain
GTDC1,Target,Pain,Target-Pain
SBNO1,Target,Pain,Target-Pain
MSL2,Target,Pain,Target-Pain
PET100,Target,Pain,Target-Pain
CPNE7,Target,Pain,Target-Pain
CARF,Target,Pain,Target-Pain
CDKN2AIP,Target,Pain,Target-Pain
GMPPB,Target,Pain,Target-Pain
SERTAD4,Target,Pain,Target-Pain
MTMR3,Target,Pain,Target-Pain
KLHDC8B,Target,Pain,Target-Pain
POM121,Target,Pain,Target-Pain
P4HTM,Target,Pain,Target-Pain
YEATS4,Target,Pain,Target-Pain
FOXA3,Target,Pain,Target-Pain
BCS1L,Target,Pain,Target-Pain
THSD7B,Target,Pain,Target-Pain
RFLNA,Target,Pain,Target-Pain
KLHL25,Target,Pain,Target-Pain
SPATA31D3,Target,Pain,Target-Pain
IKBIP,Target,Pain,Target-Pain
SPATA31D4,Target,Pain,Target-Pain
KANSL1,Target,Pain,Target-Pain
SHISAL2A,Target,Pain,Target-Pain
IRAG2,Target,Pain,Target-Pain
C2CD5,Target,Pain,Target-Pain
DNAI7,Target,Pain,Target-Pain
ETFRF1,Target,Pain,Target-Pain
KRAS,Target,Pain,Target-Pain
UBXN2A,Target,Pain,Target-Pain
FKBP1B,Target,Pain,Target-Pain
PAPOLG,Target,Pain,Target-Pain
GTF2B,Target,Pain,Target-Pain
SF3B6,Target,Pain,Target-Pain
PFN4,Target,Pain,Target-Pain
ITSN2,Target,Pain,Target-Pain
MFSD2B,Target,Pain,Target-Pain
WDCP,Target,Pain,Target-Pain
FAM228B,Target,Pain,Target-Pain
TP53I3,Target,Pain,Target-Pain
FAM228A,Target,Pain,Target-Pain
CAMK1G,Target,Pain,Target-Pain
CTDSPL2,Target,Pain,Target-Pain
PTPN12,Target,Pain,Target-Pain
GPR101,Target,Pain,Target-Pain
CNNM2,Target,Pain,Target-Pain
ATXN1L,Target,Pain,Target-Pain
SERPINA12,Target,Pain,Target-Pain
PPP6C,Target,Pain,Target-Pain
SLC44A2,Target,Pain,Target-Pain
PDE3A,Target,Pain,Target-Pain
THRA,Target,Pain,Target-Pain
THRB,Target,Pain,Target-Pain
ZFAND2A,Target,Pain,Target-Pain
MPHOSPH9,Target,Pain,Target-Pain
ABCB9,Target,Pain,Target-Pain
NADK2,Target,Pain,Target-Pain
FAM53A,Target,Pain,Target-Pain
MAPRE3,Target,Pain,Target-Pain
PREX2,Target,Pain,Target-Pain
ANAPC7,Target,Pain,Target-Pain
IFT81,Target,Pain,Target-Pain
ABCB1,Target,Pain,Target-Pain
AP1G1,Target,Pain,Target-Pain
IGFBP5,Target,Pain,Target-Pain
ATAD2B,Target,Pain,Target-Pain
SH2B3,Target,Pain,Target-Pain
ORC5,Target,Pain,Target-Pain
SRPK2,Target,Pain,Target-Pain
AAK1,Target,Pain,Target-Pain
P2RX7,Target,Pain,Target-Pain
CRP,Target,Pain,Target-Pain
TCTA,Target,Pain,Target-Pain
REST,Target,Pain,Target-Pain
IHO1,Target,Pain,Target-Pain
HMGCR,Target,Pain,Target-Pain
HMGB1,Target,Pain,Target-Pain
EPO,Target,Pain,Target-Pain
EPX,Target,Pain,Target-Pain
NTRK1,Target,Pain,Target-Pain
APAF1,Target,Pain,Target-Pain
SLC9A4,Target,Pain,Target-Pain
RASEF,Target,Pain,Target-Pain
ICE2,Target,Pain,Target-Pain
TLE1,Target,Pain,Target-Pain
INSC,Target,Pain,Target-Pain
PDE4A,Target,Pain,Target-Pain
GPR27,Target,Pain,Target-Pain
MGLL,Target,Pain,Target-Pain
IL1R1,Target,Pain,Target-Pain
MSANTD1,Target,Pain,Target-Pain
ATP1A3,Target,Pain,Target-Pain
EIF3J,Target,Pain,Target-Pain
PDE10A,Target,Pain,Target-Pain
KCNJ11,Target,Pain,Target-Pain
PDE5A,Target,Pain,Target-Pain
PDE4C,Target,Pain,Target-Pain
PDE4D,Target,Pain,Target-Pain
ATP1A2,Target,Pain,Target-Pain
ABCC8,Target,Pain,Target-Pain
ATP1A1,Target,Pain,Target-Pain
PDE4B,Target,Pain,Target-Pain
ATP1A4,Target,Pain,Target-Pain
DCAKD,Target,Pain,Target-Pain
SPDYE18,Target,Pain,Target-Pain
RSBN1L,Target,Pain,Target-Pain
SPDYE17,Target,Pain,Target-Pain
CCDC146,Target,Pain,Target-Pain
FGL2,Target,Pain,Target-Pain
PHTF2,Target,Pain,Target-Pain
TMEM60,Target,Pain,Target-Pain
CSH2,Target,Pain,Target-Pain
CTBP1,Target,Pain,Target-Pain
TLR5,Target,Pain,Target-Pain
RGS21,Target,Pain,Target-Pain
TFAP2D,Target,Pain,Target-Pain
TRAIP,Target,Pain,Target-Pain
CXCL8,Target,Pain,Target-Pain
LRRC37A2,Target,Pain,Target-Pain
HPR,Target,Pain,Target-Pain
DHX38,Target,Pain,Target-Pain
TXNL4B,Target,Pain,Target-Pain
ICAM1,Target,Pain,Target-Pain
CHD3,Target,Pain,Target-Pain
OGFOD2,Target,Pain,Target-Pain
TLR3,Target,Pain,Target-Pain
RHOA,Target,Pain,Target-Pain
IL6,Target,Pain,Target-Pain
SUZ12,Target,Pain,Target-Pain
ICAM5,Target,Pain,Target-Pain
TGM2,Target,Pain,Target-Pain
HOATZ,Target,Pain,Target-Pain
CABLES2,Target,Pain,Target-Pain
PRL,Target,Pain,Target-Pain
PBX1,Target,Pain,Target-Pain
APH1A,Target,Pain,Target-Pain
SKIDA1,Target,Pain,Target-Pain
NEK10,Target,Pain,Target-Pain
FAM216A,Target,Pain,Target-Pain
IL6R,Target,Pain,Target-Pain
BDNF,Target,Pain,Target-Pain
AMT,Target,Pain,Target-Pain
IL1B,Target,Pain,Target-Pain
BSN,Target,Pain,Target-Pain
SLC8A1,Target,Pain,Target-Pain
CKM,Target,Pain,Target-Pain
SIGLEC15,Target,Pain,Target-Pain
LAYN,Target,Pain,Target-Pain
TG,Target,Pain,Target-Pain
ZC3H11C,Target,Pain,Target-Pain
FKBP1C,Target,Pain,Target-Pain
ARPC3,Target,Pain,Target-Pain
C20ORF203,Target,Pain,Target-Pain
DALRD3,Target,Pain,Target-Pain
TNR,Target,Pain,Target-Pain
ZNF708,Target,Pain,Target-Pain
PCSK9,Target,Pain,Target-Pain
LGSN,Target,Pain,Target-Pain
MBD5,Target,Pain,Target-Pain
KIF12,Target,Pain,Target-Pain
PCCB,Target,Pain,Target-Pain
IGF1,Target,Pain,Target-Pain
KMT5A,Target,Pain,Target-Pain
PLCD4,Target,Pain,Target-Pain
IL1RN,Target,Pain,Target-Pain
C1ORF74,Target,Pain,Target-Pain
CLDN18,Target,Pain,Target-Pain
WDR12,Target,Pain,Target-Pain
MXD3,Target,Pain,Target-Pain
MGST2,Target,Pain,Target-Pain
RPGRIP1L,Target,Pain,Target-Pain
USP37,Target,Pain,Target-Pain
CATSPERE,Target,Pain,Target-Pain
SLC29A4,Target,Pain,Target-Pain
ANAPC2,Target,Pain,Target-Pain
GDPD3,Target,Pain,Target-Pain
ZNF568,Target,Pain,Target-Pain
ZNF821,Target,Pain,Target-Pain
RAB24,Target,Pain,Target-Pain
LIPF,Target,Pain,Target-Pain
EBLN2,Target,Pain,Target-Pain
ASCC2,Target,Pain,Target-Pain
S100A12,Target,Pain,Target-Pain
PINX1,Target,Pain,Target-Pain
C1ORF54,Target,Pain,Target-Pain
SURF6,Target,Pain,Target-Pain
RPA1,Target,Pain,Target-Pain
PHLPP2,Target,Pain,Target-Pain
ARX,Target,Pain,Target-Pain
HVCN1,Target,Pain,Target-Pain
PLEKHM1,Target,Pain,Target-Pain
ITGAM,Target,Pain,Target-Pain
RCOR2,Target,Pain,Target-Pain
LRRC10B,Target,Pain,Target-Pain
CD14,Target,Pain,Target-Pain
SPDEF,Target,Pain,Target-Pain
LRRC32,Target,Pain,Target-Pain
LAMB3,Target,Pain,Target-Pain
SLC19A2,Target,Pain,Target-Pain
TMEM170A,Target,Pain,Target-Pain
ATP2A2,Target,Pain,Target-Pain
ARIH2,Target,Pain,Target-Pain
CD40,Target,Pain,Target-Pain
CIART,Target,Pain,Target-Pain
TTC12,Target,Pain,Target-Pain
ICA1L,Target,Pain,Target-Pain
GLP1R,Target,Pain,Target-Pain
BCAR1,Target,Pain,Target-Pain
NLRP1,Target,Pain,Target-Pain
OR6Q1,Target,Pain,Target-Pain
HMOX1,Target,Pain,Target-Pain
IL10,Target,Pain,Target-Pain
VPS29,Target,Pain,Target-Pain
NT5C2,Target,Pain,Target-Pain
CD28,Target,Pain,Target-Pain
IRF2BP1,Target,Pain,Target-Pain
WDR6,Target,Pain,Target-Pain
NCKIPSD,Target,Pain,Target-Pain
CYRIB,Target,Pain,Target-Pain
CCL2,Target,Pain,Target-Pain
ARL17A; ARL17B,Target,Pain,Target-Pain
TNFSF11,Target,Pain,Target-Pain
DDX42,Target,Pain,Target-Pain
RAD9B,Target,Pain,Target-Pain
PPTC7,Target,Pain,Target-Pain
ANGPT1,Target,Pain,Target-Pain
MAP1A,Target,Pain,Target-Pain
MMP9,Target,Pain,Target-Pain
BECN1,Target,Pain,Target-Pain
PNOC,Target,Pain,Target-Pain
CXCR4,Target,Pain,Target-Pain
CASP9,Target,Pain,Target-Pain
FBF1,Target,Pain,Target-Pain
ALB,Target,Pain,Target-Pain
KCNQ2,Target,Pain,Target-Pain
PACC1,Target,Pain,Target-Pain
CRH,Target,Pain,Target-Pain
C1QL1,Target,Pain,Target-Pain
CREB1,Target,Pain,Target-Pain
EGFR,Target,Pain,Target-Pain
MAPK1,Target,Pain,Target-Pain
MAPK8,Target,Pain,Target-Pain
EPHB2,Target,Pain,Target-Pain
CTLA4,Target,Pain,Target-Pain
MT-CO2,Target,Pain,Target-Pain
LBP,Target,Pain,Target-Pain
CNP,Target,Pain,Target-Pain
SLC12A2,Target,Pain,Target-Pain
IL6ST,Target,Pain,Target-Pain
CCL4,Target,Pain,Target-Pain
SPARC,Target,Pain,Target-Pain
IL17A,Target,Pain,Target-Pain
HSPA1A,Target,Pain,Target-Pain
KRT16,Target,Pain,Target-Pain
HSPA4,Target,Pain,Target-Pain
CCL22,Target,Pain,Target-Pain
KRT17,Target,Pain,Target-Pain
KRT6B,Target,Pain,Target-Pain
TRH,Target,Pain,Target-Pain
IL4,Target,Pain,Target-Pain
CCL5,Target,Pain,Target-Pain
GDF15,Target,Pain,Target-Pain
PLA2G1B,Target,Pain,Target-Pain
CP,Target,Pain,Target-Pain
SOD1,Target,Pain,Target-Pain
CCL3,Target,Pain,Target-Pain
PTH,Target,Pain,Target-Pain
CD86,Target,Pain,Target-Pain
ITIH4,Target,Pain,Target-Pain
IL36RN,Target,Pain,Target-Pain
SNAP29,Target,Pain,Target-Pain
CRLF1,Target,Pain,Target-Pain
CXCL12,Target,Pain,Target-Pain
VEGFA,Target,Pain,Target-Pain
NOX4,Target,Pain,Target-Pain
FOXP3,Target,Pain,Target-Pain
GPT,Target,Pain,Target-Pain
STING1,Target,Pain,Target-Pain
AXL,Target,Pain,Target-Pain
NPR2,Target,Pain,Target-Pain
TLR4,Target,Pain,Target-Pain
TRPM2,Target,Pain,Target-Pain
ENO2,Target,Pain,Target-Pain
BGLAP,Target,Pain,Target-Pain
PHF12,Target,Pain,Target-Pain
PHB2,Target,Pain,Target-Pain
CD80,Target,Pain,Target-Pain
SIL1,Target,Pain,Target-Pain
GDNF,Target,Pain,Target-Pain
IL2,Target,Pain,Target-Pain
PRKCD,Target,Pain,Target-Pain
SIRT1,Target,Pain,Target-Pain
PRMT6,Target,Pain,Target-Pain
GCG,Target,Pain,Target-Pain
IL1A,Target,Pain,Target-Pain
HDGF,Target,Pain,Target-Pain
PLA2G4A,Target,Pain,Target-Pain
YWHAZ,Target,Pain,Target-Pain
PLB1,Target,Pain,Target-Pain
PRKAA2,Target,Pain,Target-Pain
PRKAA1,Target,Pain,Target-Pain
PRKAB1,Target,Pain,Target-Pain
PIK3CB,Target,Pain,Target-Pain
PIK3CD,Target,Pain,Target-Pain
PIK3CA,Target,Pain,Target-Pain
PIK3CG,Target,Pain,Target-Pain
IL13,Target,Pain,Target-Pain
COMT,Target,Pain,Target-Pain
NFKB1,Target,Pain,Target-Pain
FST,Target,Pain,Target-Pain
STAT3,Target,Pain,Target-Pain
CHGB,Target,Pain,Target-Pain
MARK1,Target,Pain,Target-Pain
TAS2R14,Target,Pain,Target-Pain
XK,Target,Pain,Target-Pain
IGHE,Target,Pain,Target-Pain
KRT6A,Target,Pain,Target-Pain
TXNIP,Target,Pain,Target-Pain
HCN2,Target,Pain,Target-Pain
NOS2,Target,Pain,Target-Pain
NANOS2,Target,Pain,Target-Pain
MKI67,Target,Pain,Target-Pain
AKT1,Target,Pain,Target-Pain
CXCL6,Target,Pain,Target-Pain
PPARG,Target,Pain,Target-Pain
WNK1,Target,Pain,Target-Pain
TMEM88,Target,Pain,Target-Pain
PCLAF,Target,Pain,Target-Pain
PCNA,Target,Pain,Target-Pain
SYT1,Target,Pain,Target-Pain
GORASP1,Target,Pain,Target-Pain
RELA,Target,Pain,Target-Pain
DPYSL2,Target,Pain,Target-Pain
PICK1,Target,Pain,Target-Pain
FOS,Target,Pain,Target-Pain
IFNG,Target,Pain,Target-Pain
HP,Target,Pain,Target-Pain
FGF2,Target,Pain,Target-Pain
LTF,Target,Pain,Target-Pain
NOS1,Target,Pain,Target-Pain
NANOS1,Target,Pain,Target-Pain
NLRP3,Target,Pain,Target-Pain
TMBIM4,Target,Pain,Target-Pain
NPC1L1,Target,Pain,Target-Pain
CCND1,Target,Pain,Target-Pain
TMEM97,Target,Pain,Target-Pain
CCK,Target,Pain,Target-Pain
HTR1A,Target,Pain,Target-Pain
IFNA1; IFNA13,Target,Pain,Target-Pain
TRPV4,Target,Pain,Target-Pain
NPY2R,Target,Pain,Target-Pain
KCNJ10,Target,Pain,Target-Pain
TFF2,Target,Pain,Target-Pain
RETN,Target,Pain,Target-Pain
ISYNA1,Target,Pain,Target-Pain
NTN1,Target,Pain,Target-Pain
MPO,Target,Pain,Target-Pain
GLYAT,Target,Pain,Target-Pain
CAT,Target,Pain,Target-Pain
CXCL13,Target,Pain,Target-Pain
PRKG1,Target,Pain,Target-Pain
TAC1,Target,Pain,Target-Pain
CD4,Target,Pain,Target-Pain
CSF2,Target,Pain,Target-Pain
GFRA1,Target,Pain,Target-Pain
ETS1,Target,Pain,Target-Pain
NPPA,Target,Pain,Target-Pain
CST3,Target,Pain,Target-Pain
MAP2K1,Target,Pain,Target-Pain
MTOR,Target,Pain,Target-Pain
GFAP,Target,Pain,Target-Pain
NPY,Target,Pain,Target-Pain
SOCS1,Target,Pain,Target-Pain
NTF3,Target,Pain,Target-Pain
CX3CR1,Target,Pain,Target-Pain
P2RX4,Target,Pain,Target-Pain
MEN1,Target,Pain,Target-Pain
ARTN,Target,Pain,Target-Pain
PRKCG,Target,Pain,Target-Pain
IDO1,Target,Pain,Target-Pain
GRHL3,Target,Pain,Target-Pain
ITGA4,Target,Pain,Target-Pain
TM7SF2,Target,Pain,Target-Pain
FPR2,Target,Pain,Target-Pain
MAPK3,Target,Pain,Target-Pain
NTRK2,Target,Pain,Target-Pain
CYBB,Target,Pain,Target-Pain
CXCL9,Target,Pain,Target-Pain
CXCL10,Target,Pain,Target-Pain
CD68,Target,Pain,Target-Pain
CSF1,Target,Pain,Target-Pain
HDAC9,Target,Pain,Target-Pain
CFD,Target,Pain,Target-Pain
CXCL11,Target,Pain,Target-Pain
CHKB,Target,Pain,Target-Pain
DLG4,Target,Pain,Target-Pain
LLGL1,Target,Pain,Target-Pain
CAMP,Target,Pain,Target-Pain
CHAMP1,Target,Pain,Target-Pain
TARDBP,Target,Pain,Target-Pain
GRK2,Target,Pain,Target-Pain
NAMPT,Target,Pain,Target-Pain
MYD88,Target,Pain,Target-Pain
SOD2,Target,Pain,Target-Pain
CXCR2,Target,Pain,Target-Pain
CGA,Target,Pain,Target-Pain
PRKCA,Target,Pain,Target-Pain
TP53INP2,Target,Pain,Target-Pain
CD40LG,Target,Pain,Target-Pain
MAP3K5,Target,Pain,Target-Pain
TGFB2,Target,Pain,Target-Pain
KPNB1,Target,Pain,Target-Pain
HDAC1,Target,Pain,Target-Pain
IL18,Target,Pain,Target-Pain
COL9A2,Target,Pain,Target-Pain
CASP1,Target,Pain,Target-Pain
NDOR1,Target,Pain,Target-Pain
EDNRA,Target,Pain,Target-Pain
GALR2,Target,Pain,Target-Pain
NFE2L2,Target,Pain,Target-Pain
PRRT2,Target,Pain,Target-Pain
PRKCB,Target,Pain,Target-Pain
FGF1,Target,Pain,Target-Pain
DLEU1,Target,Pain,Target-Pain
KCNK1,Target,Pain,Target-Pain
IL37,Target,Pain,Target-Pain
IL23A,Target,Pain,Target-Pain
AGTR2,Target,Pain,Target-Pain
CX3CL1,Target,Pain,Target-Pain
P2RY12,Target,Pain,Target-Pain
ACKR3,Target,Pain,Target-Pain
CARTPT,Target,Pain,Target-Pain
GPR42,Target,Pain,Target-Pain
BRS3,Target,Pain,Target-Pain
CXCR6,Target,Pain,Target-Pain
CHKA,Target,Pain,Target-Pain
FAS,Target,Pain,Target-Pain
FASN,Target,Pain,Target-Pain
CMPK1,Target,Pain,Target-Pain
SSTR4,Target,Pain,Target-Pain
LPAR2,Target,Pain,Target-Pain
CDKN1B,Target,Pain,Target-Pain
CGAS,Target,Pain,Target-Pain
GABPA,Target,Pain,Target-Pain
CCL7,Target,Pain,Target-Pain
NOCT,Target,Pain,Target-Pain
CNOT6,Target,Pain,Target-Pain
CCR4,Target,Pain,Target-Pain
LRPPRC,Target,Pain,Target-Pain
EPHX2,Target,Pain,Target-Pain
TLX2,Target,Pain,Target-Pain
GRM1,Target,Pain,Target-Pain
GRM2,Target,Pain,Target-Pain
GPR55,Target,Pain,Target-Pain
HGF,Target,Pain,Target-Pain
CCR5,Target,Pain,Target-Pain
MECP2,Target,Pain,Target-Pain
RAP1A,Target,Pain,Target-Pain
IRF8,Target,Pain,Target-Pain
TH,Target,Pain,Target-Pain
MMP2,Target,Pain,Target-Pain
JAK2,Target,Pain,Target-Pain
LCN2,Target,Pain,Target-Pain
SLC9A1,Target,Pain,Target-Pain
NUP62,Target,Pain,Target-Pain
ZNRD2,Target,Pain,Target-Pain
NPB,Target,Pain,Target-Pain
LGALS13,Target,Pain,Target-Pain
PLAC8,Target,Pain,Target-Pain
APOA2,Target,Pain,Target-Pain
CHRNA7,Target,Pain,Target-Pain
RTN4,Target,Pain,Target-Pain
PIPOX,Target,Pain,Target-Pain
DNTT,Target,Pain,Target-Pain
PMCH,Target,Pain,Target-Pain
FABP4,Target,Pain,Target-Pain
UBE2I,Target,Pain,Target-Pain
KCND1,Target,Pain,Target-Pain
DCTN4,Target,Pain,Target-Pain
PSMD9,Target,Pain,Target-Pain
SQSTM1,Target,Pain,Target-Pain
DCTN6,Target,Pain,Target-Pain
KHDRBS1,Target,Pain,Target-Pain
IFI27,Target,Pain,Target-Pain
ZWINT,Target,Pain,Target-Pain
NRCAM,Target,Pain,Target-Pain
A3GALT2,Target,Pain,Target-Pain
APOH,Target,Pain,Target-Pain
RBFOX1,Target,Pain,Target-Pain
E2F1,Target,Pain,Target-Pain
CHI3L1,Target,Pain,Target-Pain
IGF2BP2,Target,Pain,Target-Pain
BANF1,Target,Pain,Target-Pain
TRHR,Target,Pain,Target-Pain
CCL19,Target,Pain,Target-Pain
MAP1LC3A,Target,Pain,Target-Pain
CASP4,Target,Pain,Target-Pain
LGALS3,Target,Pain,Target-Pain
HNRNPF,Target,Pain,Target-Pain
CASP8,Target,Pain,Target-Pain
TGFB3,Target,Pain,Target-Pain
NTS,Target,Pain,Target-Pain
GTF2H1,Target,Pain,Target-Pain
PIRT,Target,Pain,Target-Pain
RTN4R,Target,Pain,Target-Pain
TMED7,Target,Pain,Target-Pain
VEGFB,Target,Pain,Target-Pain
NR2C2,Target,Pain,Target-Pain
MAP3K7,Target,Pain,Target-Pain
F2RL1,Target,Pain,Target-Pain
NR1I2,Target,Pain,Target-Pain
S1PR1,Target,Pain,Target-Pain
NOG,Target,Pain,Target-Pain
SLC52A1,Target,Pain,Target-Pain
RLN1,Target,Pain,Target-Pain
OXT,Target,Pain,Target-Pain
PPARGC1A,Target,Pain,Target-Pain
ANO1,Target,Pain,Target-Pain
DHX9,Target,Pain,Target-Pain
PTGES,Target,Pain,Target-Pain
RAD23B,Target,Pain,Target-Pain
TNFAIP8L2,Target,Pain,Target-Pain
NPAS4,Target,Pain,Target-Pain
HK1,Target,Pain,Target-Pain
VEGFC,Target,Pain,Target-Pain
HOMER1,Target,Pain,Target-Pain
CD44,Target,Pain,Target-Pain
WNT5A,Target,Pain,Target-Pain
MT1E,Target,Pain,Target-Pain
VGF,Target,Pain,Target-Pain
MT1H,Target,Pain,Target-Pain
MT1A,Target,Pain,Target-Pain
ALG1,Target,Pain,Target-Pain
MT1G,Target,Pain,Target-Pain
MT1M,Target,Pain,Target-Pain
MT1X,Target,Pain,Target-Pain
MT1F,Target,Pain,Target-Pain
MT1B,Target,Pain,Target-Pain
METTL3,Target,Pain,Target-Pain
CBLN1,Target,Pain,Target-Pain
LEP,Target,Pain,Target-Pain
DUSP1,Target,Pain,Target-Pain
P2RX3,Target,Pain,Target-Pain
PTEN,Target,Pain,Target-Pain
FFAR1,Target,Pain,Target-Pain
SLC1A2,Target,Pain,Target-Pain
ATG12,Target,Pain,Target-Pain
MAPKAP1,Target,Pain,Target-Pain
IL27,Target,Pain,Target-Pain
TNPO1,Target,Pain,Target-Pain
RPTOR,Target,Pain,Target-Pain
SLC12A5,Target,Pain,Target-Pain
CCL1,Target,Pain,Target-Pain
CDK5,Target,Pain,Target-Pain
TSPO,Target,Pain,Target-Pain
SCX,Target,Pain,Target-Pain
GRK6,Target,Pain,Target-Pain
FHIT,Target,Pain,Target-Pain
CYP2E1,Target,Pain,Target-Pain
TOR1A,Target,Pain,Target-Pain
SLIT3,Target,Pain,Target-Pain
PIMREG,Target,Pain,Target-Pain
INS,Target,Pain,Target-Pain
CXCL5,Target,Pain,Target-Pain
TIAM1,Target,Pain,Target-Pain
CAV1,Target,Pain,Target-Pain
RPS6KB1,Target,Pain,Target-Pain
ADIPOQ,Target,Pain,Target-Pain
EFNB2,Target,Pain,Target-Pain
EZH2,Target,Pain,Target-Pain
HTR5A,Target,Pain,Target-Pain
MBP,Target,Pain,Target-Pain
PRG2,Target,Pain,Target-Pain
NFKBIA,Target,Pain,Target-Pain
SELP,Target,Pain,Target-Pain
SELENOP,Target,Pain,Target-Pain
MME,Target,Pain,Target-Pain
C5AR1,Target,Pain,Target-Pain
IL33,Target,Pain,Target-Pain
TAP2,Target,Pain,Target-Pain
SEC14L3,Target,Pain,Target-Pain
GCSAM,Target,Pain,Target-Pain
GAL,Target,Pain,Target-Pain
GRTP1,Target,Pain,Target-Pain
RBM20,Target,Pain,Target-Pain
ALDH2,Target,Pain,Target-Pain
CD83,Target,Pain,Target-Pain
TRPM3,Target,Pain,Target-Pain
KLKB1,Target,Pain,Target-Pain
KLK3,Target,Pain,Target-Pain
RAF1,Target,Pain,Target-Pain
SIRT3,Target,Pain,Target-Pain
CRK,Target,Pain,Target-Pain
AIMP2,Target,Pain,Target-Pain
AHSA1,Target,Pain,Target-Pain
RNF19A,Target,Pain,Target-Pain
GRAP2,Target,Pain,Target-Pain
POLDIP2,Target,Pain,Target-Pain
PDYN,Target,Pain,Target-Pain
NEDD4L,Target,Pain,Target-Pain
ALOX15,Target,Pain,Target-Pain
NRG1,Target,Pain,Target-Pain
SRC,Target,Pain,Target-Pain
CSF3,Target,Pain,Target-Pain
CYTIP,Target,Pain,Target-Pain
LPAR1,Target,Pain,Target-Pain
NEDD4,Target,Pain,Target-Pain
CUX1,Target,Pain,Target-Pain
CEACAM5,Target,Pain,Target-Pain
CEACAM3,Target,Pain,Target-Pain
PIEZO2,Target,Pain,Target-Pain
CEACAM7,Target,Pain,Target-Pain
BCL2,Target,Pain,Target-Pain
PSG2,Target,Pain,Target-Pain
VIP,Target,Pain,Target-Pain
CXCR1,Target,Pain,Target-Pain
LGALS1,Target,Pain,Target-Pain
HADHA,Target,Pain,Target-Pain
TMEM132A,Target,Pain,Target-Pain
PIAS1,Target,Pain,Target-Pain
GSK3B,Target,Pain,Target-Pain
ENPP2,Target,Pain,Target-Pain
RARRES2,Target,Pain,Target-Pain
NALCN,Target,Pain,Target-Pain
HRH4,Target,Pain,Target-Pain
CD8A,Target,Pain,Target-Pain
CHAT,Target,Pain,Target-Pain
TNFRSF1A,Target,Pain,Target-Pain
LPAR3,Target,Pain,Target-Pain
JUN,Target,Pain,Target-Pain
NOS3,Target,Pain,Target-Pain
NANOS3,Target,Pain,Target-Pain
IL18R1,Target,Pain,Target-Pain
EIF2AK3,Target,Pain,Target-Pain
PKIA,Target,Pain,Target-Pain
TF,Target,Pain,Target-Pain
AIF1,Target,Pain,Target-Pain
EDN1,Target,Pain,Target-Pain
ZGPAT,Target,Pain,Target-Pain
DAPK3,Target,Pain,Target-Pain
MMP3,Target,Pain,Target-Pain
SNCA,Target,Pain,Target-Pain
CSF1R,Target,Pain,Target-Pain
PROS1,Target,Pain,Target-Pain
GOT1,Target,Pain,Target-Pain
USP5,Target,Pain,Target-Pain
KCND3,Target,Pain,Target-Pain
FYN,Target,Pain,Target-Pain
SLC17A5,Target,Pain,Target-Pain
SYNM,Target,Pain,Target-Pain
GNAI1,Target,Pain,Target-Pain
RGS10,Target,Pain,Target-Pain
DMBX1,Target,Pain,Target-Pain
NEFM,Target,Pain,Target-Pain
ANXA3,Target,Pain,Target-Pain
YAP1,Target,Pain,Target-Pain
DUSP8,Target,Pain,Target-Pain
AP1S3,Target,Pain,Target-Pain
STIM1,Target,Pain,Target-Pain
MPP2,Target,Pain,Target-Pain
DLG2,Target,Pain,Target-Pain
XCL1,Target,Pain,Target-Pain
WWTR1,Target,Pain,Target-Pain
NPY1R,Target,Pain,Target-Pain
PRMT5,Target,Pain,Target-Pain
OIP5,Target,Pain,Target-Pain
WFIKKN1,Target,Pain,Target-Pain
MAPK7,Target,Pain,Target-Pain
BPI,Target,Pain,Target-Pain
DBN1,Target,Pain,Target-Pain
PLOD1,Target,Pain,Target-Pain
FNDC5,Target,Pain,Target-Pain
DUOX2,Target,Pain,Target-Pain
CRTAP,Target,Pain,Target-Pain
SLC26A1,Target,Pain,Target-Pain
SLC38A1,Target,Pain,Target-Pain
SAT1,Target,Pain,Target-Pain
AZU1,Target,Pain,Target-Pain
ANXA5,Target,Pain,Target-Pain
SMG1,Target,Pain,Target-Pain
GLO1,Target,Pain,Target-Pain
YY1AP1,Target,Pain,Target-Pain
VEGFD,Target,Pain,Target-Pain
ZNF382,Target,Pain,Target-Pain
TAFAZZIN,Target,Pain,Target-Pain
PSMA6,Target,Pain,Target-Pain
C3,Target,Pain,Target-Pain
IFNA2,Target,Pain,Target-Pain
IL16,Target,Pain,Target-Pain
DNMT3A,Target,Pain,Target-Pain
ATP7A,Target,Pain,Target-Pain
CTSS,Target,Pain,Target-Pain
BAX,Target,Pain,Target-Pain
CAMKMT,Target,Pain,Target-Pain
ARG1,Target,Pain,Target-Pain
CALM3,Target,Pain,Target-Pain
CALM2,Target,Pain,Target-Pain
CALM1,Target,Pain,Target-Pain
ITGAX,Target,Pain,Target-Pain
FANCA,Target,Pain,Target-Pain
SOX9,Target,Pain,Target-Pain
KRIT1,Target,Pain,Target-Pain
OPN1MW,Target,Pain,Target-Pain
CYCS,Target,Pain,Target-Pain
AMH,Target,Pain,Target-Pain
MIF,Target,Pain,Target-Pain
FTO,Target,Pain,Target-Pain
TMEM37,Target,Pain,Target-Pain
TAOK2,Target,Pain,Target-Pain
HSPG2,Target,Pain,Target-Pain
LMOD1,Target,Pain,Target-Pain
AGER,Target,Pain,Target-Pain
NTN4,Target,Pain,Target-Pain
NFIB,Target,Pain,Target-Pain
GSTK1,Target,Pain,Target-Pain
MOK,Target,Pain,Target-Pain
PRH1; PRH2,Target,Pain,Target-Pain
SELE,Target,Pain,Target-Pain
SLCO6A1,Target,Pain,Target-Pain
NRP1,Target,Pain,Target-Pain
NELL1,Target,Pain,Target-Pain
MBD2,Target,Pain,Target-Pain
BBS9,Target,Pain,Target-Pain
CDKN2A,Target,Pain,Target-Pain
HDAC4,Target,Pain,Target-Pain
CD274,Target,Pain,Target-Pain
IFNA17,Target,Pain,Target-Pain
ATXN2L,Target,Pain,Target-Pain
CAMK2G,Target,Pain,Target-Pain
CAMK2A,Target,Pain,Target-Pain
CAMK2B,Target,Pain,Target-Pain
KCNA3,Target,Pain,Target-Pain
COL9A3,Target,Pain,Target-Pain
CXCL1,Target,Pain,Target-Pain
GSTM1,Target,Pain,Target-Pain
COMP,Target,Pain,Target-Pain
TLR2,Target,Pain,Target-Pain
CPOX,Target,Pain,Target-Pain
SRGAP3,Target,Pain,Target-Pain
COX5A,Target,Pain,Target-Pain
COX8A,Target,Pain,Target-Pain
SUPT4H1,Target,Pain,Target-Pain
DPP4,Target,Pain,Target-Pain
ENTPD3,Target,Pain,Target-Pain
UPK3B,Target,Pain,Target-Pain
CSTB,Target,Pain,Target-Pain
TSHR,Target,Pain,Target-Pain
FCGR3B,Target,Pain,Target-Pain
RPL17,Target,Pain,Target-Pain
ATF6,Target,Pain,Target-Pain
WNT1,Target,Pain,Target-Pain
LPAL2,Target,Pain,Target-Pain
GSDMB,Target,Pain,Target-Pain
TIMP4,Target,Pain,Target-Pain
H4C1; H4C2; H4C3; H4C4; H4C5; H4C6; H4C8; H4C9; H4C11; H4C12; H4C13; H4C14; H4C15; H4C16,Target,Pain,Target-Pain
EBI3,Target,Pain,Target-Pain
PDE6B,Target,Pain,Target-Pain
KREMEN1,Target,Pain,Target-Pain
RHEB,Target,Pain,Target-Pain
WTAP,Target,Pain,Target-Pain
NR4A1,Target,Pain,Target-Pain
ADAM17,Target,Pain,Target-Pain
ALKBH5,Target,Pain,Target-Pain
SREBF1,Target,Pain,Target-Pain
DDR1,Target,Pain,Target-Pain
FABP2,Target,Pain,Target-Pain
CLEC7A,Target,Pain,Target-Pain
CCL16,Target,Pain,Target-Pain
THBS2,Target,Pain,Target-Pain
SH3BGRL3,Target,Pain,Target-Pain
KLK5,Target,Pain,Target-Pain
RENBP,Target,Pain,Target-Pain
ANXA1,Target,Pain,Target-Pain
GPR37,Target,Pain,Target-Pain
SPATA2,Target,Pain,Target-Pain
SPINK1,Target,Pain,Target-Pain
MMP24,Target,Pain,Target-Pain
ABCA1,Target,Pain,Target-Pain
GCHFR,Target,Pain,Target-Pain
CSE1L,Target,Pain,Target-Pain
CTNND1,Target,Pain,Target-Pain
YWHAE,Target,Pain,Target-Pain
ACP5,Target,Pain,Target-Pain
SCIN,Target,Pain,Target-Pain
PDCD1,Target,Pain,Target-Pain
CDK6,Target,Pain,Target-Pain
TRAC,Target,Pain,Target-Pain
CSF3R,Target,Pain,Target-Pain
MNAT1,Target,Pain,Target-Pain
CDCA5,Target,Pain,Target-Pain
IL12A,Target,Pain,Target-Pain
ASL,Target,Pain,Target-Pain
DVL1,Target,Pain,Target-Pain
DVL1P1,Target,Pain,Target-Pain
WNK3,Target,Pain,Target-Pain
FCGR3A,Target,Pain,Target-Pain
RASGRP1,Target,Pain,Target-Pain
CALB2,Target,Pain,Target-Pain
TLR9,Target,Pain,Target-Pain
CLCA4,Target,Pain,Target-Pain
MMP28,Target,Pain,Target-Pain
RBFOX3,Target,Pain,Target-Pain
MGST3,Target,Pain,Target-Pain
NT5E,Target,Pain,Target-Pain
OPN1SW,Target,Pain,Target-Pain
CLCA1,Target,Pain,Target-Pain
RASSF1,Target,Pain,Target-Pain
CDK5R1,Target,Pain,Target-Pain
LPL,Target,Pain,Target-Pain
ATG4C,Target,Pain,Target-Pain
PROK2,Target,Pain,Target-Pain
OTULIN,Target,Pain,Target-Pain
GPR84,Target,Pain,Target-Pain
ABCB6,Target,Pain,Target-Pain
MBTPS1,Target,Pain,Target-Pain
ERAL1,Target,Pain,Target-Pain
NAT10,Target,Pain,Target-Pain
GPR151,Target,Pain,Target-Pain
TYRP1,Target,Pain,Target-Pain
TBPL1,Target,Pain,Target-Pain
PLA2G6,Target,Pain,Target-Pain
STAT1,Target,Pain,Target-Pain
F7,Target,Pain,Target-Pain
EPHB1,Target,Pain,Target-Pain
TAT,Target,Pain,Target-Pain
CASP3,Target,Pain,Target-Pain
RIPK1,Target,Pain,Target-Pain
CYP17A1,Target,Pain,Target-Pain
MATN3,Target,Pain,Target-Pain
PDGFB,Target,Pain,Target-Pain
COL9A1,Target,Pain,Target-Pain
GRM7,Target,Pain,Target-Pain
FGFR2,Target,Pain,Target-Pain
CNTN1,Target,Pain,Target-Pain
CXCR5,Target,Pain,Target-Pain
C5,Target,Pain,Target-Pain
EHMT2,Target,Pain,Target-Pain
NPPC,Target,Pain,Target-Pain
POMC,Target,Pain,Target-Pain
EHMT1,Target,Pain,Target-Pain
PENK,Target,Pain,Target-Pain
GAD2,Target,Pain,Target-Pain
ITGB2,Target,Pain,Target-Pain
PVALB,Target,Pain,Target-Pain
SST,Target,Pain,Target-Pain
B3GAT1,Target,Pain,Target-Pain
MAP2,Target,Pain,Target-Pain
TNFSF13B,Target,Pain,Target-Pain
MZF1,Target,Pain,Target-Pain
TNFRSF11B,Target,Pain,Target-Pain
SYK,Target,Pain,Target-Pain
RUNX1,Target,Pain,Target-Pain
AURKB,Target,Pain,Target-Pain
GSR,Target,Pain,Target-Pain
FBXO32,Target,Pain,Target-Pain
APLN,Target,Pain,Target-Pain
FFAR3,Target,Pain,Target-Pain
PRDM9,Target,Pain,Target-Pain
UNC13A,Target,Pain,Target-Pain
IL18BP,Target,Pain,Target-Pain
HAP1,Target,Pain,Target-Pain
APEX1,Target,Pain,Target-Pain
GGT1,Target,Pain,Target-Pain
BMP4,Target,Pain,Target-Pain
CASP6,Target,Pain,Target-Pain
APLNR,Target,Pain,Target-Pain
NTF4,Target,Pain,Target-Pain
RNASE3,Target,Pain,Target-Pain
TFRC,Target,Pain,Target-Pain
RPSA,Target,Pain,Target-Pain
RPSA2,Target,Pain,Target-Pain
KCNA6,Target,Pain,Target-Pain
PLXNB1,Target,Pain,Target-Pain
GH2,Target,Pain,Target-Pain
ANGPT2,Target,Pain,Target-Pain
KRT18,Target,Pain,Target-Pain
ANGPTL4,Target,Pain,Target-Pain
MERTK,Target,Pain,Target-Pain
PTPRA,Target,Pain,Target-Pain
SLC16A4,Target,Pain,Target-Pain
SLC16A1,Target,Pain,Target-Pain
TAFA4,Target,Pain,Target-Pain
GCH1,Target,Pain,Target-Pain
SLC26A2,Target,Pain,Target-Pain
PSMA2,Target,Pain,Target-Pain
LGI1,Target,Pain,Target-Pain
MYT1,Target,Pain,Target-Pain
MTF1,Target,Pain,Target-Pain
HDAC6,Target,Pain,Target-Pain
MVP,Target,Pain,Target-Pain
IL17RA,Target,Pain,Target-Pain
RXFP2,Target,Pain,Target-Pain
GCGR,Target,Pain,Target-Pain
GAP43,Target,Pain,Target-Pain
TRAF6,Target,Pain,Target-Pain
FLT3LG,Target,Pain,Target-Pain
SLC22A17,Target,Pain,Target-Pain
THBS4,Target,Pain,Target-Pain
BLOC1S5,Target,Pain,Target-Pain
IGHM,Target,Pain,Target-Pain
LETM1,Target,Pain,Target-Pain
GGTLC3,Target,Pain,Target-Pain
RAC1,Target,Pain,Target-Pain
TET1,Target,Pain,Target-Pain
HIF1A,Target,Pain,Target-Pain
CYP2D6,Target,Pain,Target-Pain
WNK2,Target,Pain,Target-Pain
KCNA2,Target,Pain,Target-Pain
TNFRSF1B,Target,Pain,Target-Pain
ATF3,Target,Pain,Target-Pain
DNMT1,Target,Pain,Target-Pain
BRD2,Target,Pain,Target-Pain
NPEPPS,Target,Pain,Target-Pain
PLAG1,Target,Pain,Target-Pain
TET3,Target,Pain,Target-Pain
MARCO,Target,Pain,Target-Pain
CD160,Target,Pain,Target-Pain
FOLH1,Target,Pain,Target-Pain
NOX1,Target,Pain,Target-Pain
SLC1A3,Target,Pain,Target-Pain
SNCB,Target,Pain,Target-Pain
SLC6A1,Target,Pain,Target-Pain
FAP,Target,Pain,Target-Pain
KDM1A,Target,Pain,Target-Pain
ACSL4,Target,Pain,Target-Pain
SNCG,Target,Pain,Target-Pain
PSAT1,Target,Pain,Target-Pain
FGFR1,Target,Pain,Target-Pain
ANXA10,Target,Pain,Target-Pain
FMR1,Target,Pain,Target-Pain
NPS,Target,Pain,Target-Pain
NQO1,Target,Pain,Target-Pain
ZGLP1,Target,Pain,Target-Pain
ACAN,Target,Pain,Target-Pain
KDR,Target,Pain,Target-Pain
SLC7A5,Target,Pain,Target-Pain
GAD1,Target,Pain,Target-Pain
GPBAR1,Target,Pain,Target-Pain
ACTB,Target,Pain,Target-Pain
SARDH,Target,Pain,Target-Pain
H3C1; H3C2; H3C3; H3C4; H3C6; H3C7; H3C8; H3C10; H3C11; H3C12,Target,Pain,Target-Pain
OXER1,Target,Pain,Target-Pain
FZD4,Target,Pain,Target-Pain
MT3,Target,Pain,Target-Pain
EP300,Target,Pain,Target-Pain
MRGPRX4,Target,Pain,Target-Pain
NMUR1,Target,Pain,Target-Pain
NGFR,Target,Pain,Target-Pain
FOSB,Target,Pain,Target-Pain
GALR1,Target,Pain,Target-Pain
DDX11,Target,Pain,Target-Pain
CHL1,Target,Pain,Target-Pain
GLUD1,Target,Pain,Target-Pain
SDHB,Target,Pain,Target-Pain
SDS,Target,Pain,Target-Pain
FASLG,Target,Pain,Target-Pain
EDA,Target,Pain,Target-Pain
P2RY14,Target,Pain,Target-Pain
PPIB,Target,Pain,Target-Pain
MRGPRX1,Target,Pain,Target-Pain
MT2A,Target,Pain,Target-Pain
TMPRSS6,Target,Pain,Target-Pain
TRPC6,Target,Pain,Target-Pain
IL21,Target,Pain,Target-Pain
GPRC6A,Target,Pain,Target-Pain
HPGDS,Target,Pain,Target-Pain
MRGPRX3,Target,Pain,Target-Pain
PLPP1,Target,Pain,Target-Pain
PTHLH,Target,Pain,Target-Pain
VANGL2,Target,Pain,Target-Pain
EIF4E,Target,Pain,Target-Pain
KEAP1,Target,Pain,Target-Pain
SORD,Target,Pain,Target-Pain
AASS,Target,Pain,Target-Pain
LGR6,Target,Pain,Target-Pain
ZNF609,Target,Pain,Target-Pain
HINT1,Target,Pain,Target-Pain
ACE,Target,Pain,Target-Pain
ITGB3,Target,Pain,Target-Pain
ANXA2,Target,Pain,Target-Pain
TP53,Target,Pain,Target-Pain
SLC30A1,Target,Pain,Target-Pain
MAG,Target,Pain,Target-Pain
CFL1,Target,Pain,Target-Pain
CXCL14,Target,Pain,Target-Pain
COL11A2,Target,Pain,Target-Pain
GTF2H2,Target,Pain,Target-Pain
TTR,Target,Pain,Target-Pain
NOB1,Target,Pain,Target-Pain
ART4,Target,Pain,Target-Pain
ASAH1,Target,Pain,Target-Pain
PSMC6,Target,Pain,Target-Pain
IL15,Target,Pain,Target-Pain
ASRGL1,Target,Pain,Target-Pain
FABP6,Target,Pain,Target-Pain
VIM,Target,Pain,Target-Pain
PON1,Target,Pain,Target-Pain
WNT16,Target,Pain,Target-Pain
PLA2G2A,Target,Pain,Target-Pain
CLCF1,Target,Pain,Target-Pain
ALPP,Target,Pain,Target-Pain
CACNA1A,Target,Pain,Target-Pain
FSTL1,Target,Pain,Target-Pain
MT-RNR1,Target,Pain,Target-Pain
CIROP,Target,Pain,Target-Pain
BLTP3B,Target,Pain,Target-Pain
POTEB3,Target,Pain,Target-Pain
CLRN2,Target,Pain,Target-Pain
ARHGAP10,Target,Pain,Target-Pain
FAM170A,Target,Pain,Target-Pain
SYCE3,Target,Pain,Target-Pain
ELOVL7,Target,Pain,Target-Pain
SH3PXD2B,Target,Pain,Target-Pain
FRMD3,Target,Pain,Target-Pain
TMEM218,Target,Pain,Target-Pain
CCDC66,Target,Pain,Target-Pain
TYW5,Target,Pain,Target-Pain
EME2,Target,Pain,Target-Pain
ODAD3,Target,Pain,Target-Pain
PEDS1,Target,Pain,Target-Pain
MEGF11,Target,Pain,Target-Pain
BDP1,Target,Pain,Target-Pain
NKX2-6,Target,Pain,Target-Pain
SDHAF1,Target,Pain,Target-Pain
PCARE,Target,Pain,Target-Pain
MYMK,Target,Pain,Target-Pain
PCNX2,Target,Pain,Target-Pain
IL3RA,Target,Pain,Target-Pain
EPB42,Target,Pain,Target-Pain
ITGAL,Target,Pain,Target-Pain
NPPB,Target,Pain,Target-Pain
OCLN,Target,Pain,Target-Pain
MGAT1,Target,Pain,Target-Pain
BMP7,Target,Pain,Target-Pain
CD74,Target,Pain,Target-Pain
PDLIM3,Target,Pain,Target-Pain
FOXO1,Target,Pain,Target-Pain
KIF3A,Target,Pain,Target-Pain
ANG,Target,Pain,Target-Pain
TNFSF18,Target,Pain,Target-Pain
SLC17A8,Target,Pain,Target-Pain
SLC34A1,Target,Pain,Target-Pain
NR0B1,Target,Pain,Target-Pain
IGKV2D-26,Target,Pain,Target-Pain
ATRNL1,Target,Pain,Target-Pain
TNFAIP6,Target,Pain,Target-Pain
FKBP4,Target,Pain,Target-Pain
HDAC3,Target,Pain,Target-Pain
ASIC3,Target,Pain,Target-Pain
DCLK3,Target,Pain,Target-Pain
P2RY6,Target,Pain,Target-Pain
IFI44,Target,Pain,Target-Pain
BRD4,Target,Pain,Target-Pain
RHAG,Target,Pain,Target-Pain
MEF2C,Target,Pain,Target-Pain
FBXO3,Target,Pain,Target-Pain
WDR77,Target,Pain,Target-Pain
ERVW-1,Target,Pain,Target-Pain
MKNK1,Target,Pain,Target-Pain
CBLIF,Target,Pain,Target-Pain
MT-RNR2,Target,Pain,Target-Pain
FBXL2,Target,Pain,Target-Pain
EPB41,Target,Pain,Target-Pain
A2M,Target,Pain,Target-Pain
PTRH1,Target,Pain,Target-Pain
HCAR2,Target,Pain,Target-Pain
HAMP,Target,Pain,Target-Pain
SMCP,Target,Pain,Target-Pain
MRC1,Target,Pain,Target-Pain
MYC,Target,Pain,Target-Pain
SETD7,Target,Pain,Target-Pain
ITGA2B,Target,Pain,Target-Pain
COLQ,Target,Pain,Target-Pain
SCN2B,Target,Pain,Target-Pain
CHGA,Target,Pain,Target-Pain
OSM,Target,Pain,Target-Pain
TYROBP,Target,Pain,Target-Pain
TFEB,Target,Pain,Target-Pain
PGPEP1,Target,Pain,Target-Pain
CCL27,Target,Pain,Target-Pain
CA5B,Target,Pain,Target-Pain
CA5BP1,Target,Pain,Target-Pain
PSMB3,Target,Pain,Target-Pain
FLT3,Target,Pain,Target-Pain
CNTF,Target,Pain,Target-Pain
CDK8,Target,Pain,Target-Pain
UGGT1,Target,Pain,Target-Pain
HMOX2,Target,Pain,Target-Pain
SLC17A6,Target,Pain,Target-Pain
CDK20,Target,Pain,Target-Pain
KDM4A,Target,Pain,Target-Pain
ACE2,Target,Pain,Target-Pain
KIF5B,Target,Pain,Target-Pain
RYR2,Target,Pain,Target-Pain
HSPB1,Target,Pain,Target-Pain
PARP1,Target,Pain,Target-Pain
DUSP6,Target,Pain,Target-Pain
FKBP5,Target,Pain,Target-Pain
NWD1,Target,Pain,Target-Pain
RLN3,Target,Pain,Target-Pain
CCL21,Target,Pain,Target-Pain
CCNE1,Target,Pain,Target-Pain
SYP,Target,Pain,Target-Pain
AVP,Target,Pain,Target-Pain
P2RX2,Target,Pain,Target-Pain
IRF5,Target,Pain,Target-Pain
P2RX1,Target,Pain,Target-Pain
P2RX5,Target,Pain,Target-Pain
CCR8,Target,Pain,Target-Pain
P2RY2,Target,Pain,Target-Pain
P2RY1,Target,Pain,Target-Pain
CCL11,Target,Pain,Target-Pain
P2RX6,Target,Pain,Target-Pain
PITX2,Target,Pain,Target-Pain
RIPK3,Target,Pain,Target-Pain
CBLL2,Target,Pain,Target-Pain
RAPGEF3,Target,Pain,Target-Pain
C4A,Target,Pain,Target-Pain
CACNA1E,Target,Pain,Target-Pain
ARRB2,Target,Pain,Target-Pain
ITPR3,Target,Pain,Target-Pain
PSIP1,Target,Pain,Target-Pain
IL2RB,Target,Pain,Target-Pain
PRKN,Target,Pain,Target-Pain
CAV3,Target,Pain,Target-Pain
HCLS1,Target,Pain,Target-Pain
TCF7L1,Target,Pain,Target-Pain
TCF3,Target,Pain,Target-Pain
ITPR1,Target,Pain,Target-Pain
DOK3,Target,Pain,Target-Pain
SIGLEC7,Target,Pain,Target-Pain
RET,Target,Pain,Target-Pain
IL2RA,Target,Pain,Target-Pain
FLT1,Target,Pain,Target-Pain
PSMB6,Target,Pain,Target-Pain
CCR3,Target,Pain,Target-Pain
GPR132,Target,Pain,Target-Pain
MUL1,Target,Pain,Target-Pain
CCKBR,Target,Pain,Target-Pain
IRF7,Target,Pain,Target-Pain
KHSRP,Target,Pain,Target-Pain
KCNQ3,Target,Pain,Target-Pain
CYP11A1,Target,Pain,Target-Pain
GGCX,Target,Pain,Target-Pain
GC,Target,Pain,Target-Pain
GBA1,Target,Pain,Target-Pain
MUC5AC,Target,Pain,Target-Pain
THBS1,Target,Pain,Target-Pain
NBN,Target,Pain,Target-Pain
GPR171,Target,Pain,Target-Pain
MARK2,Target,Pain,Target-Pain
PNMT,Target,Pain,Target-Pain
PEMT,Target,Pain,Target-Pain
KLF2,Target,Pain,Target-Pain
CTBP2,Target,Pain,Target-Pain
TRPC3,Target,Pain,Target-Pain
COL2A1,Target,Pain,Target-Pain
SARS2,Target,Pain,Target-Pain
TFE3,Target,Pain,Target-Pain
CRISP2,Target,Pain,Target-Pain
SETD2,Target,Pain,Target-Pain
GPR160,Target,Pain,Target-Pain
TLR1,Target,Pain,Target-Pain
TREM2,Target,Pain,Target-Pain
CLEC4F,Target,Pain,Target-Pain
SCN1B,Target,Pain,Target-Pain
TSC1,Target,Pain,Target-Pain
GPR3,Target,Pain,Target-Pain
ATN1,Target,Pain,Target-Pain
ADK,Target,Pain,Target-Pain
SETMAR,Target,Pain,Target-Pain
CYGB,Target,Pain,Target-Pain
SP1,Target,Pain,Target-Pain
DAND5,Target,Pain,Target-Pain
PLAT,Target,Pain,Target-Pain
MCTS1,Target,Pain,Target-Pain
RTL1,Target,Pain,Target-Pain
LTA,Target,Pain,Target-Pain
HGD,Target,Pain,Target-Pain
PTPN1,Target,Pain,Target-Pain
TJP1,Target,Pain,Target-Pain
CYP3A4,Target,Pain,Target-Pain
SLC16A7,Target,Pain,Target-Pain
ADCYAP1,Target,Pain,Target-Pain
RAB8A,Target,Pain,Target-Pain
SFPQ,Target,Pain,Target-Pain
CDKN1A,Target,Pain,Target-Pain
MAP2K7,Target,Pain,Target-Pain
SYN1,Target,Pain,Target-Pain
BMP6,Target,Pain,Target-Pain
SLC16A3,Target,Pain,Target-Pain
CLEC3B,Target,Pain,Target-Pain
SERPINC1,Target,Pain,Target-Pain
AGT,Target,Pain,Target-Pain
ACSL6,Target,Pain,Target-Pain
DNM1L,Target,Pain,Target-Pain
FGF3,Target,Pain,Target-Pain
CCDC54,Target,Pain,Target-Pain
MUC1,Target,Pain,Target-Pain
IL1RL2,Target,Pain,Target-Pain
SAA2,Target,Pain,Target-Pain
CXCL2,Target,Pain,Target-Pain
ITGA9,Target,Pain,Target-Pain
NR3C2,Target,Pain,Target-Pain
IL1RL1,Target,Pain,Target-Pain
RFC1,Target,Pain,Target-Pain
SLC19A1,Target,Pain,Target-Pain
MCF2L,Target,Pain,Target-Pain
MCAT,Target,Pain,Target-Pain
CLTC,Target,Pain,Target-Pain
PRSS55,Target,Pain,Target-Pain
LPA,Target,Pain,Target-Pain
ZHX2,Target,Pain,Target-Pain
ABAT,Target,Pain,Target-Pain
COL18A1,Target,Pain,Target-Pain
SAA1,Target,Pain,Target-Pain
GAST,Target,Pain,Target-Pain
TRPC5,Target,Pain,Target-Pain
PYCARD,Target,Pain,Target-Pain
MZB1,Target,Pain,Target-Pain
RFC2,Target,Pain,Target-Pain
GPR135,Target,Pain,Target-Pain
NAGLU,Target,Pain,Target-Pain
CINP,Target,Pain,Target-Pain
PLXND1,Target,Pain,Target-Pain
NSG1,Target,Pain,Target-Pain
SHANK1,Target,Pain,Target-Pain
MC4R,Target,Pain,Target-Pain
RPS25,Target,Pain,Target-Pain
SPA17,Target,Pain,Target-Pain
FERMT1,Target,Pain,Target-Pain
MMEL1,Target,Pain,Target-Pain
UQCRFS1,Target,Pain,Target-Pain
ALAS2,Target,Pain,Target-Pain
AOC2,Target,Pain,Target-Pain
CARD14,Target,Pain,Target-Pain
ADAMTS5,Target,Pain,Target-Pain
DRD1,Target,Pain,Target-Pain
SLC27A2,Target,Pain,Target-Pain
CLCN3,Target,Pain,Target-Pain
FN1,Target,Pain,Target-Pain
GDI1,Target,Pain,Target-Pain
SERPINA6,Target,Pain,Target-Pain
SLC6A5,Target,Pain,Target-Pain
DAGLB,Target,Pain,Target-Pain
FUT3,Target,Pain,Target-Pain
CBR1,Target,Pain,Target-Pain
PPP1CB,Target,Pain,Target-Pain
SLURP1,Target,Pain,Target-Pain
ITPR2,Target,Pain,Target-Pain
CMA1,Target,Pain,Target-Pain
MPRIP,Target,Pain,Target-Pain
CD59,Target,Pain,Target-Pain
F8,Target,Pain,Target-Pain
HLA-C,Target,Pain,Target-Pain
TNFSF9,Target,Pain,Target-Pain
LRP8,Target,Pain,Target-Pain
UROD,Target,Pain,Target-Pain
IGF1R,Target,Pain,Target-Pain
ASPSCR1,Target,Pain,Target-Pain
AQP2,Target,Pain,Target-Pain
SOAT1,Target,Pain,Target-Pain
TCEAL1,Target,Pain,Target-Pain
GPX4,Target,Pain,Target-Pain
APOL1,Target,Pain,Target-Pain
SPZ1,Target,Pain,Target-Pain
SCN4B,Target,Pain,Target-Pain
IGKV2D-30,Target,Pain,Target-Pain
ETFA,Target,Pain,Target-Pain
KRR1,Target,Pain,Target-Pain
CD55,Target,Pain,Target-Pain
HDAC2,Target,Pain,Target-Pain
LIN28A,Target,Pain,Target-Pain
CEACAM4,Target,Pain,Target-Pain
ATP6V0A1,Target,Pain,Target-Pain
CCL23,Target,Pain,Target-Pain
CHRNA5,Target,Pain,Target-Pain
MSMB,Target,Pain,Target-Pain
TICAM1,Target,Pain,Target-Pain
HRH3,Target,Pain,Target-Pain
CCR1,Target,Pain,Target-Pain
KCNC4,Target,Pain,Target-Pain
TSC2,Target,Pain,Target-Pain
IGF2,Target,Pain,Target-Pain
CHEK1,Target,Pain,Target-Pain
MYO5A,Target,Pain,Target-Pain
RFC4,Target,Pain,Target-Pain
APOM,Target,Pain,Target-Pain
PRKG2,Target,Pain,Target-Pain
ALOX5,Target,Pain,Target-Pain
ISG20,Target,Pain,Target-Pain
SLC5A5,Target,Pain,Target-Pain
DDOST,Target,Pain,Target-Pain
PLCB1,Target,Pain,Target-Pain
AOC1,Target,Pain,Target-Pain
DAO,Target,Pain,Target-Pain
XCR1,Target,Pain,Target-Pain
GGTA1,Target,Pain,Target-Pain
TMPRSS13,Target,Pain,Target-Pain
KCNN4,Target,Pain,Target-Pain
RAPGEF4,Target,Pain,Target-Pain
ATXN3,Target,Pain,Target-Pain
CAPN2,Target,Pain,Target-Pain
ANO6,Target,Pain,Target-Pain
SNHG12,Target,Pain,Target-Pain
TPH1,Target,Pain,Target-Pain
CRMP1,Target,Pain,Target-Pain
CYP27A1,Target,Pain,Target-Pain
PTAFR,Target,Pain,Target-Pain
KCNJ1,Target,Pain,Target-Pain
PRCC,Target,Pain,Target-Pain
SOX11,Target,Pain,Target-Pain
GADD45A,Target,Pain,Target-Pain
DBP,Target,Pain,Target-Pain
LAT,Target,Pain,Target-Pain
GHRL,Target,Pain,Target-Pain
DLL1,Target,Pain,Target-Pain
FMN1,Target,Pain,Target-Pain
LMLN,Target,Pain,Target-Pain
APRT,Target,Pain,Target-Pain
AOC3,Target,Pain,Target-Pain
IGFBP7,Target,Pain,Target-Pain
CORT,Target,Pain,Target-Pain
STS,Target,Pain,Target-Pain
GBA3,Target,Pain,Target-Pain
GSN,Target,Pain,Target-Pain
HPS4,Target,Pain,Target-Pain
MAS1,Target,Pain,Target-Pain
HES1,Target,Pain,Target-Pain
TLR7,Target,Pain,Target-Pain
SULT2A1,Target,Pain,Target-Pain
OXSM,Target,Pain,Target-Pain
SHH,Target,Pain,Target-Pain
TRAF3,Target,Pain,Target-Pain
IRF3,Target,Pain,Target-Pain
CLEC4E,Target,Pain,Target-Pain
YY1,Target,Pain,Target-Pain
NONO,Target,Pain,Target-Pain
SIRT2,Target,Pain,Target-Pain
AKR1B1,Target,Pain,Target-Pain
NAT8,Target,Pain,Target-Pain
GLA,Target,Pain,Target-Pain
FGF7,Target,Pain,Target-Pain
FMO5,Target,Pain,Target-Pain
DAPK2,Target,Pain,Target-Pain
NOD2,Target,Pain,Target-Pain
CCL8,Target,Pain,Target-Pain
DBH,Target,Pain,Target-Pain
CRYGC,Target,Pain,Target-Pain
TIMP1,Target,Pain,Target-Pain
TNFAIP3,Target,Pain,Target-Pain
XDH,Target,Pain,Target-Pain
ATP6AP2,Target,Pain,Target-Pain
